path,file,n_copies,expert1,expert2,consensus,width,bilateral,dup_group,keep
E:\KNEE_fewshot\external\MedicalExpert-I\1Doubtful\DoubtfulG1 (309).png,DoubtfulG1 (309).png,1,1,1,True,300,False,0,True
E:\KNEE_fewshot\external\MedicalExpert-I\2Mild\MildG2 (83).png,MildG2 (83).png,1,2,2,True,300,False,1,True
E:\KNEE_fewshot\external\MedicalExpert-I\1Doubtful\DoubtfulG1 (261).png,DoubtfulG1 (261).png,1,1,1,True,300,False,2,True
E:\KNEE_fewshot\external\MedicalExpert-I\0Normal\NormalG0 (36).png,NormalG0 (36).png,1,0,0,True,300,False,3,True
E:\KNEE_fewshot\external\MedicalExpert-I\1Doubtful\DoubtfulG1 (155).png,DoubtfulG1 (155).png,1,1,1,True,300,False,4,True
E:\KNEE_fewshot\external\MedicalExpert-I\1Doubtful\DoubtfulG1 (3).png,DoubtfulG1 (3).png,1,1,1,True,300,False,5,True
E:\KNEE_fewshot\external\MedicalExpert-I\1Doubtful\DoubtfulG1 (236).png,DoubtfulG1 (236).png,1,1,1,True,300,False,6,True
E:\KNEE_fewshot\external\MedicalExpert-I\0Normal\NormalG0 (209).png,NormalG0 (209).png,2,0,0,True,300,False,7,True
E:\KNEE_fewshot\external\MedicalExpert-I\0Normal\NormalG0 (199).png,NormalG0 (199).png,1,0,0,True,300,False,8,True
E:\KNEE_fewshot\external\MedicalExpert-I\2Mild\MildG2 (57).png,MildG2 (57).png,1,2,2,True,300,False,9,True
E:\KNEE_fewshot\external\MedicalExpert-I\2Mild\MildG2 (99).png,MildG2 (99).png,1,2,2,True,300,False,10,True
E:\KNEE_fewshot\external\MedicalExpert-I\0Normal\NormalG0 (371).png,NormalG0 (371).png,1,0,0,True,300,False,11,True
E:\KNEE_fewshot\external\MedicalExpert-I\1Doubtful\DoubtfulG1 (350).png,DoubtfulG1 (350).png,1,1,1,True,300,False,12,True
E:\KNEE_fewshot\external\MedicalExpert-I\0Normal\NormalG0 (6).png,NormalG0 (6).png,1,0,0,True,300,False,13,True
E:\KNEE_fewshot\external\MedicalExpert-I\0Normal\NormalG0 (317).png,NormalG0 (317).png,1,0,0,True,300,False,14,True
E:\KNEE_fewshot\external\MedicalExpert-I\4Severe\SevereG4 (113).png,SevereG4 (113).png,1,4,4,True,300,False,15,True
E:\KNEE_fewshot\external\MedicalExpert-I\2Mild\MildG2 (24).png,MildG2 (24).png,1,2,2,True,300,False,16,True
E:\KNEE_fewshot\external\MedicalExpert-I\4Severe\SevereG4 (147).png,SevereG4 (147).png,1,4,4,True,300,False,17,True
E:\KNEE_fewshot\external\MedicalExpert-I\0Normal\NormalG0 (242).png,NormalG0 (242).png,2,0,0,True,300,False,18,True
E:\KNEE_fewshot\external\MedicalExpert-I\1Doubtful\DoubtfulG1 (264).png,DoubtfulG1 (264).png,1,1,1,True,300,False,19,True
E:\KNEE_fewshot\external\MedicalExpert-I\2Mild\MildG2 (97).png,MildG2 (97).png,1,2,2,True,300,False,20,True
E:\KNEE_fewshot\external\MedicalExpert-I\4Severe\SevereG4 (80).png,SevereG4 (80).png,1,4,4,True,300,False,21,True
E:\KNEE_fewshot\external\MedicalExpert-I\1Doubtful\DoubtfulG1 (262).png,DoubtfulG1 (262).png,1,1,1,True,300,False,22,True
E:\KNEE_fewshot\external\MedicalExpert-I\0Normal\NormalG0 (79).png,NormalG0 (79).png,1,0,0,True,300,False,23,True
E:\KNEE_fewshot\external\MedicalExpert-I\1Doubtful\DoubtfulG1 (219).png,DoubtfulG1 (219).png,1,1,1,True,300,False,24,True
E:\KNEE_fewshot\external\MedicalExpert-I\4Severe\SevereG4 (90).png,SevereG4 (90).png,1,4,4,True,300,False,25,True
E:\KNEE_fewshot\external\MedicalExpert-I\0Normal\NormalG0 (401).png,NormalG0 (401).png,1,0,0,True,300,False,26,True
E:\KNEE_fewshot\external\MedicalExpert-I\1Doubtful\DoubtfulG1 (94).png,DoubtfulG1 (94).png,1,1,1,True,300,False,27,True
E:\KNEE_fewshot\external\MedicalExpert-I\0Normal\NormalG0 (333).png,NormalG0 (333).png,1,0,0,True,300,False,28,True
E:\KNEE_fewshot\external\MedicalExpert-I\1Doubtful\DoubtfulG1 (64).png,DoubtfulG1 (64).png,1,1,1,True,300,False,29,True
E:\KNEE_fewshot\external\MedicalExpert-I\2Mild\MildG2 (169).png,MildG2 (169).png,1,2,2,True,300,False,30,True
E:\KNEE_fewshot\external\MedicalExpert-I\0Normal\NormalG0 (357).png,NormalG0 (357).png,1,0,0,True,300,False,31,True
E:\KNEE_fewshot\external\MedicalExpert-I\4Severe\SevereG4 (72).png,SevereG4 (72).png,1,4,4,True,300,False,32,True
E:\KNEE_fewshot\external\MedicalExpert-I\2Mild\MildG2 (35).png,MildG2 (35).png,1,2,2,True,300,False,33,True
E:\KNEE_fewshot\external\MedicalExpert-I\3Moderate\ModerateG3 (140).png,ModerateG3 (140).png,1,3,3,True,300,False,34,True
E:\KNEE_fewshot\external\MedicalExpert-I\4Severe\SevereG4 (1).png,SevereG4 (1).png,1,4,4,True,300,False,35,True
E:\KNEE_fewshot\external\MedicalExpert-I\4Severe\SevereG4 (195).png,SevereG4 (195).png,1,4,4,True,300,False,36,True
E:\KNEE_fewshot\external\MedicalExpert-I\0Normal\NormalG0 (266).png,NormalG0 (266).png,1,0,0,True,300,False,37,True
E:\KNEE_fewshot\external\MedicalExpert-I\2Mild\MildG2 (37).png,MildG2 (37).png,1,2,2,True,300,False,38,True
E:\KNEE_fewshot\external\MedicalExpert-I\0Normal\NormalG0 (171).png,NormalG0 (171).png,1,0,0,True,300,False,39,True
E:\KNEE_fewshot\external\MedicalExpert-I\4Severe\SevereG4 (156).png,SevereG4 (156).png,1,4,4,True,300,False,40,True
E:\KNEE_fewshot\external\MedicalExpert-I\1Doubtful\DoubtfulG1 (274).png,DoubtfulG1 (274).png,1,1,1,True,300,False,41,True
E:\KNEE_fewshot\external\MedicalExpert-I\0Normal\NormalG0 (226).png,NormalG0 (226).png,1,0,0,True,300,False,42,True
E:\KNEE_fewshot\external\MedicalExpert-I\4Severe\SevereG4 (186).png,SevereG4 (186).png,1,4,4,True,300,False,43,True
E:\KNEE_fewshot\external\MedicalExpert-I\0Normal\NormalG0 (139).png,NormalG0 (139).png,1,0,0,True,300,False,44,True
E:\KNEE_fewshot\external\MedicalExpert-I\2Mild\MildG2 (60).png,MildG2 (60).png,1,2,2,True,300,False,45,True
E:\KNEE_fewshot\external\MedicalExpert-I\1Doubtful\DoubtfulG1 (111).png,DoubtfulG1 (111).png,1,1,1,True,300,False,46,True
E:\KNEE_fewshot\external\MedicalExpert-I\0Normal\NormalG0 (331).png,NormalG0 (331).png,1,0,0,True,300,False,47,True
E:\KNEE_fewshot\external\MedicalExpert-I\4Severe\SevereG4 (165).png,SevereG4 (165).png,1,4,4,True,300,False,48,True
E:\KNEE_fewshot\external\MedicalExpert-I\1Doubtful\DoubtfulG1 (410).png,DoubtfulG1 (410).png,1,1,1,True,300,False,49,True
E:\KNEE_fewshot\external\MedicalExpert-I\1Doubtful\DoubtfulG1 (203).png,DoubtfulG1 (203).png,1,1,1,True,300,False,50,True
E:\KNEE_fewshot\external\MedicalExpert-I\4Severe\SevereG4 (70).png,SevereG4 (70).png,1,4,4,True,300,False,51,True
E:\KNEE_fewshot\external\MedicalExpert-I\0Normal\NormalG0 (435).png,NormalG0 (435).png,1,0,0,True,300,False,52,True
E:\KNEE_fewshot\external\MedicalExpert-I\2Mild\MildG2 (81).png,MildG2 (81).png,1,2,2,True,300,False,53,True
E:\KNEE_fewshot\external\MedicalExpert-I\0Normal\NormalG0 (12).png,NormalG0 (12).png,1,0,0,True,300,False,54,True
E:\KNEE_fewshot\external\MedicalExpert-I\3Moderate\ModerateG3 (105).png,ModerateG3 (105).png,1,3,3,True,300,False,55,True
E:\KNEE_fewshot\external\MedicalExpert-I\3Moderate\ModerateG3 (95).png,ModerateG3 (95).png,1,3,3,True,300,False,56,True
E:\KNEE_fewshot\external\MedicalExpert-I\0Normal\NormalG0 (117).png,NormalG0 (117).png,1,0,0,True,300,False,57,True
E:\KNEE_fewshot\external\MedicalExpert-I\1Doubtful\DoubtfulG1 (404).png,DoubtfulG1 (404).png,1,1,1,True,300,False,58,True
E:\KNEE_fewshot\external\MedicalExpert-I\1Doubtful\DoubtfulG1 (57).png,DoubtfulG1 (57).png,1,1,1,True,300,False,59,True
E:\KNEE_fewshot\external\MedicalExpert-I\0Normal\NormalG0 (33).png,NormalG0 (33).png,1,0,0,True,300,False,60,True
E:\KNEE_fewshot\external\MedicalExpert-I\0Normal\NormalG0 (216).png,NormalG0 (216).png,1,0,0,True,300,False,61,True
E:\KNEE_fewshot\external\MedicalExpert-I\3Moderate\ModerateG3 (162).png,ModerateG3 (162).png,1,3,3,True,300,False,62,True
E:\KNEE_fewshot\external\MedicalExpert-I\0Normal\NormalG0 (325).png,NormalG0 (325).png,1,0,0,True,300,False,63,False
E:\KNEE_fewshot\external\MedicalExpert-I\0Normal\NormalG0 (82).png,NormalG0 (82).png,1,0,0,True,300,False,64,True
E:\KNEE_fewshot\external\MedicalExpert-I\1Doubtful\DoubtfulG1 (405).png,DoubtfulG1 (405).png,1,1,1,True,300,False,65,True
E:\KNEE_fewshot\external\MedicalExpert-I\0Normal\NormalG0 (69).png,NormalG0 (69).png,1,0,0,True,300,False,66,True
E:\KNEE_fewshot\external\MedicalExpert-I\4Severe\SevereG4 (2).png,SevereG4 (2).png,1,4,4,True,300,False,67,True
E:\KNEE_fewshot\external\MedicalExpert-I\3Moderate\ModerateG3 (8).png,ModerateG3 (8).png,1,3,3,True,300,False,68,True
E:\KNEE_fewshot\external\MedicalExpert-I\1Doubtful\DoubtfulG1 (368).png,DoubtfulG1 (368).png,1,1,1,True,300,False,69,True
E:\KNEE_fewshot\external\MedicalExpert-I\3Moderate\ModerateG3 (16).png,ModerateG3 (16).png,1,3,3,True,300,False,70,True
E:\KNEE_fewshot\external\MedicalExpert-I\1Doubtful\DoubtfulG1 (363).png,DoubtfulG1 (363).png,1,1,1,True,300,False,71,True
E:\KNEE_fewshot\external\MedicalExpert-I\1Doubtful\DoubtfulG1 (142).png,DoubtfulG1 (142).png,1,1,1,True,300,False,72,True
E:\KNEE_fewshot\external\MedicalExpert-I\0Normal\NormalG0 (68).png,NormalG0 (68).png,1,0,0,True,300,False,73,True
E:\KNEE_fewshot\external\MedicalExpert-I\1Doubtful\DoubtfulG1 (138).png,DoubtfulG1 (138).png,1,1,1,True,300,False,74,True
E:\KNEE_fewshot\external\MedicalExpert-I\1Doubtful\DoubtfulG1 (434).png,DoubtfulG1 (434).png,1,1,1,True,300,False,75,True
E:\KNEE_fewshot\external\MedicalExpert-I\0Normal\NormalG0 (326).png,NormalG0 (326).png,1,0,0,True,300,False,76,True
E:\KNEE_fewshot\external\MedicalExpert-I\0Normal\NormalG0 (271).png,NormalG0 (271).png,1,0,0,True,300,False,77,True
E:\KNEE_fewshot\external\MedicalExpert-I\3Moderate\ModerateG3 (41).png,ModerateG3 (41).png,1,3,3,True,300,False,78,True
E:\KNEE_fewshot\external\MedicalExpert-I\0Normal\NormalG0 (179).png,NormalG0 (179).png,1,0,0,True,300,False,79,True
E:\KNEE_fewshot\external\MedicalExpert-I\3Moderate\ModerateG3 (166).png,ModerateG3 (166).png,1,3,3,True,300,False,80,True
E:\KNEE_fewshot\external\MedicalExpert-I\1Doubtful\DoubtfulG1 (99).png,DoubtfulG1 (99).png,1,1,1,True,300,False,81,True
E:\KNEE_fewshot\external\MedicalExpert-I\1Doubtful\DoubtfulG1 (293).png,DoubtfulG1 (293).png,1,1,1,True,300,False,82,True
E:\KNEE_fewshot\external\MedicalExpert-I\3Moderate\ModerateG3 (19).png,ModerateG3 (19).png,1,3,3,True,300,False,83,True
E:\KNEE_fewshot\external\MedicalExpert-I\0Normal\NormalG0 (155).png,NormalG0 (155).png,1,0,0,True,300,False,84,True
E:\KNEE_fewshot\external\MedicalExpert-I\4Severe\SevereG4 (177).png,SevereG4 (177).png,1,4,4,True,300,False,85,True
E:\KNEE_fewshot\external\MedicalExpert-I\3Moderate\ModerateG3 (168).png,ModerateG3 (168).png,1,3,3,True,300,False,86,True
E:\KNEE_fewshot\external\MedicalExpert-I\4Severe\SevereG4 (53).png,SevereG4 (53).png,1,4,4,True,300,False,87,True
E:\KNEE_fewshot\external\MedicalExpert-I\4Severe\SevereG4 (205).png,SevereG4 (205).png,1,4,4,True,300,False,88,True
E:\KNEE_fewshot\external\MedicalExpert-I\1Doubtful\DoubtfulG1 (178).png,DoubtfulG1 (178).png,1,1,1,True,300,False,89,True
E:\KNEE_fewshot\external\MedicalExpert-I\3Moderate\ModerateG3 (116).png,ModerateG3 (116).png,1,3,3,True,300,False,90,True
E:\KNEE_fewshot\external\MedicalExpert-I\2Mild\MildG2 (36).png,MildG2 (36).png,1,2,2,True,300,False,91,True
E:\KNEE_fewshot\external\MedicalExpert-I\2Mild\MildG2 (15).png,MildG2 (15).png,1,2,2,True,300,False,92,True
E:\KNEE_fewshot\external\MedicalExpert-I\3Moderate\ModerateG3 (156).png,ModerateG3 (156).png,1,3,3,True,300,False,93,True
E:\KNEE_fewshot\external\MedicalExpert-I\1Doubtful\DoubtfulG1 (417).png,DoubtfulG1 (417).png,1,1,1,True,300,False,94,True
E:\KNEE_fewshot\external\MedicalExpert-I\1Doubtful\DoubtfulG1 (427).png,DoubtfulG1 (427).png,1,1,1,True,300,False,95,True
E:\KNEE_fewshot\external\MedicalExpert-I\2Mild\MildG2 (138).png,MildG2 (138).png,1,2,2,True,300,False,96,True
E:\KNEE_fewshot\external\MedicalExpert-I\0Normal\NormalG0 (269).png,NormalG0 (269).png,1,0,0,True,300,False,97,True
E:\KNEE_fewshot\external\MedicalExpert-I\0Normal\NormalG0 (356).png,NormalG0 (356).png,1,0,0,True,300,False,98,True
E:\KNEE_fewshot\external\MedicalExpert-I\1Doubtful\DoubtfulG1 (305).png,DoubtfulG1 (305).png,1,1,1,True,300,False,99,True
E:\KNEE_fewshot\external\MedicalExpert-I\1Doubtful\DoubtfulG1 (359).png,DoubtfulG1 (359).png,1,1,1,True,300,False,100,True
E:\KNEE_fewshot\external\MedicalExpert-I\0Normal\NormalG0 (46).png,NormalG0 (46).png,1,0,0,True,300,False,101,True
E:\KNEE_fewshot\external\MedicalExpert-I\2Mild\MildG2 (33).png,MildG2 (33).png,1,2,2,True,300,False,102,True
E:\KNEE_fewshot\external\MedicalExpert-I\4Severe\SevereG4 (95).png,SevereG4 (95).png,1,4,4,True,300,False,103,True
E:\KNEE_fewshot\external\MedicalExpert-I\1Doubtful\DoubtfulG1 (246).png,DoubtfulG1 (246).png,1,1,1,True,300,False,104,True
E:\KNEE_fewshot\external\MedicalExpert-I\0Normal\NormalG0 (259).png,NormalG0 (259).png,1,0,0,True,300,False,105,True
E:\KNEE_fewshot\external\MedicalExpert-I\0Normal\NormalG0 (305).png,NormalG0 (305).png,1,0,0,True,300,False,106,True
E:\KNEE_fewshot\external\MedicalExpert-I\1Doubtful\DoubtfulG1 (423).png,DoubtfulG1 (423).png,1,1,1,True,300,False,107,True
E:\KNEE_fewshot\external\MedicalExpert-I\0Normal\NormalG0 (224).png,NormalG0 (224).png,1,0,0,True,300,False,108,True
E:\KNEE_fewshot\external\MedicalExpert-I\1Doubtful\DoubtfulG1 (406).png,DoubtfulG1 (406).png,1,1,1,True,300,False,109,True
E:\KNEE_fewshot\external\MedicalExpert-I\4Severe\SevereG4 (86).png,SevereG4 (86).png,1,4,4,True,300,False,110,True
E:\KNEE_fewshot\external\MedicalExpert-I\0Normal\NormalG0 (278).png,NormalG0 (278).png,1,0,0,True,300,False,111,True
E:\KNEE_fewshot\external\MedicalExpert-I\1Doubtful\DoubtfulG1 (9).png,DoubtfulG1 (9).png,1,1,1,True,300,False,112,True
E:\KNEE_fewshot\external\MedicalExpert-I\3Moderate\ModerateG3 (146).png,ModerateG3 (146).png,1,3,3,True,300,False,113,True
E:\KNEE_fewshot\external\MedicalExpert-I\0Normal\NormalG0 (275).png,NormalG0 (275).png,1,0,0,True,300,False,114,True
E:\KNEE_fewshot\external\MedicalExpert-I\2Mild\MildG2 (190).png,MildG2 (190).png,1,2,2,True,300,False,115,True
E:\KNEE_fewshot\external\MedicalExpert-I\4Severe\SevereG4 (74).png,SevereG4 (74).png,1,4,4,True,300,False,116,True
E:\KNEE_fewshot\external\MedicalExpert-I\0Normal\NormalG0 (347).png,NormalG0 (347).png,1,0,0,True,300,False,117,True
E:\KNEE_fewshot\external\MedicalExpert-I\1Doubtful\DoubtfulG1 (431).png,DoubtfulG1 (431).png,1,1,1,True,300,False,118,True
E:\KNEE_fewshot\external\MedicalExpert-I\0Normal\NormalG0 (118).png,NormalG0 (118).png,1,0,0,True,300,False,119,True
E:\KNEE_fewshot\external\MedicalExpert-I\1Doubtful\DoubtfulG1 (199).png,DoubtfulG1 (199).png,1,1,1,True,300,False,120,True
E:\KNEE_fewshot\external\MedicalExpert-I\4Severe\SevereG4 (10).png,SevereG4 (10).png,1,4,4,True,300,False,121,True
E:\KNEE_fewshot\external\MedicalExpert-I\0Normal\NormalG0 (32).png,NormalG0 (32).png,1,0,0,True,300,False,122,True
E:\KNEE_fewshot\external\MedicalExpert-I\3Moderate\ModerateG3 (72).png,ModerateG3 (72).png,1,3,3,True,300,False,123,True
E:\KNEE_fewshot\external\MedicalExpert-I\0Normal\NormalG0 (408).png,NormalG0 (408).png,1,0,0,True,300,False,124,True
E:\KNEE_fewshot\external\MedicalExpert-I\1Doubtful\DoubtfulG1 (209).png,DoubtfulG1 (209).png,1,1,1,True,300,False,125,True
E:\KNEE_fewshot\external\MedicalExpert-I\1Doubtful\DoubtfulG1 (416).png,DoubtfulG1 (416).png,1,1,1,True,300,False,126,True
E:\KNEE_fewshot\external\MedicalExpert-I\0Normal\NormalG0 (341).png,NormalG0 (341).png,1,0,0,True,300,False,127,True
E:\KNEE_fewshot\external\MedicalExpert-I\2Mild\MildG2 (72).png,MildG2 (72).png,1,2,2,True,300,False,128,True
E:\KNEE_fewshot\external\MedicalExpert-I\0Normal\NormalG0 (267).png,NormalG0 (267).png,1,0,0,True,300,False,129,True
E:\KNEE_fewshot\external\MedicalExpert-I\1Doubtful\DoubtfulG1 (226).png,DoubtfulG1 (226).png,1,1,1,True,300,False,130,True
E:\KNEE_fewshot\external\MedicalExpert-I\4Severe\SevereG4 (145).png,SevereG4 (145).png,1,4,4,True,300,False,131,True
E:\KNEE_fewshot\external\MedicalExpert-I\1Doubtful\DoubtfulG1 (5).png,DoubtfulG1 (5).png,1,1,1,True,300,False,132,True
E:\KNEE_fewshot\external\MedicalExpert-I\1Doubtful\DoubtfulG1 (229).png,DoubtfulG1 (229).png,1,1,1,True,300,False,133,True
E:\KNEE_fewshot\external\MedicalExpert-I\0Normal\NormalG0 (312).png,NormalG0 (312).png,1,0,0,True,300,False,134,True
E:\KNEE_fewshot\external\MedicalExpert-I\2Mild\MildG2 (14).png,MildG2 (14).png,1,2,2,True,300,False,135,True
E:\KNEE_fewshot\external\MedicalExpert-I\1Doubtful\DoubtfulG1 (247).png,DoubtfulG1 (247).png,1,1,1,True,300,False,136,True
E:\KNEE_fewshot\external\MedicalExpert-I\4Severe\SevereG4 (167).png,SevereG4 (167).png,1,4,4,True,300,False,137,True
E:\KNEE_fewshot\external\MedicalExpert-I\3Moderate\ModerateG3 (86).png,ModerateG3 (86).png,1,3,3,True,300,False,138,True
E:\KNEE_fewshot\external\MedicalExpert-I\4Severe\SevereG4 (8).png,SevereG4 (8).png,1,4,4,True,300,False,139,True
E:\KNEE_fewshot\external\MedicalExpert-I\0Normal\NormalG0 (109).png,NormalG0 (109).png,1,0,0,True,300,False,140,True
E:\KNEE_fewshot\external\MedicalExpert-I\1Doubtful\DoubtfulG1 (136).png,DoubtfulG1 (136).png,1,1,1,True,300,False,141,True
E:\KNEE_fewshot\external\MedicalExpert-I\0Normal\NormalG0 (86).png,NormalG0 (86).png,1,0,0,True,300,False,142,True
E:\KNEE_fewshot\external\MedicalExpert-I\0Normal\NormalG0 (66).png,NormalG0 (66).png,1,0,0,True,300,False,143,True
E:\KNEE_fewshot\external\MedicalExpert-I\0Normal\NormalG0 (102).png,NormalG0 (102).png,1,0,0,True,300,False,144,True
E:\KNEE_fewshot\external\MedicalExpert-I\3Moderate\ModerateG3 (36).png,ModerateG3 (36).png,1,3,3,True,300,False,145,True
E:\KNEE_fewshot\external\MedicalExpert-I\2Mild\MildG2 (91).png,MildG2 (91).png,1,2,2,True,300,False,146,True
E:\KNEE_fewshot\external\MedicalExpert-I\4Severe\SevereG4 (107).png,SevereG4 (107).png,1,4,4,True,300,False,147,True
E:\KNEE_fewshot\external\MedicalExpert-I\1Doubtful\DoubtfulG1 (96).png,DoubtfulG1 (96).png,1,1,1,True,300,False,148,True
E:\KNEE_fewshot\external\MedicalExpert-I\1Doubtful\DoubtfulG1 (387).png,DoubtfulG1 (387).png,1,1,1,True,300,False,149,True
E:\KNEE_fewshot\external\MedicalExpert-I\0Normal\NormalG0 (361).png,NormalG0 (361).png,1,0,0,True,300,False,150,True
E:\KNEE_fewshot\external\MedicalExpert-I\1Doubtful\DoubtfulG1 (223).png,DoubtfulG1 (223).png,1,1,1,True,300,False,151,True
E:\KNEE_fewshot\external\MedicalExpert-I\1Doubtful\DoubtfulG1 (158).png,DoubtfulG1 (158).png,1,1,1,True,300,False,152,True
E:\KNEE_fewshot\external\MedicalExpert-I\0Normal\NormalG0 (127).png,NormalG0 (127).png,1,0,0,True,300,False,153,True
E:\KNEE_fewshot\external\MedicalExpert-I\1Doubtful\DoubtfulG1 (12).png,DoubtfulG1 (12).png,1,1,1,True,300,False,154,True
E:\KNEE_fewshot\external\MedicalExpert-I\4Severe\SevereG4 (153).png,SevereG4 (153).png,1,4,4,True,300,False,155,True
E:\KNEE_fewshot\external\MedicalExpert-I\2Mild\MildG2 (131).png,MildG2 (131).png,1,2,2,True,300,False,156,True
E:\KNEE_fewshot\external\MedicalExpert-I\3Moderate\ModerateG3 (106).png,ModerateG3 (106).png,1,3,3,True,300,False,157,True
E:\KNEE_fewshot\external\MedicalExpert-I\0Normal\NormalG0 (279).png,NormalG0 (279).png,1,0,0,True,300,False,158,True
E:\KNEE_fewshot\external\MedicalExpert-I\1Doubtful\DoubtfulG1 (224).png,DoubtfulG1 (224).png,1,1,1,True,300,False,159,True
E:\KNEE_fewshot\external\MedicalExpert-I\2Mild\MildG2 (132).png,MildG2 (132).png,1,2,2,True,300,False,160,True
E:\KNEE_fewshot\external\MedicalExpert-I\3Moderate\ModerateG3 (100).png,ModerateG3 (100).png,1,3,3,True,300,False,161,True
E:\KNEE_fewshot\external\MedicalExpert-I\1Doubtful\DoubtfulG1 (170).png,DoubtfulG1 (170).png,1,1,1,True,300,False,162,True
E:\KNEE_fewshot\external\MedicalExpert-I\3Moderate\ModerateG3 (67).png,ModerateG3 (67).png,1,3,3,True,300,False,163,True
E:\KNEE_fewshot\external\MedicalExpert-I\1Doubtful\DoubtfulG1 (132).png,DoubtfulG1 (132).png,1,1,1,True,300,False,164,True
E:\KNEE_fewshot\external\MedicalExpert-I\2Mild\MildG2 (75).png,MildG2 (75).png,1,2,2,True,300,False,165,True
E:\KNEE_fewshot\external\MedicalExpert-I\2Mild\MildG2 (137).png,MildG2 (137).png,1,2,2,True,300,False,166,True
E:\KNEE_fewshot\external\MedicalExpert-I\2Mild\MildG2 (178).png,MildG2 (178).png,1,2,2,True,300,False,167,True
E:\KNEE_fewshot\external\MedicalExpert-I\3Moderate\ModerateG3 (53).png,ModerateG3 (53).png,1,3,3,True,300,False,168,True
E:\KNEE_fewshot\external\MedicalExpert-I\2Mild\MildG2 (141).png,MildG2 (141).png,1,2,2,True,300,False,169,True
E:\KNEE_fewshot\external\MedicalExpert-I\1Doubtful\DoubtfulG1 (46).png,DoubtfulG1 (46).png,1,1,1,True,300,False,170,True
E:\KNEE_fewshot\external\MedicalExpert-I\1Doubtful\DoubtfulG1 (79).png,DoubtfulG1 (79).png,1,1,1,True,300,False,171,True
E:\KNEE_fewshot\external\MedicalExpert-I\1Doubtful\DoubtfulG1 (116).png,DoubtfulG1 (116).png,1,1,1,True,300,False,172,True
E:\KNEE_fewshot\external\MedicalExpert-I\1Doubtful\DoubtfulG1 (168).png,DoubtfulG1 (168).png,1,1,1,True,300,False,173,True
E:\KNEE_fewshot\external\MedicalExpert-I\1Doubtful\DoubtfulG1 (396).png,DoubtfulG1 (396).png,1,1,1,True,300,False,174,True
E:\KNEE_fewshot\external\MedicalExpert-I\1Doubtful\DoubtfulG1 (279).png,DoubtfulG1 (279).png,1,1,1,True,300,False,175,True
E:\KNEE_fewshot\external\MedicalExpert-I\4Severe\SevereG4 (101).png,SevereG4 (101).png,1,4,4,True,300,False,176,True
E:\KNEE_fewshot\external\MedicalExpert-I\0Normal\NormalG0 (274).png,NormalG0 (274).png,2,0,0,True,300,False,150,False
E:\KNEE_fewshot\external\MedicalExpert-I\1Doubtful\DoubtfulG1 (415).png,DoubtfulG1 (415).png,1,1,1,True,300,False,177,True
E:\KNEE_fewshot\external\MedicalExpert-I\1Doubtful\DoubtfulG1 (140).png,DoubtfulG1 (140).png,1,1,1,True,300,False,178,True
E:\KNEE_fewshot\external\MedicalExpert-I\0Normal\NormalG0 (54).png,NormalG0 (54).png,1,0,0,True,300,False,179,True
E:\KNEE_fewshot\external\MedicalExpert-I\2Mild\MildG2 (164).png,MildG2 (164).png,1,2,2,True,300,False,180,True
E:\KNEE_fewshot\external\MedicalExpert-I\0Normal\NormalG0 (161).png,NormalG0 (161).png,1,0,0,True,300,False,181,True
E:\KNEE_fewshot\external\MedicalExpert-I\2Mild\MildG2 (123).png,MildG2 (123).png,1,2,2,True,300,False,96,False
E:\KNEE_fewshot\external\MedicalExpert-I\1Doubtful\DoubtfulG1 (288).png,DoubtfulG1 (288).png,1,1,1,True,300,False,182,True
E:\KNEE_fewshot\external\MedicalExpert-I\4Severe\SevereG4 (181).png,SevereG4 (181).png,1,4,4,True,300,False,183,True
E:\KNEE_fewshot\external\MedicalExpert-I\0Normal\NormalG0 (223).png,NormalG0 (223).png,2,0,0,True,300,False,184,True
E:\KNEE_fewshot\external\MedicalExpert-I\1Doubtful\DoubtfulG1 (437).png,DoubtfulG1 (437).png,1,1,1,True,300,False,185,True
E:\KNEE_fewshot\external\MedicalExpert-I\2Mild\MildG2 (191).png,MildG2 (191).png,1,2,2,True,300,False,186,True
E:\KNEE_fewshot\external\MedicalExpert-I\4Severe\SevereG4 (116).png,SevereG4 (116).png,1,4,4,True,300,False,187,True
E:\KNEE_fewshot\external\MedicalExpert-I\0Normal\NormalG0 (190).png,NormalG0 (190).png,1,0,0,True,300,False,188,True
E:\KNEE_fewshot\external\MedicalExpert-I\0Normal\NormalG0 (52).png,NormalG0 (52).png,1,0,0,True,300,False,189,True
E:\KNEE_fewshot\external\MedicalExpert-I\0Normal\NormalG0 (276).png,NormalG0 (276).png,1,0,0,True,300,False,190,True
E:\KNEE_fewshot\external\MedicalExpert-I\1Doubtful\DoubtfulG1 (324).png,DoubtfulG1 (324).png,1,1,1,True,300,False,191,True
E:\KNEE_fewshot\external\MedicalExpert-I\1Doubtful\DoubtfulG1 (233).png,DoubtfulG1 (233).png,1,1,1,True,300,False,192,True
E:\KNEE_fewshot\external\MedicalExpert-I\1Doubtful\DoubtfulG1 (301).png,DoubtfulG1 (301).png,1,1,1,True,300,False,193,True
E:\KNEE_fewshot\external\MedicalExpert-I\0Normal\NormalG0 (405).png,NormalG0 (405).png,1,0,0,True,300,False,194,True
E:\KNEE_fewshot\external\MedicalExpert-I\2Mild\MildG2 (106).png,MildG2 (106).png,2,2,2,True,300,False,195,True
E:\KNEE_fewshot\external\MedicalExpert-I\2Mild\MildG2 (96).png,MildG2 (96).png,1,2,2,True,300,False,196,True
E:\KNEE_fewshot\external\MedicalExpert-I\3Moderate\ModerateG3 (79).png,ModerateG3 (79).png,1,3,3,True,300,False,197,True
E:\KNEE_fewshot\external\MedicalExpert-I\4Severe\SevereG4 (96).png,SevereG4 (96).png,1,4,4,True,300,False,198,True
E:\KNEE_fewshot\external\MedicalExpert-I\4Severe\SevereG4 (198).png,SevereG4 (198).png,1,4,4,True,300,False,199,True
E:\KNEE_fewshot\external\MedicalExpert-I\1Doubtful\DoubtfulG1 (239).png,DoubtfulG1 (239).png,1,1,1,True,300,False,200,True
E:\KNEE_fewshot\external\MedicalExpert-I\0Normal\NormalG0 (349).png,NormalG0 (349).png,1,0,0,True,300,False,47,False
E:\KNEE_fewshot\external\MedicalExpert-I\4Severe\SevereG4 (185).png,SevereG4 (185).png,1,4,4,True,300,False,201,True
E:\KNEE_fewshot\external\MedicalExpert-I\1Doubtful\DoubtfulG1 (97).png,DoubtfulG1 (97).png,1,1,1,True,300,False,202,True
E:\KNEE_fewshot\external\MedicalExpert-I\0Normal\NormalG0 (132).png,NormalG0 (132).png,1,0,0,True,300,False,203,True
E:\KNEE_fewshot\external\MedicalExpert-I\1Doubtful\DoubtfulG1 (263).png,DoubtfulG1 (263).png,1,1,1,True,300,False,204,True
E:\KNEE_fewshot\external\MedicalExpert-I\2Mild\MildG2 (133).png,MildG2 (133).png,1,2,2,True,300,False,205,True
E:\KNEE_fewshot\external\MedicalExpert-I\0Normal\NormalG0 (254).png,NormalG0 (254).png,1,0,0,True,300,False,206,True
E:\KNEE_fewshot\external\MedicalExpert-I\1Doubtful\DoubtfulG1 (428).png,DoubtfulG1 (428).png,1,1,1,True,300,False,207,True
E:\KNEE_fewshot\external\MedicalExpert-I\4Severe\SevereG4 (133).png,SevereG4 (133).png,1,4,4,True,300,False,208,True
E:\KNEE_fewshot\external\MedicalExpert-I\1Doubtful\DoubtfulG1 (11).png,DoubtfulG1 (11).png,1,1,1,True,300,False,209,True
E:\KNEE_fewshot\external\MedicalExpert-I\2Mild\MildG2 (155).png,MildG2 (155).png,1,2,2,True,300,False,210,True
E:\KNEE_fewshot\external\MedicalExpert-I\1Doubtful\DoubtfulG1 (198).png,DoubtfulG1 (198).png,1,1,1,True,300,False,211,True
E:\KNEE_fewshot\external\MedicalExpert-I\0Normal\NormalG0 (418).png,NormalG0 (418).png,1,0,0,True,300,False,212,True
E:\KNEE_fewshot\external\MedicalExpert-I\3Moderate\ModerateG3 (74).png,ModerateG3 (74).png,1,3,3,True,300,False,213,True
E:\KNEE_fewshot\external\MedicalExpert-I\4Severe\SevereG4 (176).png,SevereG4 (176).png,1,4,4,True,300,False,214,True
E:\KNEE_fewshot\external\MedicalExpert-I\1Doubtful\DoubtfulG1 (316).png,DoubtfulG1 (316).png,1,1,1,True,300,False,215,True
E:\KNEE_fewshot\external\MedicalExpert-I\2Mild\MildG2 (183).png,MildG2 (183).png,1,2,2,True,300,False,216,True
E:\KNEE_fewshot\external\MedicalExpert-I\3Moderate\ModerateG3 (83).png,ModerateG3 (83).png,1,3,3,True,300,False,217,True
E:\KNEE_fewshot\external\MedicalExpert-I\2Mild\MildG2 (179).png,MildG2 (179).png,1,2,2,True,300,False,218,True
E:\KNEE_fewshot\external\MedicalExpert-I\0Normal\NormalG0 (63).png,NormalG0 (63).png,1,0,0,True,300,False,219,True
E:\KNEE_fewshot\external\MedicalExpert-I\3Moderate\ModerateG3 (29).png,ModerateG3 (29).png,1,3,3,True,300,False,220,True
E:\KNEE_fewshot\external\MedicalExpert-I\0Normal\NormalG0 (124).png,NormalG0 (124).png,1,0,0,True,300,False,221,True
E:\KNEE_fewshot\external\MedicalExpert-I\0Normal\NormalG0 (89).png,NormalG0 (89).png,1,0,0,True,300,False,222,True
E:\KNEE_fewshot\external\MedicalExpert-I\1Doubtful\DoubtfulG1 (90).png,DoubtfulG1 (90).png,1,1,1,True,300,False,223,True
E:\KNEE_fewshot\external\MedicalExpert-I\0Normal\NormalG0 (419).png,NormalG0 (419).png,1,0,0,True,300,False,224,True
E:\KNEE_fewshot\external\MedicalExpert-I\3Moderate\ModerateG3 (57).png,ModerateG3 (57).png,1,3,3,True,300,False,225,True
E:\KNEE_fewshot\external\MedicalExpert-I\0Normal\NormalG0 (57).png,NormalG0 (57).png,1,0,0,True,300,False,226,True
E:\KNEE_fewshot\external\MedicalExpert-I\1Doubtful\DoubtfulG1 (365).png,DoubtfulG1 (365).png,1,1,1,True,300,False,227,True
E:\KNEE_fewshot\external\MedicalExpert-I\1Doubtful\DoubtfulG1 (228).png,DoubtfulG1 (228).png,1,1,1,True,300,False,228,True
E:\KNEE_fewshot\external\MedicalExpert-I\2Mild\MildG2 (34).png,MildG2 (34).png,1,2,2,True,300,False,229,True
E:\KNEE_fewshot\external\MedicalExpert-I\0Normal\NormalG0 (144).png,NormalG0 (144).png,1,0,0,True,300,False,230,True
E:\KNEE_fewshot\external\MedicalExpert-I\1Doubtful\DoubtfulG1 (60).png,DoubtfulG1 (60).png,1,1,1,True,300,False,231,True
E:\KNEE_fewshot\external\MedicalExpert-I\0Normal\NormalG0 (116).png,NormalG0 (116).png,1,0,0,True,300,False,232,True
E:\KNEE_fewshot\external\MedicalExpert-I\1Doubtful\DoubtfulG1 (296).png,DoubtfulG1 (296).png,1,1,1,True,300,False,233,True
E:\KNEE_fewshot\external\MedicalExpert-I\0Normal\NormalG0 (20).png,NormalG0 (20).png,1,0,0,True,300,False,234,True
E:\KNEE_fewshot\external\MedicalExpert-I\3Moderate\ModerateG3 (70).png,ModerateG3 (70).png,1,3,3,True,300,False,235,True
E:\KNEE_fewshot\external\MedicalExpert-I\1Doubtful\DoubtfulG1 (87).png,DoubtfulG1 (87).png,1,1,1,True,300,False,236,True
E:\KNEE_fewshot\external\MedicalExpert-I\0Normal\NormalG0 (31).png,NormalG0 (31).png,1,0,0,True,300,False,237,True
E:\KNEE_fewshot\external\MedicalExpert-I\4Severe\SevereG4 (199).png,SevereG4 (199).png,1,4,4,True,300,False,238,True
E:\KNEE_fewshot\external\MedicalExpert-I\1Doubtful\DoubtfulG1 (164).png,DoubtfulG1 (164).png,1,1,1,True,300,False,239,True
E:\KNEE_fewshot\external\MedicalExpert-I\1Doubtful\DoubtfulG1 (159).png,DoubtfulG1 (159).png,1,1,1,True,300,False,240,True
E:\KNEE_fewshot\external\MedicalExpert-I\0Normal\NormalG0 (91).png,NormalG0 (91).png,1,0,0,True,300,False,241,True
E:\KNEE_fewshot\external\MedicalExpert-I\2Mild\MildG2 (1).png,MildG2 (1).png,1,2,2,True,300,False,242,True
E:\KNEE_fewshot\external\MedicalExpert-I\4Severe\SevereG4 (46).png,SevereG4 (46).png,1,4,4,True,300,False,243,True
E:\KNEE_fewshot\external\MedicalExpert-I\0Normal\NormalG0 (329).png,NormalG0 (329).png,1,0,0,True,300,False,244,True
E:\KNEE_fewshot\external\MedicalExpert-I\4Severe\SevereG4 (161).png,SevereG4 (161).png,1,4,4,True,300,False,245,True
E:\KNEE_fewshot\external\MedicalExpert-I\2Mild\MildG2 (107).png,MildG2 (107).png,1,2,2,True,300,False,246,True
E:\KNEE_fewshot\external\MedicalExpert-I\1Doubtful\DoubtfulG1 (307).png,DoubtfulG1 (307).png,1,1,1,True,300,False,247,True
E:\KNEE_fewshot\external\MedicalExpert-I\2Mild\MildG2 (139).png,MildG2 (139).png,1,2,2,True,300,False,248,True
E:\KNEE_fewshot\external\MedicalExpert-I\2Mild\MildG2 (120).png,MildG2 (120).png,1,2,2,True,300,False,249,True
E:\KNEE_fewshot\external\MedicalExpert-I\1Doubtful\DoubtfulG1 (49).png,DoubtfulG1 (49).png,1,1,1,True,300,False,250,True
E:\KNEE_fewshot\external\MedicalExpert-I\3Moderate\ModerateG3 (77).png,ModerateG3 (77).png,2,3,3,True,300,False,251,True
E:\KNEE_fewshot\external\MedicalExpert-I\0Normal\NormalG0 (378).png,NormalG0 (378).png,1,0,0,True,300,False,150,False
E:\KNEE_fewshot\external\MedicalExpert-I\0Normal\NormalG0 (313).png,NormalG0 (313).png,1,0,0,True,300,False,252,True
E:\KNEE_fewshot\external\MedicalExpert-I\1Doubtful\DoubtfulG1 (319).png,DoubtfulG1 (319).png,1,1,1,True,300,False,253,True
E:\KNEE_fewshot\external\MedicalExpert-I\4Severe\SevereG4 (112).png,SevereG4 (112).png,1,4,4,True,300,False,254,True
E:\KNEE_fewshot\external\MedicalExpert-I\2Mild\MildG2 (18).png,MildG2 (18).png,1,2,2,True,300,False,255,True
E:\KNEE_fewshot\external\MedicalExpert-I\1Doubtful\DoubtfulG1 (436).png,DoubtfulG1 (436).png,1,1,1,True,300,False,256,True
E:\KNEE_fewshot\external\MedicalExpert-I\2Mild\MildG2 (113).png,MildG2 (113).png,1,2,2,True,300,False,257,True
E:\KNEE_fewshot\external\MedicalExpert-I\4Severe\SevereG4 (143).png,SevereG4 (143).png,1,4,4,True,300,False,258,True
E:\KNEE_fewshot\external\MedicalExpert-I\0Normal\NormalG0 (438).png,NormalG0 (438).png,1,0,0,True,300,False,259,True
E:\KNEE_fewshot\external\MedicalExpert-I\1Doubtful\DoubtfulG1 (291).png,DoubtfulG1 (291).png,1,1,1,True,300,False,260,True
E:\KNEE_fewshot\external\MedicalExpert-I\1Doubtful\DoubtfulG1 (258).png,DoubtfulG1 (258).png,1,1,1,True,300,False,261,True
E:\KNEE_fewshot\external\MedicalExpert-I\0Normal\NormalG0 (319).png,NormalG0 (319).png,1,0,0,True,300,False,262,True
E:\KNEE_fewshot\external\MedicalExpert-I\1Doubtful\DoubtfulG1 (166).png,DoubtfulG1 (166).png,1,1,1,True,300,False,231,False
E:\KNEE_fewshot\external\MedicalExpert-I\4Severe\SevereG4 (48).png,SevereG4 (48).png,1,4,4,True,300,False,263,True
E:\KNEE_fewshot\external\MedicalExpert-I\0Normal\NormalG0 (30).png,NormalG0 (30).png,1,0,0,True,300,False,264,True
E:\KNEE_fewshot\external\MedicalExpert-I\0Normal\NormalG0 (412).png,NormalG0 (412).png,1,0,0,True,300,False,265,True
E:\KNEE_fewshot\external\MedicalExpert-I\1Doubtful\DoubtfulG1 (282).png,DoubtfulG1 (282).png,1,1,1,True,300,False,266,True
E:\KNEE_fewshot\external\MedicalExpert-I\2Mild\MildG2 (142).png,MildG2 (142).png,1,2,2,True,300,False,267,True
E:\KNEE_fewshot\external\MedicalExpert-I\1Doubtful\DoubtfulG1 (227).png,DoubtfulG1 (227).png,1,1,1,True,300,False,268,True
E:\KNEE_fewshot\external\MedicalExpert-I\4Severe\SevereG4 (128).png,SevereG4 (128).png,1,4,4,True,300,False,269,True
E:\KNEE_fewshot\external\MedicalExpert-I\4Severe\SevereG4 (103).png,SevereG4 (103).png,1,4,4,True,300,False,270,True
E:\KNEE_fewshot\external\MedicalExpert-I\1Doubtful\DoubtfulG1 (242).png,DoubtfulG1 (242).png,1,1,1,True,300,False,271,True
E:\KNEE_fewshot\external\MedicalExpert-I\0Normal\NormalG0 (342).png,NormalG0 (342).png,1,0,0,True,300,False,272,True
E:\KNEE_fewshot\external\MedicalExpert-I\3Moderate\ModerateG3 (155).png,ModerateG3 (155).png,1,3,3,True,300,False,273,True
E:\KNEE_fewshot\external\MedicalExpert-I\3Moderate\ModerateG3 (64).png,ModerateG3 (64).png,1,3,3,True,300,False,274,True
E:\KNEE_fewshot\external\MedicalExpert-I\0Normal\NormalG0 (320).png,NormalG0 (320).png,1,0,0,True,300,False,275,True
E:\KNEE_fewshot\external\MedicalExpert-I\4Severe\SevereG4 (68).png,SevereG4 (68).png,1,4,4,True,300,False,276,True
E:\KNEE_fewshot\external\MedicalExpert-I\0Normal\NormalG0 (308).png,NormalG0 (308).png,1,0,0,True,300,False,277,True
E:\KNEE_fewshot\external\MedicalExpert-I\2Mild\MildG2 (115).png,MildG2 (115).png,1,2,2,True,300,False,278,True
E:\KNEE_fewshot\external\MedicalExpert-I\0Normal\NormalG0 (40).png,NormalG0 (40).png,1,0,0,True,300,False,279,True
E:\KNEE_fewshot\external\MedicalExpert-I\1Doubtful\DoubtfulG1 (392).png,DoubtfulG1 (392).png,1,1,1,True,300,False,280,True
E:\KNEE_fewshot\external\MedicalExpert-I\0Normal\NormalG0 (162).png,NormalG0 (162).png,1,0,0,True,300,False,281,True
E:\KNEE_fewshot\external\MedicalExpert-I\1Doubtful\DoubtfulG1 (58).png,DoubtfulG1 (58).png,1,1,1,True,300,False,282,True
E:\KNEE_fewshot\external\MedicalExpert-I\3Moderate\ModerateG3 (81).png,ModerateG3 (81).png,1,3,3,True,300,False,283,True
E:\KNEE_fewshot\external\MedicalExpert-I\2Mild\MildG2 (136).png,MildG2 (136).png,1,2,2,True,300,False,284,True
E:\KNEE_fewshot\external\MedicalExpert-I\2Mild\MildG2 (90).png,MildG2 (90).png,1,2,2,True,300,False,285,True
E:\KNEE_fewshot\external\MedicalExpert-I\0Normal\NormalG0 (29).png,NormalG0 (29).png,1,0,0,True,300,False,286,True
E:\KNEE_fewshot\external\MedicalExpert-I\4Severe\SevereG4 (51).png,SevereG4 (51).png,1,4,4,True,300,False,287,True
E:\KNEE_fewshot\external\MedicalExpert-I\1Doubtful\DoubtfulG1 (69).png,DoubtfulG1 (69).png,1,1,1,True,300,False,288,True
E:\KNEE_fewshot\external\MedicalExpert-I\0Normal\NormalG0 (45).png,NormalG0 (45).png,1,0,0,True,300,False,289,True
E:\KNEE_fewshot\external\MedicalExpert-I\1Doubtful\DoubtfulG1 (122).png,DoubtfulG1 (122).png,1,1,1,True,300,False,290,True
E:\KNEE_fewshot\external\MedicalExpert-I\1Doubtful\DoubtfulG1 (85).png,DoubtfulG1 (85).png,1,1,1,True,300,False,132,False
E:\KNEE_fewshot\external\MedicalExpert-I\3Moderate\ModerateG3 (141).png,ModerateG3 (141).png,1,3,3,True,300,False,291,True
E:\KNEE_fewshot\external\MedicalExpert-I\1Doubtful\DoubtfulG1 (393).png,DoubtfulG1 (393).png,1,1,1,True,300,False,292,True
E:\KNEE_fewshot\external\MedicalExpert-I\0Normal\NormalG0 (321).png,NormalG0 (321).png,1,0,0,True,300,False,293,True
E:\KNEE_fewshot\external\MedicalExpert-I\1Doubtful\DoubtfulG1 (95).png,DoubtfulG1 (95).png,1,1,1,True,300,False,294,True
E:\KNEE_fewshot\external\MedicalExpert-I\0Normal\NormalG0 (18).png,NormalG0 (18).png,1,0,0,True,300,False,295,True
E:\KNEE_fewshot\external\MedicalExpert-I\1Doubtful\DoubtfulG1 (390).png,DoubtfulG1 (390).png,1,1,1,True,300,False,296,True
E:\KNEE_fewshot\external\MedicalExpert-I\1Doubtful\DoubtfulG1 (131).png,DoubtfulG1 (131).png,1,1,1,True,300,False,297,True
E:\KNEE_fewshot\external\MedicalExpert-I\0Normal\NormalG0 (314).png,NormalG0 (314).png,2,0,0,True,300,False,298,True
E:\KNEE_fewshot\external\MedicalExpert-I\1Doubtful\DoubtfulG1 (334).png,DoubtfulG1 (334).png,1,1,1,True,300,False,299,True
E:\KNEE_fewshot\external\MedicalExpert-I\1Doubtful\DoubtfulG1 (317).png,DoubtfulG1 (317).png,1,1,1,True,300,False,300,True
E:\KNEE_fewshot\external\MedicalExpert-I\4Severe\SevereG4 (34).png,SevereG4 (34).png,1,4,4,True,300,False,301,True
E:\KNEE_fewshot\external\MedicalExpert-I\0Normal\NormalG0 (441).png,NormalG0 (441).png,1,0,0,True,300,False,302,True
E:\KNEE_fewshot\external\MedicalExpert-I\0Normal\NormalG0 (87).png,NormalG0 (87).png,1,0,0,True,300,False,303,True
E:\KNEE_fewshot\external\MedicalExpert-I\1Doubtful\DoubtfulG1 (93).png,DoubtfulG1 (93).png,1,1,1,True,300,False,304,True
E:\KNEE_fewshot\external\MedicalExpert-I\1Doubtful\DoubtfulG1 (302).png,DoubtfulG1 (302).png,1,1,1,True,300,False,305,True
E:\KNEE_fewshot\external\MedicalExpert-I\3Moderate\ModerateG3 (133).png,ModerateG3 (133).png,1,3,3,True,300,False,306,True
E:\KNEE_fewshot\external\MedicalExpert-I\2Mild\MildG2 (8).png,MildG2 (8).png,1,2,2,True,300,False,307,True
E:\KNEE_fewshot\external\MedicalExpert-I\0Normal\NormalG0 (153).png,NormalG0 (153).png,1,0,0,True,300,False,308,True
E:\KNEE_fewshot\external\MedicalExpert-I\0Normal\NormalG0 (172).png,NormalG0 (172).png,1,0,0,True,300,False,309,True
E:\KNEE_fewshot\external\MedicalExpert-I\0Normal\NormalG0 (192).png,NormalG0 (192).png,1,0,0,True,300,False,310,True
E:\KNEE_fewshot\external\MedicalExpert-I\3Moderate\ModerateG3 (117).png,ModerateG3 (117).png,1,3,3,True,300,False,311,True
E:\KNEE_fewshot\external\MedicalExpert-I\4Severe\SevereG4 (13).png,SevereG4 (13).png,1,4,4,True,300,False,312,True
E:\KNEE_fewshot\external\MedicalExpert-I\3Moderate\ModerateG3 (115).png,ModerateG3 (115).png,1,3,3,True,300,False,313,True
E:\KNEE_fewshot\external\MedicalExpert-I\0Normal\NormalG0 (306).png,NormalG0 (306).png,1,0,0,True,300,False,314,True
E:\KNEE_fewshot\external\MedicalExpert-I\1Doubtful\DoubtfulG1 (167).png,DoubtfulG1 (167).png,1,1,1,True,300,False,315,True
E:\KNEE_fewshot\external\MedicalExpert-I\3Moderate\ModerateG3 (1).png,ModerateG3 (1).png,1,3,3,True,300,False,316,True
E:\KNEE_fewshot\external\MedicalExpert-I\1Doubtful\DoubtfulG1 (418).png,DoubtfulG1 (418).png,1,1,1,True,300,False,317,True
E:\KNEE_fewshot\external\MedicalExpert-I\2Mild\MildG2 (187).png,MildG2 (187).png,1,2,2,True,300,False,318,True
E:\KNEE_fewshot\external\MedicalExpert-I\3Moderate\ModerateG3 (134).png,ModerateG3 (134).png,1,3,3,True,300,False,319,True
E:\KNEE_fewshot\external\MedicalExpert-I\0Normal\NormalG0 (150).png,NormalG0 (150).png,1,0,0,True,300,False,320,True
E:\KNEE_fewshot\external\MedicalExpert-I\1Doubtful\DoubtfulG1 (189).png,DoubtfulG1 (189).png,1,1,1,True,300,False,321,True
E:\KNEE_fewshot\external\MedicalExpert-I\1Doubtful\DoubtfulG1 (126).png,DoubtfulG1 (126).png,1,1,1,True,300,False,322,True
E:\KNEE_fewshot\external\MedicalExpert-I\1Doubtful\DoubtfulG1 (162).png,DoubtfulG1 (162).png,1,1,1,True,300,False,132,False
E:\KNEE_fewshot\external\MedicalExpert-I\0Normal\NormalG0 (93).png,NormalG0 (93).png,1,0,0,True,300,False,323,True
E:\KNEE_fewshot\external\MedicalExpert-I\4Severe\SevereG4 (4).png,SevereG4 (4).png,1,4,4,True,300,False,324,True
E:\KNEE_fewshot\external\MedicalExpert-I\1Doubtful\DoubtfulG1 (30).png,DoubtfulG1 (30).png,1,1,1,True,300,False,325,True
E:\KNEE_fewshot\external\MedicalExpert-I\1Doubtful\DoubtfulG1 (70).png,DoubtfulG1 (70).png,1,1,1,True,300,False,326,True
E:\KNEE_fewshot\external\MedicalExpert-I\3Moderate\ModerateG3 (21).png,ModerateG3 (21).png,1,3,3,True,300,False,327,True
E:\KNEE_fewshot\external\MedicalExpert-I\2Mild\MildG2 (182).png,MildG2 (182).png,1,2,2,True,300,False,328,True
E:\KNEE_fewshot\external\MedicalExpert-I\0Normal\NormalG0 (201).png,NormalG0 (201).png,1,0,0,True,300,False,329,True
E:\KNEE_fewshot\external\MedicalExpert-I\3Moderate\ModerateG3 (34).png,ModerateG3 (34).png,1,3,3,True,300,False,330,True
E:\KNEE_fewshot\external\MedicalExpert-I\3Moderate\ModerateG3 (123).png,ModerateG3 (123).png,1,3,3,True,300,False,331,True
E:\KNEE_fewshot\external\MedicalExpert-I\0Normal\NormalG0 (42).png,NormalG0 (42).png,1,0,0,True,300,False,332,True
E:\KNEE_fewshot\external\MedicalExpert-I\0Normal\NormalG0 (343).png,NormalG0 (343).png,1,0,0,True,300,False,333,True
E:\KNEE_fewshot\external\MedicalExpert-I\4Severe\SevereG4 (28).png,SevereG4 (28).png,1,4,4,True,300,False,334,True
E:\KNEE_fewshot\external\MedicalExpert-I\1Doubtful\DoubtfulG1 (270).png,DoubtfulG1 (270).png,1,1,1,True,300,False,335,True
E:\KNEE_fewshot\external\MedicalExpert-I\1Doubtful\DoubtfulG1 (10).png,DoubtfulG1 (10).png,1,1,1,True,300,False,336,True
E:\KNEE_fewshot\external\MedicalExpert-I\1Doubtful\DoubtfulG1 (38).png,DoubtfulG1 (38).png,1,1,1,True,300,False,337,True
E:\KNEE_fewshot\external\MedicalExpert-I\4Severe\SevereG4 (12).png,SevereG4 (12).png,1,4,4,True,300,False,338,True
E:\KNEE_fewshot\external\MedicalExpert-I\3Moderate\ModerateG3 (154).png,ModerateG3 (154).png,1,3,3,True,300,False,339,True
E:\KNEE_fewshot\external\MedicalExpert-I\1Doubtful\DoubtfulG1 (202).png,DoubtfulG1 (202).png,1,1,1,True,300,False,340,True
E:\KNEE_fewshot\external\MedicalExpert-I\0Normal\NormalG0 (277).png,NormalG0 (277).png,1,0,0,True,300,False,341,True
E:\KNEE_fewshot\external\MedicalExpert-I\3Moderate\ModerateG3 (101).png,ModerateG3 (101).png,1,3,3,True,300,False,342,True
E:\KNEE_fewshot\external\MedicalExpert-I\2Mild\MildG2 (78).png,MildG2 (78).png,1,2,2,True,300,False,343,True
E:\KNEE_fewshot\external\MedicalExpert-I\0Normal\NormalG0 (409).png,NormalG0 (409).png,1,0,0,True,300,False,344,True
E:\KNEE_fewshot\external\MedicalExpert-I\2Mild\MildG2 (26).png,MildG2 (26).png,1,2,2,True,300,False,345,True
E:\KNEE_fewshot\external\MedicalExpert-I\4Severe\SevereG4 (67).png,SevereG4 (67).png,1,4,4,True,300,False,346,True
E:\KNEE_fewshot\external\MedicalExpert-I\0Normal\NormalG0 (140).png,NormalG0 (140).png,1,0,0,True,300,False,347,True
E:\KNEE_fewshot\external\MedicalExpert-I\3Moderate\ModerateG3 (96).png,ModerateG3 (96).png,1,3,3,True,300,False,348,True
E:\KNEE_fewshot\external\MedicalExpert-I\2Mild\MildG2 (41).png,MildG2 (41).png,1,2,2,True,300,False,349,True
E:\KNEE_fewshot\external\MedicalExpert-I\1Doubtful\DoubtfulG1 (135).png,DoubtfulG1 (135).png,1,1,1,True,300,False,350,True
E:\KNEE_fewshot\external\MedicalExpert-I\0Normal\NormalG0 (112).png,NormalG0 (112).png,1,0,0,True,300,False,351,True
E:\KNEE_fewshot\external\MedicalExpert-I\4Severe\SevereG4 (17).png,SevereG4 (17).png,1,4,4,True,300,False,352,True
E:\KNEE_fewshot\external\MedicalExpert-I\4Severe\SevereG4 (179).png,SevereG4 (179).png,1,4,4,True,300,False,353,True
E:\KNEE_fewshot\external\MedicalExpert-I\1Doubtful\DoubtfulG1 (238).png,DoubtfulG1 (238).png,1,1,1,True,300,False,354,True
E:\KNEE_fewshot\external\MedicalExpert-I\2Mild\MildG2 (166).png,MildG2 (166).png,1,2,2,True,300,False,355,True
E:\KNEE_fewshot\external\MedicalExpert-I\1Doubtful\DoubtfulG1 (373).png,DoubtfulG1 (373).png,1,1,1,True,300,False,356,True
E:\KNEE_fewshot\external\MedicalExpert-I\0Normal\NormalG0 (157).png,NormalG0 (157).png,1,0,0,True,300,False,357,True
E:\KNEE_fewshot\external\MedicalExpert-I\3Moderate\ModerateG3 (49).png,ModerateG3 (49).png,1,3,3,True,300,False,358,True
E:\KNEE_fewshot\external\MedicalExpert-I\1Doubtful\DoubtfulG1 (210).png,DoubtfulG1 (210).png,1,1,1,True,300,False,359,True
E:\KNEE_fewshot\external\MedicalExpert-I\0Normal\NormalG0 (311).png,NormalG0 (311).png,2,0,0,True,300,False,360,True
E:\KNEE_fewshot\external\MedicalExpert-I\3Moderate\ModerateG3 (97).png,ModerateG3 (97).png,1,3,3,True,300,False,361,True
E:\KNEE_fewshot\external\MedicalExpert-I\4Severe\SevereG4 (94).png,SevereG4 (94).png,1,4,4,True,300,False,362,True
E:\KNEE_fewshot\external\MedicalExpert-I\1Doubtful\DoubtfulG1 (212).png,DoubtfulG1 (212).png,1,1,1,True,300,False,363,True
E:\KNEE_fewshot\external\MedicalExpert-I\4Severe\SevereG4 (37).png,SevereG4 (37).png,1,4,4,True,300,False,364,True
E:\KNEE_fewshot\external\MedicalExpert-I\0Normal\NormalG0 (323).png,NormalG0 (323).png,1,0,0,True,300,False,365,True
E:\KNEE_fewshot\external\MedicalExpert-I\4Severe\SevereG4 (163).png,SevereG4 (163).png,1,4,4,True,300,False,366,True
E:\KNEE_fewshot\external\MedicalExpert-I\4Severe\SevereG4 (149).png,SevereG4 (149).png,1,4,4,True,300,False,367,True
E:\KNEE_fewshot\external\MedicalExpert-I\0Normal\NormalG0 (295).png,NormalG0 (295).png,1,0,0,True,300,False,341,False
E:\KNEE_fewshot\external\MedicalExpert-I\0Normal\NormalG0 (50).png,NormalG0 (50).png,1,0,0,True,300,False,368,True
E:\KNEE_fewshot\external\MedicalExpert-I\3Moderate\ModerateG3 (109).png,ModerateG3 (109).png,1,3,3,True,300,False,369,True
E:\KNEE_fewshot\external\MedicalExpert-I\1Doubtful\DoubtfulG1 (156).png,DoubtfulG1 (156).png,1,1,1,True,300,False,370,True
E:\KNEE_fewshot\external\MedicalExpert-I\3Moderate\ModerateG3 (139).png,ModerateG3 (139).png,1,3,3,True,300,False,371,True
E:\KNEE_fewshot\external\MedicalExpert-I\1Doubtful\DoubtfulG1 (225).png,DoubtfulG1 (225).png,1,1,1,True,300,False,372,True
E:\KNEE_fewshot\external\MedicalExpert-I\0Normal\NormalG0 (53).png,NormalG0 (53).png,1,0,0,True,300,False,373,True
E:\KNEE_fewshot\external\MedicalExpert-I\0Normal\NormalG0 (184).png,NormalG0 (184).png,1,0,0,True,300,False,374,True
E:\KNEE_fewshot\external\MedicalExpert-I\0Normal\NormalG0 (119).png,NormalG0 (119).png,1,0,0,True,300,False,375,True
E:\KNEE_fewshot\external\MedicalExpert-I\1Doubtful\DoubtfulG1 (408).png,DoubtfulG1 (408).png,1,1,1,True,300,False,376,True
E:\KNEE_fewshot\external\MedicalExpert-I\0Normal\NormalG0 (335).png,NormalG0 (335).png,1,0,0,True,300,False,377,True
E:\KNEE_fewshot\external\MedicalExpert-I\1Doubtful\DoubtfulG1 (308).png,DoubtfulG1 (308).png,1,1,1,True,300,False,378,True
E:\KNEE_fewshot\external\MedicalExpert-I\0Normal\NormalG0 (176).png,NormalG0 (176).png,1,0,0,True,300,False,379,True
E:\KNEE_fewshot\external\MedicalExpert-I\3Moderate\ModerateG3 (58).png,ModerateG3 (58).png,1,3,3,True,300,False,380,True
E:\KNEE_fewshot\external\MedicalExpert-I\1Doubtful\DoubtfulG1 (120).png,DoubtfulG1 (120).png,1,1,1,True,300,False,381,True
E:\KNEE_fewshot\external\MedicalExpert-I\0Normal\NormalG0 (90).png,NormalG0 (90).png,1,0,0,True,300,False,382,True
E:\KNEE_fewshot\external\MedicalExpert-I\2Mild\MildG2 (159).png,MildG2 (159).png,1,2,2,True,300,False,383,True
E:\KNEE_fewshot\external\MedicalExpert-I\0Normal\NormalG0 (2).png,NormalG0 (2).png,1,0,0,True,300,False,384,True
E:\KNEE_fewshot\external\MedicalExpert-I\1Doubtful\DoubtfulG1 (358).png,DoubtfulG1 (358).png,1,1,1,True,300,False,385,True
E:\KNEE_fewshot\external\MedicalExpert-I\2Mild\MildG2 (39).png,MildG2 (39).png,1,2,2,True,300,False,386,True
E:\KNEE_fewshot\external\MedicalExpert-I\2Mild\MildG2 (186).png,MildG2 (186).png,1,2,2,True,300,False,387,True
E:\KNEE_fewshot\external\MedicalExpert-I\3Moderate\ModerateG3 (108).png,ModerateG3 (108).png,1,3,3,True,300,False,388,True
E:\KNEE_fewshot\external\MedicalExpert-I\4Severe\SevereG4 (190).png,SevereG4 (190).png,1,4,4,True,300,False,389,True
E:\KNEE_fewshot\external\MedicalExpert-I\0Normal\NormalG0 (252).png,NormalG0 (252).png,1,0,0,True,300,False,390,True
E:\KNEE_fewshot\external\MedicalExpert-I\1Doubtful\DoubtfulG1 (394).png,DoubtfulG1 (394).png,1,1,1,True,300,False,391,True
E:\KNEE_fewshot\external\MedicalExpert-I\1Doubtful\DoubtfulG1 (379).png,DoubtfulG1 (379).png,1,1,1,True,300,False,392,True
E:\KNEE_fewshot\external\MedicalExpert-I\0Normal\NormalG0 (407).png,NormalG0 (407).png,1,0,0,True,300,False,393,True
E:\KNEE_fewshot\external\MedicalExpert-I\2Mild\MildG2 (82).png,MildG2 (82).png,1,2,2,True,300,False,394,True
E:\KNEE_fewshot\external\MedicalExpert-I\1Doubtful\DoubtfulG1 (118).png,DoubtfulG1 (118).png,1,1,1,True,300,False,395,True
E:\KNEE_fewshot\external\MedicalExpert-I\3Moderate\ModerateG3 (25).png,ModerateG3 (25).png,1,3,3,True,300,False,396,True
E:\KNEE_fewshot\external\MedicalExpert-I\1Doubtful\DoubtfulG1 (260).png,DoubtfulG1 (260).png,1,1,1,True,300,False,397,True
E:\KNEE_fewshot\external\MedicalExpert-I\1Doubtful\DoubtfulG1 (176).png,DoubtfulG1 (176).png,1,1,1,True,300,False,398,True
E:\KNEE_fewshot\external\MedicalExpert-I\0Normal\NormalG0 (71).png,NormalG0 (71).png,1,0,0,True,300,False,399,True
E:\KNEE_fewshot\external\MedicalExpert-I\3Moderate\ModerateG3 (43).png,ModerateG3 (43).png,1,3,3,True,300,False,217,False
E:\KNEE_fewshot\external\MedicalExpert-I\4Severe\SevereG4 (158).png,SevereG4 (158).png,1,4,4,True,300,False,400,True
E:\KNEE_fewshot\external\MedicalExpert-I\2Mild\MildG2 (31).png,MildG2 (31).png,1,2,2,True,300,False,401,True
E:\KNEE_fewshot\external\MedicalExpert-I\2Mild\MildG2 (80).png,MildG2 (80).png,1,2,2,True,300,False,402,True
E:\KNEE_fewshot\external\MedicalExpert-I\2Mild\MildG2 (56).png,MildG2 (56).png,1,2,2,True,300,False,403,True
E:\KNEE_fewshot\external\MedicalExpert-I\0Normal\NormalG0 (296).png,NormalG0 (296).png,1,0,0,True,300,False,404,True
E:\KNEE_fewshot\external\MedicalExpert-I\0Normal\NormalG0 (344).png,NormalG0 (344).png,1,0,0,True,300,False,405,True
E:\KNEE_fewshot\external\MedicalExpert-I\4Severe\SevereG4 (9).png,SevereG4 (9).png,1,4,4,True,300,False,406,True
E:\KNEE_fewshot\external\MedicalExpert-I\4Severe\SevereG4 (118).png,SevereG4 (118).png,1,4,4,True,300,False,407,True
E:\KNEE_fewshot\external\MedicalExpert-I\0Normal\NormalG0 (244).png,NormalG0 (244).png,1,0,0,True,300,False,408,True
E:\KNEE_fewshot\external\MedicalExpert-I\1Doubtful\DoubtfulG1 (375).png,DoubtfulG1 (375).png,1,1,1,True,300,False,409,True
E:\KNEE_fewshot\external\MedicalExpert-I\3Moderate\ModerateG3 (35).png,ModerateG3 (35).png,1,3,3,True,300,False,410,True
E:\KNEE_fewshot\external\MedicalExpert-I\0Normal\NormalG0 (99).png,NormalG0 (99).png,1,0,0,True,300,False,411,True
E:\KNEE_fewshot\external\MedicalExpert-I\1Doubtful\DoubtfulG1 (419).png,DoubtfulG1 (419).png,1,1,1,True,300,False,412,True
E:\KNEE_fewshot\external\MedicalExpert-I\0Normal\NormalG0 (169).png,NormalG0 (169).png,1,0,0,True,300,False,413,True
E:\KNEE_fewshot\external\MedicalExpert-I\1Doubtful\DoubtfulG1 (331).png,DoubtfulG1 (331).png,1,1,1,True,300,False,414,True
E:\KNEE_fewshot\external\MedicalExpert-I\3Moderate\ModerateG3 (118).png,ModerateG3 (118).png,2,3,3,True,300,False,415,True
E:\KNEE_fewshot\external\MedicalExpert-I\1Doubtful\DoubtfulG1 (165).png,DoubtfulG1 (165).png,1,1,1,True,300,False,416,True
E:\KNEE_fewshot\external\MedicalExpert-I\1Doubtful\DoubtfulG1 (67).png,DoubtfulG1 (67).png,1,1,1,True,300,False,417,True
E:\KNEE_fewshot\external\MedicalExpert-I\2Mild\MildG2 (7).png,MildG2 (7).png,1,2,2,True,300,False,418,True
E:\KNEE_fewshot\external\MedicalExpert-I\3Moderate\ModerateG3 (153).png,ModerateG3 (153).png,1,3,3,True,300,False,419,True
E:\KNEE_fewshot\external\MedicalExpert-I\2Mild\MildG2 (130).png,MildG2 (130).png,1,2,2,True,300,False,420,True
E:\KNEE_fewshot\external\MedicalExpert-I\4Severe\SevereG4 (136).png,SevereG4 (136).png,1,4,4,True,300,False,421,True
E:\KNEE_fewshot\external\MedicalExpert-I\1Doubtful\DoubtfulG1 (72).png,DoubtfulG1 (72).png,1,1,1,True,300,False,422,True
E:\KNEE_fewshot\external\MedicalExpert-I\4Severe\SevereG4 (78).png,SevereG4 (78).png,1,4,4,True,300,False,423,True
E:\KNEE_fewshot\external\MedicalExpert-I\0Normal\NormalG0 (101).png,NormalG0 (101).png,1,0,0,True,300,False,424,True
E:\KNEE_fewshot\external\MedicalExpert-I\2Mild\MildG2 (108).png,MildG2 (108).png,1,2,2,True,300,False,425,True
E:\KNEE_fewshot\external\MedicalExpert-I\1Doubtful\DoubtfulG1 (409).png,DoubtfulG1 (409).png,1,1,1,True,300,False,426,True
E:\KNEE_fewshot\external\MedicalExpert-I\1Doubtful\DoubtfulG1 (337).png,DoubtfulG1 (337).png,1,1,1,True,300,False,427,False
E:\KNEE_fewshot\external\MedicalExpert-I\1Doubtful\DoubtfulG1 (297).png,DoubtfulG1 (297).png,1,1,1,True,300,False,428,True
E:\KNEE_fewshot\external\MedicalExpert-I\0Normal\NormalG0 (35).png,NormalG0 (35).png,1,0,0,True,300,False,429,True
E:\KNEE_fewshot\external\MedicalExpert-I\4Severe\SevereG4 (31).png,SevereG4 (31).png,1,4,4,True,300,False,430,True
E:\KNEE_fewshot\external\MedicalExpert-I\2Mild\MildG2 (42).png,MildG2 (42).png,1,2,2,True,300,False,431,True
E:\KNEE_fewshot\external\MedicalExpert-I\1Doubtful\DoubtfulG1 (43).png,DoubtfulG1 (43).png,1,1,1,True,300,False,432,True
E:\KNEE_fewshot\external\MedicalExpert-I\2Mild\MildG2 (45).png,MildG2 (45).png,1,2,2,True,300,False,433,True
E:\KNEE_fewshot\external\MedicalExpert-I\3Moderate\ModerateG3 (94).png,ModerateG3 (94).png,1,3,3,True,300,False,434,True
E:\KNEE_fewshot\external\MedicalExpert-I\2Mild\MildG2 (13).png,MildG2 (13).png,1,2,2,True,300,False,435,True
E:\KNEE_fewshot\external\MedicalExpert-I\0Normal\NormalG0 (152).png,NormalG0 (152).png,1,0,0,True,300,False,436,True
E:\KNEE_fewshot\external\MedicalExpert-I\3Moderate\ModerateG3 (4).png,ModerateG3 (4).png,1,3,3,True,300,False,437,True
E:\KNEE_fewshot\external\MedicalExpert-I\1Doubtful\DoubtfulG1 (6).png,DoubtfulG1 (6).png,1,1,1,True,300,False,438,True
E:\KNEE_fewshot\external\MedicalExpert-I\1Doubtful\DoubtfulG1 (129).png,DoubtfulG1 (129).png,1,1,1,True,300,False,439,True
E:\KNEE_fewshot\external\MedicalExpert-I\3Moderate\ModerateG3 (128).png,ModerateG3 (128).png,1,3,3,True,300,False,440,True
E:\KNEE_fewshot\external\MedicalExpert-I\3Moderate\ModerateG3 (125).png,ModerateG3 (125).png,1,3,3,True,300,False,441,True
E:\KNEE_fewshot\external\MedicalExpert-I\0Normal\NormalG0 (78).png,NormalG0 (78).png,1,0,0,True,300,False,442,True
E:\KNEE_fewshot\external\MedicalExpert-I\0Normal\NormalG0 (178).png,NormalG0 (178).png,1,0,0,True,300,False,443,True
E:\KNEE_fewshot\external\MedicalExpert-I\3Moderate\ModerateG3 (119).png,ModerateG3 (119).png,2,3,3,True,300,False,444,True
E:\KNEE_fewshot\external\MedicalExpert-I\0Normal\NormalG0 (402).png,NormalG0 (402).png,1,0,0,True,300,False,445,True
E:\KNEE_fewshot\external\MedicalExpert-I\0Normal\NormalG0 (197).png,NormalG0 (197).png,1,0,0,True,300,False,446,True
E:\KNEE_fewshot\external\MedicalExpert-I\0Normal\NormalG0 (138).png,NormalG0 (138).png,1,0,0,True,300,False,447,True
E:\KNEE_fewshot\external\MedicalExpert-I\3Moderate\ModerateG3 (47).png,ModerateG3 (47).png,2,3,3,True,300,False,448,True
E:\KNEE_fewshot\external\MedicalExpert-I\2Mild\MildG2 (181).png,MildG2 (181).png,1,2,2,True,300,False,449,True
E:\KNEE_fewshot\external\MedicalExpert-I\0Normal\NormalG0 (369).png,NormalG0 (369).png,1,0,0,True,300,False,450,True
E:\KNEE_fewshot\external\MedicalExpert-I\0Normal\NormalG0 (41).png,NormalG0 (41).png,1,0,0,True,300,False,451,True
E:\KNEE_fewshot\external\MedicalExpert-I\1Doubtful\DoubtfulG1 (154).png,DoubtfulG1 (154).png,1,1,1,True,300,False,452,True
E:\KNEE_fewshot\external\MedicalExpert-I\0Normal\NormalG0 (246).png,NormalG0 (246).png,1,0,0,True,300,False,453,True
E:\KNEE_fewshot\external\MedicalExpert-I\0Normal\NormalG0 (375).png,NormalG0 (375).png,1,0,0,True,300,False,454,True
E:\KNEE_fewshot\external\MedicalExpert-I\0Normal\NormalG0 (451).png,NormalG0 (451).png,1,0,0,True,300,False,455,True
E:\KNEE_fewshot\external\MedicalExpert-I\3Moderate\ModerateG3 (80).png,ModerateG3 (80).png,1,3,3,True,300,False,456,True
E:\KNEE_fewshot\external\MedicalExpert-I\1Doubtful\DoubtfulG1 (52).png,DoubtfulG1 (52).png,1,1,1,True,300,False,457,True
E:\KNEE_fewshot\external\MedicalExpert-I\0Normal\NormalG0 (315).png,NormalG0 (315).png,1,0,0,True,300,False,458,True
E:\KNEE_fewshot\external\MedicalExpert-I\4Severe\SevereG4 (39).png,SevereG4 (39).png,1,4,4,True,300,False,459,True
E:\KNEE_fewshot\external\MedicalExpert-I\1Doubtful\DoubtfulG1 (298).png,DoubtfulG1 (298).png,1,1,1,True,300,False,460,True
E:\KNEE_fewshot\external\MedicalExpert-I\2Mild\MildG2 (27).png,MildG2 (27).png,1,2,2,True,300,False,461,True
E:\KNEE_fewshot\external\MedicalExpert-I\1Doubtful\DoubtfulG1 (413).png,DoubtfulG1 (413).png,1,1,1,True,300,False,462,True
E:\KNEE_fewshot\external\MedicalExpert-I\0Normal\NormalG0 (214).png,NormalG0 (214).png,1,0,0,True,300,False,31,False
E:\KNEE_fewshot\external\MedicalExpert-I\4Severe\SevereG4 (131).png,SevereG4 (131).png,1,4,4,True,300,False,463,True
E:\KNEE_fewshot\external\MedicalExpert-I\2Mild\MildG2 (9).png,MildG2 (9).png,1,2,2,True,300,False,464,True
E:\KNEE_fewshot\external\MedicalExpert-I\2Mild\MildG2 (76).png,MildG2 (76).png,1,2,2,True,300,False,465,True
E:\KNEE_fewshot\external\MedicalExpert-I\3Moderate\ModerateG3 (82).png,ModerateG3 (82).png,1,3,3,True,300,False,466,True
E:\KNEE_fewshot\external\MedicalExpert-I\0Normal\NormalG0 (125).png,NormalG0 (125).png,1,0,0,True,300,False,467,True
E:\KNEE_fewshot\external\MedicalExpert-I\3Moderate\ModerateG3 (78).png,ModerateG3 (78).png,1,3,3,True,300,False,468,True
E:\KNEE_fewshot\external\MedicalExpert-I\2Mild\MildG2 (43).png,MildG2 (43).png,1,2,2,True,300,False,469,True
E:\KNEE_fewshot\external\MedicalExpert-I\1Doubtful\DoubtfulG1 (371).png,DoubtfulG1 (371).png,1,1,1,True,300,False,470,True
E:\KNEE_fewshot\external\MedicalExpert-I\2Mild\MildG2 (112).png,MildG2 (112).png,1,2,2,True,300,False,471,False
E:\KNEE_fewshot\external\MedicalExpert-I\4Severe\SevereG4 (62).png,SevereG4 (62).png,1,4,4,True,300,False,472,True
E:\KNEE_fewshot\external\MedicalExpert-I\0Normal\NormalG0 (187).png,NormalG0 (187).png,1,0,0,True,300,False,473,True
E:\KNEE_fewshot\external\MedicalExpert-I\0Normal\NormalG0 (83).png,NormalG0 (83).png,1,0,0,True,300,False,474,True
E:\KNEE_fewshot\external\MedicalExpert-I\1Doubtful\DoubtfulG1 (235).png,DoubtfulG1 (235).png,1,1,1,True,300,False,475,True
E:\KNEE_fewshot\external\MedicalExpert-I\1Doubtful\DoubtfulG1 (361).png,DoubtfulG1 (361).png,1,1,1,True,300,False,476,True
E:\KNEE_fewshot\external\MedicalExpert-I\4Severe\SevereG4 (108).png,SevereG4 (108).png,1,4,4,True,300,False,477,True
E:\KNEE_fewshot\external\MedicalExpert-I\1Doubtful\DoubtfulG1 (82).png,DoubtfulG1 (82).png,1,1,1,True,300,False,478,True
E:\KNEE_fewshot\external\MedicalExpert-I\1Doubtful\DoubtfulG1 (322).png,DoubtfulG1 (322).png,1,1,1,True,300,False,479,True
E:\KNEE_fewshot\external\MedicalExpert-I\2Mild\MildG2 (100).png,MildG2 (100).png,1,2,2,True,300,False,480,True
E:\KNEE_fewshot\external\MedicalExpert-I\0Normal\NormalG0 (273).png,NormalG0 (273).png,1,0,0,True,300,False,481,True
E:\KNEE_fewshot\external\MedicalExpert-I\2Mild\MildG2 (154).png,MildG2 (154).png,1,2,2,True,300,False,482,True
E:\KNEE_fewshot\external\MedicalExpert-I\4Severe\SevereG4 (23).png,SevereG4 (23).png,1,4,4,True,300,False,483,True
E:\KNEE_fewshot\external\MedicalExpert-I\0Normal\NormalG0 (218).png,NormalG0 (218).png,2,0,0,True,300,False,484,True
E:\KNEE_fewshot\external\MedicalExpert-I\1Doubtful\DoubtfulG1 (328).png,DoubtfulG1 (328).png,1,1,1,True,300,False,485,True
E:\KNEE_fewshot\external\MedicalExpert-I\0Normal\NormalG0 (354).png,NormalG0 (354).png,2,0,0,True,300,False,486,True
E:\KNEE_fewshot\external\MedicalExpert-I\0Normal\NormalG0 (213).png,NormalG0 (213).png,2,0,0,True,300,False,37,False
E:\KNEE_fewshot\external\MedicalExpert-I\2Mild\MildG2 (114).png,MildG2 (114).png,1,2,2,True,300,False,487,True
E:\KNEE_fewshot\external\MedicalExpert-I\4Severe\SevereG4 (111).png,SevereG4 (111).png,1,4,4,True,300,False,488,True
E:\KNEE_fewshot\external\MedicalExpert-I\3Moderate\ModerateG3 (28).png,ModerateG3 (28).png,1,3,3,True,300,False,489,True
E:\KNEE_fewshot\external\MedicalExpert-I\1Doubtful\DoubtfulG1 (273).png,DoubtfulG1 (273).png,1,1,1,True,300,False,490,True
E:\KNEE_fewshot\external\MedicalExpert-I\0Normal\NormalG0 (221).png,NormalG0 (221).png,2,0,0,True,300,False,491,True
E:\KNEE_fewshot\external\MedicalExpert-I\1Doubtful\DoubtfulG1 (300).png,DoubtfulG1 (300).png,1,1,1,True,300,False,492,True
E:\KNEE_fewshot\external\MedicalExpert-I\1Doubtful\DoubtfulG1 (37).png,DoubtfulG1 (37).png,1,1,1,True,300,False,493,True
E:\KNEE_fewshot\external\MedicalExpert-I\0Normal\NormalG0 (310).png,NormalG0 (310).png,1,0,0,True,300,False,494,True
E:\KNEE_fewshot\external\MedicalExpert-I\0Normal\NormalG0 (301).png,NormalG0 (301).png,2,0,0,True,300,False,495,True
E:\KNEE_fewshot\external\MedicalExpert-I\0Normal\NormalG0 (432).png,NormalG0 (432).png,1,0,0,True,300,False,37,False
E:\KNEE_fewshot\external\MedicalExpert-I\0Normal\NormalG0 (62).png,NormalG0 (62).png,1,0,0,True,300,False,496,True
E:\KNEE_fewshot\external\MedicalExpert-I\4Severe\SevereG4 (188).png,SevereG4 (188).png,1,4,4,True,300,False,497,True
E:\KNEE_fewshot\external\MedicalExpert-I\3Moderate\ModerateG3 (30).png,ModerateG3 (30).png,1,3,3,True,300,False,498,True
E:\KNEE_fewshot\external\MedicalExpert-I\2Mild\MildG2 (105).png,MildG2 (105).png,4,2,2,True,300,False,499,True
E:\KNEE_fewshot\external\MedicalExpert-I\1Doubtful\DoubtfulG1 (414).png,DoubtfulG1 (414).png,1,1,1,True,300,False,500,True
E:\KNEE_fewshot\external\MedicalExpert-I\3Moderate\ModerateG3 (40).png,ModerateG3 (40).png,1,3,3,True,300,False,501,True
E:\KNEE_fewshot\external\MedicalExpert-I\1Doubtful\DoubtfulG1 (257).png,DoubtfulG1 (257).png,1,1,1,True,300,False,502,True
E:\KNEE_fewshot\external\MedicalExpert-I\0Normal\NormalG0 (256).png,NormalG0 (256).png,1,0,0,True,300,False,503,True
E:\KNEE_fewshot\external\MedicalExpert-I\3Moderate\ModerateG3 (114).png,ModerateG3 (114).png,1,3,3,True,300,False,504,True
E:\KNEE_fewshot\external\MedicalExpert-I\3Moderate\ModerateG3 (76).png,ModerateG3 (76).png,1,3,3,True,300,False,505,True
E:\KNEE_fewshot\external\MedicalExpert-I\1Doubtful\DoubtfulG1 (62).png,DoubtfulG1 (62).png,1,1,1,True,300,False,337,False
E:\KNEE_fewshot\external\MedicalExpert-I\1Doubtful\DoubtfulG1 (51).png,DoubtfulG1 (51).png,1,1,1,True,300,False,506,True
E:\KNEE_fewshot\external\MedicalExpert-I\0Normal\NormalG0 (358).png,NormalG0 (358).png,1,0,0,True,300,False,507,True
E:\KNEE_fewshot\external\MedicalExpert-I\0Normal\NormalG0 (208).png,NormalG0 (208).png,2,0,0,True,300,False,508,True
E:\KNEE_fewshot\external\MedicalExpert-I\1Doubtful\DoubtfulG1 (191).png,DoubtfulG1 (191).png,1,1,1,True,300,False,509,True
E:\KNEE_fewshot\external\MedicalExpert-I\0Normal\NormalG0 (133).png,NormalG0 (133).png,1,0,0,True,300,False,510,True
E:\KNEE_fewshot\external\MedicalExpert-I\3Moderate\ModerateG3 (174).png,ModerateG3 (174).png,1,3,3,True,300,False,511,True
E:\KNEE_fewshot\external\MedicalExpert-I\0Normal\NormalG0 (28).png,NormalG0 (28).png,1,0,0,True,300,False,512,True
E:\KNEE_fewshot\external\MedicalExpert-I\1Doubtful\DoubtfulG1 (378).png,DoubtfulG1 (378).png,1,1,1,True,300,False,513,True
E:\KNEE_fewshot\external\MedicalExpert-I\0Normal\NormalG0 (307).png,NormalG0 (307).png,1,0,0,True,300,False,514,True
E:\KNEE_fewshot\external\MedicalExpert-I\1Doubtful\DoubtfulG1 (19).png,DoubtfulG1 (19).png,1,1,1,True,300,False,515,True
E:\KNEE_fewshot\external\MedicalExpert-I\1Doubtful\DoubtfulG1 (169).png,DoubtfulG1 (169).png,1,1,1,True,300,False,516,True
E:\KNEE_fewshot\external\MedicalExpert-I\1Doubtful\DoubtfulG1 (313).png,DoubtfulG1 (313).png,1,1,1,True,300,False,517,True
E:\KNEE_fewshot\external\MedicalExpert-I\0Normal\NormalG0 (270).png,NormalG0 (270).png,1,0,0,True,300,False,518,True
E:\KNEE_fewshot\external\MedicalExpert-I\4Severe\SevereG4 (43).png,SevereG4 (43).png,1,4,4,True,300,False,519,True
E:\KNEE_fewshot\external\MedicalExpert-I\1Doubtful\DoubtfulG1 (145).png,DoubtfulG1 (145).png,1,1,1,True,300,False,520,True
E:\KNEE_fewshot\external\MedicalExpert-I\2Mild\MildG2 (21).png,MildG2 (21).png,1,2,2,True,300,False,521,True
E:\KNEE_fewshot\external\MedicalExpert-I\0Normal\NormalG0 (88).png,NormalG0 (88).png,1,0,0,True,300,False,522,True
E:\KNEE_fewshot\external\MedicalExpert-I\0Normal\NormalG0 (238).png,NormalG0 (238).png,1,0,0,True,300,False,523,True
E:\KNEE_fewshot\external\MedicalExpert-I\4Severe\SevereG4 (49).png,SevereG4 (49).png,1,4,4,True,300,False,524,True
E:\KNEE_fewshot\external\MedicalExpert-I\0Normal\NormalG0 (149).png,NormalG0 (149).png,1,0,0,True,300,False,525,True
E:\KNEE_fewshot\external\MedicalExpert-I\1Doubtful\DoubtfulG1 (395).png,DoubtfulG1 (395).png,1,1,1,True,300,False,526,True
E:\KNEE_fewshot\external\MedicalExpert-I\1Doubtful\DoubtfulG1 (117).png,DoubtfulG1 (117).png,1,1,1,True,300,False,527,True
E:\KNEE_fewshot\external\MedicalExpert-I\1Doubtful\DoubtfulG1 (369).png,DoubtfulG1 (369).png,1,1,1,True,300,False,528,True
E:\KNEE_fewshot\external\MedicalExpert-I\2Mild\MildG2 (172).png,MildG2 (172).png,1,2,2,True,300,False,529,True
E:\KNEE_fewshot\external\MedicalExpert-I\2Mild\MildG2 (126).png,MildG2 (126).png,1,2,2,True,300,False,530,True
E:\KNEE_fewshot\external\MedicalExpert-I\1Doubtful\DoubtfulG1 (200).png,DoubtfulG1 (200).png,1,1,1,True,300,False,531,True
E:\KNEE_fewshot\external\MedicalExpert-I\1Doubtful\DoubtfulG1 (137).png,DoubtfulG1 (137).png,1,1,1,True,300,False,532,True
E:\KNEE_fewshot\external\MedicalExpert-I\3Moderate\ModerateG3 (2).png,ModerateG3 (2).png,2,3,3,True,300,False,533,True
E:\KNEE_fewshot\external\MedicalExpert-I\3Moderate\ModerateG3 (75).png,ModerateG3 (75).png,1,3,3,True,300,False,534,True
E:\KNEE_fewshot\external\MedicalExpert-I\1Doubtful\DoubtfulG1 (272).png,DoubtfulG1 (272).png,1,1,1,True,300,False,535,True
E:\KNEE_fewshot\external\MedicalExpert-I\1Doubtful\DoubtfulG1 (100).png,DoubtfulG1 (100).png,1,1,1,True,300,False,536,True
E:\KNEE_fewshot\external\MedicalExpert-I\1Doubtful\DoubtfulG1 (213).png,DoubtfulG1 (213).png,1,1,1,True,300,False,537,True
E:\KNEE_fewshot\external\MedicalExpert-I\1Doubtful\DoubtfulG1 (153).png,DoubtfulG1 (153).png,1,1,1,True,300,False,538,True
E:\KNEE_fewshot\external\MedicalExpert-I\1Doubtful\DoubtfulG1 (78).png,DoubtfulG1 (78).png,1,1,1,True,300,False,539,True
E:\KNEE_fewshot\external\MedicalExpert-I\3Moderate\ModerateG3 (110).png,ModerateG3 (110).png,1,3,3,True,300,False,540,True
E:\KNEE_fewshot\external\MedicalExpert-I\2Mild\MildG2 (147).png,MildG2 (147).png,1,2,2,True,300,False,541,True
E:\KNEE_fewshot\external\MedicalExpert-I\2Mild\MildG2 (62).png,MildG2 (62).png,1,2,2,True,300,False,542,True
E:\KNEE_fewshot\external\MedicalExpert-I\4Severe\SevereG4 (22).png,SevereG4 (22).png,1,4,4,True,300,False,543,True
E:\KNEE_fewshot\external\MedicalExpert-I\1Doubtful\DoubtfulG1 (39).png,DoubtfulG1 (39).png,1,1,1,True,300,False,544,True
E:\KNEE_fewshot\external\MedicalExpert-I\0Normal\NormalG0 (164).png,NormalG0 (164).png,1,0,0,True,300,False,545,True
E:\KNEE_fewshot\external\MedicalExpert-I\3Moderate\ModerateG3 (31).png,ModerateG3 (31).png,1,3,3,True,300,False,546,True
E:\KNEE_fewshot\external\MedicalExpert-I\0Normal\NormalG0 (44).png,NormalG0 (44).png,1,0,0,True,300,False,547,True
E:\KNEE_fewshot\external\MedicalExpert-I\0Normal\NormalG0 (346).png,NormalG0 (346).png,1,0,0,True,300,False,548,True
E:\KNEE_fewshot\external\MedicalExpert-I\2Mild\MildG2 (71).png,MildG2 (71).png,1,2,2,True,300,False,549,True
E:\KNEE_fewshot\external\MedicalExpert-I\4Severe\SevereG4 (100).png,SevereG4 (100).png,1,4,4,True,300,False,550,True
E:\KNEE_fewshot\external\MedicalExpert-I\4Severe\SevereG4 (130).png,SevereG4 (130).png,1,4,4,True,300,False,551,True
E:\KNEE_fewshot\external\MedicalExpert-I\1Doubtful\DoubtfulG1 (323).png,DoubtfulG1 (323).png,1,1,1,True,300,False,552,True
E:\KNEE_fewshot\external\MedicalExpert-I\1Doubtful\DoubtfulG1 (343).png,DoubtfulG1 (343).png,1,1,1,True,300,False,553,True
E:\KNEE_fewshot\external\MedicalExpert-I\4Severe\SevereG4 (183).png,SevereG4 (183).png,1,4,4,True,300,False,554,True
E:\KNEE_fewshot\external\MedicalExpert-I\0Normal\NormalG0 (180).png,NormalG0 (180).png,1,0,0,True,300,False,555,True
E:\KNEE_fewshot\external\MedicalExpert-I\3Moderate\ModerateG3 (126).png,ModerateG3 (126).png,1,3,3,True,300,False,556,True
E:\KNEE_fewshot\external\MedicalExpert-I\1Doubtful\DoubtfulG1 (35).png,DoubtfulG1 (35).png,1,1,1,True,300,False,557,True
E:\KNEE_fewshot\external\MedicalExpert-I\1Doubtful\DoubtfulG1 (103).png,DoubtfulG1 (103).png,1,1,1,True,300,False,558,True
E:\KNEE_fewshot\external\MedicalExpert-I\0Normal\NormalG0 (316).png,NormalG0 (316).png,1,0,0,True,300,False,427,False
E:\KNEE_fewshot\external\MedicalExpert-I\1Doubtful\DoubtfulG1 (215).png,DoubtfulG1 (215).png,1,1,1,True,300,False,559,True
E:\KNEE_fewshot\external\MedicalExpert-I\1Doubtful\DoubtfulG1 (380).png,DoubtfulG1 (380).png,1,1,1,True,300,False,560,True
E:\KNEE_fewshot\external\MedicalExpert-I\4Severe\SevereG4 (124).png,SevereG4 (124).png,1,4,4,True,300,False,561,True
E:\KNEE_fewshot\external\MedicalExpert-I\0Normal\NormalG0 (380).png,NormalG0 (380).png,1,0,1,False,300,False,427,False
E:\KNEE_fewshot\external\MedicalExpert-I\0Normal\NormalG0 (159).png,NormalG0 (159).png,1,0,0,True,300,False,562,True
E:\KNEE_fewshot\external\MedicalExpert-I\0Normal\NormalG0 (77).png,NormalG0 (77).png,1,0,0,True,300,False,563,True
E:\KNEE_fewshot\external\MedicalExpert-I\0Normal\NormalG0 (212).png,NormalG0 (212).png,2,0,0,True,300,False,564,True
E:\KNEE_fewshot\external\MedicalExpert-I\1Doubtful\DoubtfulG1 (403).png,DoubtfulG1 (403).png,1,1,1,True,300,False,565,True
E:\KNEE_fewshot\external\MedicalExpert-I\1Doubtful\DoubtfulG1 (48).png,DoubtfulG1 (48).png,1,1,1,True,300,False,566,True
E:\KNEE_fewshot\external\MedicalExpert-I\4Severe\SevereG4 (16).png,SevereG4 (16).png,1,4,4,True,300,False,567,True
E:\KNEE_fewshot\external\MedicalExpert-I\2Mild\MildG2 (111).png,MildG2 (111).png,1,2,2,True,300,False,568,True
E:\KNEE_fewshot\external\MedicalExpert-I\0Normal\NormalG0 (10).png,NormalG0 (10).png,1,0,0,True,300,False,569,True
E:\KNEE_fewshot\external\MedicalExpert-I\1Doubtful\DoubtfulG1 (325).png,DoubtfulG1 (325).png,1,1,1,True,300,False,570,True
E:\KNEE_fewshot\external\MedicalExpert-I\3Moderate\ModerateG3 (164).png,ModerateG3 (164).png,1,3,3,True,300,False,571,True
E:\KNEE_fewshot\external\MedicalExpert-I\4Severe\SevereG4 (152).png,SevereG4 (152).png,1,4,4,True,300,False,572,True
E:\KNEE_fewshot\external\MedicalExpert-I\0Normal\NormalG0 (24).png,NormalG0 (24).png,1,0,0,True,300,False,573,True
E:\KNEE_fewshot\external\MedicalExpert-I\2Mild\MildG2 (53).png,MildG2 (53).png,1,2,2,True,300,False,574,True
E:\KNEE_fewshot\external\MedicalExpert-I\4Severe\SevereG4 (44).png,SevereG4 (44).png,1,4,4,True,300,False,575,True
E:\KNEE_fewshot\external\MedicalExpert-I\4Severe\SevereG4 (194).png,SevereG4 (194).png,1,4,4,True,300,False,576,True
E:\KNEE_fewshot\external\MedicalExpert-I\1Doubtful\DoubtfulG1 (230).png,DoubtfulG1 (230).png,1,1,1,True,300,False,577,True
E:\KNEE_fewshot\external\MedicalExpert-I\0Normal\NormalG0 (137).png,NormalG0 (137).png,1,0,0,True,300,False,578,True
E:\KNEE_fewshot\external\MedicalExpert-I\3Moderate\ModerateG3 (136).png,ModerateG3 (136).png,1,3,3,True,300,False,579,True
E:\KNEE_fewshot\external\MedicalExpert-I\1Doubtful\DoubtfulG1 (86).png,DoubtfulG1 (86).png,1,1,1,True,300,False,580,True
E:\KNEE_fewshot\external\MedicalExpert-I\3Moderate\ModerateG3 (18).png,ModerateG3 (18).png,1,3,3,True,300,False,581,True
E:\KNEE_fewshot\external\MedicalExpert-I\4Severe\SevereG4 (206).png,SevereG4 (206).png,1,4,4,True,300,False,366,False
E:\KNEE_fewshot\external\MedicalExpert-I\4Severe\SevereG4 (119).png,SevereG4 (119).png,1,4,4,True,300,False,582,True
E:\KNEE_fewshot\external\MedicalExpert-I\2Mild\MildG2 (52).png,MildG2 (52).png,1,2,2,True,300,False,583,True
E:\KNEE_fewshot\external\MedicalExpert-I\0Normal\NormalG0 (17).png,NormalG0 (17).png,1,0,0,True,300,False,584,True
E:\KNEE_fewshot\external\MedicalExpert-I\4Severe\SevereG4 (203).png,SevereG4 (203).png,1,4,4,True,300,False,585,True
E:\KNEE_fewshot\external\MedicalExpert-I\1Doubtful\DoubtfulG1 (123).png,DoubtfulG1 (123).png,1,1,1,True,300,False,586,True
E:\KNEE_fewshot\external\MedicalExpert-I\0Normal\NormalG0 (384).png,NormalG0 (384).png,1,0,0,True,300,False,587,True
E:\KNEE_fewshot\external\MedicalExpert-I\0Normal\NormalG0 (8).png,NormalG0 (8).png,1,0,0,True,300,False,588,True
E:\KNEE_fewshot\external\MedicalExpert-I\0Normal\NormalG0 (16).png,NormalG0 (16).png,1,0,0,True,300,False,589,True
E:\KNEE_fewshot\external\MedicalExpert-I\0Normal\NormalG0 (397).png,NormalG0 (397).png,1,0,0,True,300,False,590,True
E:\KNEE_fewshot\external\MedicalExpert-I\1Doubtful\DoubtfulG1 (249).png,DoubtfulG1 (249).png,1,1,1,True,300,False,591,True
E:\KNEE_fewshot\external\MedicalExpert-I\1Doubtful\DoubtfulG1 (196).png,DoubtfulG1 (196).png,1,1,1,True,300,False,592,True
E:\KNEE_fewshot\external\MedicalExpert-I\0Normal\NormalG0 (360).png,NormalG0 (360).png,1,0,0,True,300,False,593,True
E:\KNEE_fewshot\external\MedicalExpert-I\0Normal\NormalG0 (303).png,NormalG0 (303).png,2,0,0,True,300,False,594,True
E:\KNEE_fewshot\external\MedicalExpert-I\1Doubtful\DoubtfulG1 (426).png,DoubtfulG1 (426).png,1,1,1,True,300,False,595,True
E:\KNEE_fewshot\external\MedicalExpert-I\0Normal\NormalG0 (215).png,NormalG0 (215).png,1,0,0,True,300,False,596,True
E:\KNEE_fewshot\external\MedicalExpert-I\2Mild\MildG2 (55).png,MildG2 (55).png,1,2,2,True,300,False,597,True
E:\KNEE_fewshot\external\MedicalExpert-I\0Normal\NormalG0 (194).png,NormalG0 (194).png,1,0,0,True,300,False,598,True
E:\KNEE_fewshot\external\MedicalExpert-I\3Moderate\ModerateG3 (130).png,ModerateG3 (130).png,1,3,3,True,300,False,471,False
E:\KNEE_fewshot\external\MedicalExpert-I\2Mild\MildG2 (171).png,MildG2 (171).png,1,2,2,True,300,False,471,False
E:\KNEE_fewshot\external\MedicalExpert-I\0Normal\NormalG0 (182).png,NormalG0 (182).png,1,0,0,True,300,False,599,True
E:\KNEE_fewshot\external\MedicalExpert-I\1Doubtful\DoubtfulG1 (357).png,DoubtfulG1 (357).png,1,1,1,True,300,False,600,True
E:\KNEE_fewshot\external\MedicalExpert-I\1Doubtful\DoubtfulG1 (283).png,DoubtfulG1 (283).png,1,1,1,True,300,False,601,True
E:\KNEE_fewshot\external\MedicalExpert-I\1Doubtful\DoubtfulG1 (50).png,DoubtfulG1 (50).png,1,1,1,True,300,False,602,True
E:\KNEE_fewshot\external\MedicalExpert-I\4Severe\SevereG4 (117).png,SevereG4 (117).png,1,4,4,True,300,False,603,True
E:\KNEE_fewshot\external\MedicalExpert-I\1Doubtful\DoubtfulG1 (402).png,DoubtfulG1 (402).png,1,1,1,True,300,False,604,True
E:\KNEE_fewshot\external\MedicalExpert-I\1Doubtful\DoubtfulG1 (216).png,DoubtfulG1 (216).png,1,1,1,True,300,False,605,True
E:\KNEE_fewshot\external\MedicalExpert-I\0Normal\NormalG0 (241).png,NormalG0 (241).png,1,0,0,True,300,False,606,True
E:\KNEE_fewshot\external\MedicalExpert-I\1Doubtful\DoubtfulG1 (245).png,DoubtfulG1 (245).png,1,1,1,True,300,False,607,True
E:\KNEE_fewshot\external\MedicalExpert-I\1Doubtful\DoubtfulG1 (128).png,DoubtfulG1 (128).png,1,1,1,True,300,False,608,True
E:\KNEE_fewshot\external\MedicalExpert-I\0Normal\NormalG0 (193).png,NormalG0 (193).png,1,0,0,True,300,False,609,True
E:\KNEE_fewshot\external\MedicalExpert-I\2Mild\MildG2 (5).png,MildG2 (5).png,1,2,2,True,300,False,610,True
E:\KNEE_fewshot\external\MedicalExpert-I\1Doubtful\DoubtfulG1 (255).png,DoubtfulG1 (255).png,1,1,1,True,300,False,611,True
E:\KNEE_fewshot\external\MedicalExpert-I\0Normal\NormalG0 (348).png,NormalG0 (348).png,1,0,0,True,300,False,612,True
E:\KNEE_fewshot\external\MedicalExpert-I\0Normal\NormalG0 (154).png,NormalG0 (154).png,1,0,0,True,300,False,613,True
E:\KNEE_fewshot\external\MedicalExpert-I\1Doubtful\DoubtfulG1 (259).png,DoubtfulG1 (259).png,1,1,1,True,300,False,614,True
E:\KNEE_fewshot\external\MedicalExpert-I\1Doubtful\DoubtfulG1 (252).png,DoubtfulG1 (252).png,1,1,1,True,300,False,615,True
E:\KNEE_fewshot\external\MedicalExpert-I\1Doubtful\DoubtfulG1 (435).png,DoubtfulG1 (435).png,1,1,1,True,300,False,616,True
E:\KNEE_fewshot\external\MedicalExpert-I\1Doubtful\DoubtfulG1 (364).png,DoubtfulG1 (364).png,1,1,1,True,300,False,617,True
E:\KNEE_fewshot\external\MedicalExpert-I\0Normal\NormalG0 (340).png,NormalG0 (340).png,1,0,0,True,300,False,618,True
E:\KNEE_fewshot\external\MedicalExpert-I\0Normal\NormalG0 (70).png,NormalG0 (70).png,1,0,0,True,300,False,619,True
E:\KNEE_fewshot\external\MedicalExpert-I\0Normal\NormalG0 (297).png,NormalG0 (297).png,1,0,0,True,300,False,620,True
E:\KNEE_fewshot\external\MedicalExpert-I\1Doubtful\DoubtfulG1 (148).png,DoubtfulG1 (148).png,1,1,1,True,300,False,621,True
E:\KNEE_fewshot\external\MedicalExpert-I\4Severe\SevereG4 (123).png,SevereG4 (123).png,1,4,4,True,300,False,622,True
E:\KNEE_fewshot\external\MedicalExpert-I\4Severe\SevereG4 (154).png,SevereG4 (154).png,1,4,4,True,300,False,623,True
E:\KNEE_fewshot\external\MedicalExpert-I\4Severe\SevereG4 (66).png,SevereG4 (66).png,1,4,4,True,300,False,624,True
E:\KNEE_fewshot\external\MedicalExpert-I\3Moderate\ModerateG3 (68).png,ModerateG3 (68).png,1,3,3,True,300,False,625,True
E:\KNEE_fewshot\external\MedicalExpert-I\4Severe\SevereG4 (129).png,SevereG4 (129).png,1,4,4,True,300,False,626,True
E:\KNEE_fewshot\external\MedicalExpert-I\0Normal\NormalG0 (160).png,NormalG0 (160).png,1,0,0,True,300,False,627,True
E:\KNEE_fewshot\external\MedicalExpert-I\2Mild\MildG2 (163).png,MildG2 (163).png,1,2,2,True,300,False,628,True
E:\KNEE_fewshot\external\MedicalExpert-I\1Doubtful\DoubtfulG1 (105).png,DoubtfulG1 (105).png,1,1,1,True,300,False,629,True
E:\KNEE_fewshot\external\MedicalExpert-I\1Doubtful\DoubtfulG1 (424).png,DoubtfulG1 (424).png,1,1,1,True,300,False,630,True
E:\KNEE_fewshot\external\MedicalExpert-I\4Severe\SevereG4 (52).png,SevereG4 (52).png,1,4,4,True,300,False,631,True
E:\KNEE_fewshot\external\MedicalExpert-I\2Mild\MildG2 (98).png,MildG2 (98).png,1,2,2,True,300,False,632,True
E:\KNEE_fewshot\external\MedicalExpert-I\4Severe\SevereG4 (84).png,SevereG4 (84).png,1,4,4,True,300,False,633,True
E:\KNEE_fewshot\external\MedicalExpert-I\1Doubtful\DoubtfulG1 (292).png,DoubtfulG1 (292).png,1,1,1,True,300,False,634,True
E:\KNEE_fewshot\external\MedicalExpert-I\0Normal\NormalG0 (370).png,NormalG0 (370).png,1,0,0,True,300,False,635,True
E:\KNEE_fewshot\external\MedicalExpert-I\1Doubtful\DoubtfulG1 (429).png,DoubtfulG1 (429).png,1,1,1,True,300,False,636,True
E:\KNEE_fewshot\external\MedicalExpert-I\3Moderate\ModerateG3 (88).png,ModerateG3 (88).png,2,3,3,True,300,False,637,True
E:\KNEE_fewshot\external\MedicalExpert-I\4Severe\SevereG4 (19).png,SevereG4 (19).png,1,4,4,True,300,False,638,True
E:\KNEE_fewshot\external\MedicalExpert-I\2Mild\MildG2 (66).png,MildG2 (66).png,1,2,2,True,300,False,639,True
E:\KNEE_fewshot\external\MedicalExpert-I\4Severe\SevereG4 (134).png,SevereG4 (134).png,1,4,4,True,300,False,640,True
E:\KNEE_fewshot\external\MedicalExpert-I\1Doubtful\DoubtfulG1 (172).png,DoubtfulG1 (172).png,1,1,1,True,300,False,641,True
E:\KNEE_fewshot\external\MedicalExpert-I\2Mild\MildG2 (92).png,MildG2 (92).png,1,2,2,True,300,False,642,True
E:\KNEE_fewshot\external\MedicalExpert-I\0Normal\NormalG0 (43).png,NormalG0 (43).png,1,0,0,True,300,False,643,True
E:\KNEE_fewshot\external\MedicalExpert-I\4Severe\SevereG4 (175).png,SevereG4 (175).png,1,4,4,True,300,False,644,True
E:\KNEE_fewshot\external\MedicalExpert-I\0Normal\NormalG0 (268).png,NormalG0 (268).png,1,0,0,True,300,False,645,True
E:\KNEE_fewshot\external\MedicalExpert-I\1Doubtful\DoubtfulG1 (287).png,DoubtfulG1 (287).png,1,1,1,True,300,False,646,True
E:\KNEE_fewshot\external\MedicalExpert-I\4Severe\SevereG4 (109).png,SevereG4 (109).png,1,4,4,True,300,False,647,True
E:\KNEE_fewshot\external\MedicalExpert-I\1Doubtful\DoubtfulG1 (250).png,DoubtfulG1 (250).png,1,1,1,True,300,False,648,True
E:\KNEE_fewshot\external\MedicalExpert-I\2Mild\MildG2 (29).png,MildG2 (29).png,1,2,2,True,300,False,649,True
E:\KNEE_fewshot\external\MedicalExpert-I\4Severe\SevereG4 (24).png,SevereG4 (24).png,1,4,4,True,300,False,650,True
E:\KNEE_fewshot\external\MedicalExpert-I\2Mild\MildG2 (73).png,MildG2 (73).png,1,2,2,True,300,False,651,True
E:\KNEE_fewshot\external\MedicalExpert-I\0Normal\NormalG0 (304).png,NormalG0 (304).png,1,0,0,True,300,False,652,True
E:\KNEE_fewshot\external\MedicalExpert-I\0Normal\NormalG0 (345).png,NormalG0 (345).png,1,0,0,True,300,False,653,True
E:\KNEE_fewshot\external\MedicalExpert-I\0Normal\NormalG0 (339).png,NormalG0 (339).png,1,0,0,True,300,False,654,True
E:\KNEE_fewshot\external\MedicalExpert-I\1Doubtful\DoubtfulG1 (254).png,DoubtfulG1 (254).png,1,1,1,True,300,False,655,True
E:\KNEE_fewshot\external\MedicalExpert-I\2Mild\MildG2 (157).png,MildG2 (157).png,1,2,2,True,300,False,656,True
E:\KNEE_fewshot\external\MedicalExpert-I\0Normal\NormalG0 (5).png,NormalG0 (5).png,1,0,0,True,300,False,657,True
E:\KNEE_fewshot\external\MedicalExpert-I\1Doubtful\DoubtfulG1 (32).png,DoubtfulG1 (32).png,1,1,1,True,300,False,658,True
E:\KNEE_fewshot\external\MedicalExpert-I\1Doubtful\DoubtfulG1 (13).png,DoubtfulG1 (13).png,1,1,1,True,300,False,659,True
E:\KNEE_fewshot\external\MedicalExpert-I\0Normal\NormalG0 (148).png,NormalG0 (148).png,1,0,0,True,300,False,660,True
E:\KNEE_fewshot\external\MedicalExpert-I\3Moderate\ModerateG3 (27).png,ModerateG3 (27).png,1,3,3,True,300,False,661,True
E:\KNEE_fewshot\external\MedicalExpert-I\0Normal\NormalG0 (106).png,NormalG0 (106).png,1,0,0,True,300,False,662,True
E:\KNEE_fewshot\external\MedicalExpert-I\4Severe\SevereG4 (114).png,SevereG4 (114).png,1,4,4,True,300,False,663,True
E:\KNEE_fewshot\external\MedicalExpert-I\3Moderate\ModerateG3 (14).png,ModerateG3 (14).png,1,3,3,True,300,False,664,True
E:\KNEE_fewshot\external\MedicalExpert-I\1Doubtful\DoubtfulG1 (271).png,DoubtfulG1 (271).png,1,1,1,True,300,False,665,True
E:\KNEE_fewshot\external\MedicalExpert-I\1Doubtful\DoubtfulG1 (374).png,DoubtfulG1 (374).png,1,1,1,True,300,False,666,True
E:\KNEE_fewshot\external\MedicalExpert-I\1Doubtful\DoubtfulG1 (144).png,DoubtfulG1 (144).png,1,1,1,True,300,False,667,True
E:\KNEE_fewshot\external\MedicalExpert-I\0Normal\NormalG0 (452).png,NormalG0 (452).png,1,0,0,True,300,False,668,True
E:\KNEE_fewshot\external\MedicalExpert-I\1Doubtful\DoubtfulG1 (346).png,DoubtfulG1 (346).png,1,1,1,True,300,False,669,True
E:\KNEE_fewshot\external\MedicalExpert-I\4Severe\SevereG4 (166).png,SevereG4 (166).png,1,4,4,True,300,False,670,True
E:\KNEE_fewshot\external\MedicalExpert-I\0Normal\NormalG0 (189).png,NormalG0 (189).png,1,0,0,True,300,False,671,True
E:\KNEE_fewshot\external\MedicalExpert-I\1Doubtful\DoubtfulG1 (36).png,DoubtfulG1 (36).png,1,1,1,True,300,False,672,True
E:\KNEE_fewshot\external\MedicalExpert-I\3Moderate\ModerateG3 (24).png,ModerateG3 (24).png,1,3,3,True,300,False,673,True
E:\KNEE_fewshot\external\MedicalExpert-I\3Moderate\ModerateG3 (129).png,ModerateG3 (129).png,1,3,3,True,300,False,674,False
E:\KNEE_fewshot\external\MedicalExpert-I\1Doubtful\DoubtfulG1 (181).png,DoubtfulG1 (181).png,1,1,1,True,300,False,675,True
E:\KNEE_fewshot\external\MedicalExpert-I\3Moderate\ModerateG3 (91).png,ModerateG3 (91).png,1,3,3,True,300,False,676,True
E:\KNEE_fewshot\external\MedicalExpert-I\1Doubtful\DoubtfulG1 (188).png,DoubtfulG1 (188).png,1,1,1,True,300,False,677,True
E:\KNEE_fewshot\external\MedicalExpert-I\4Severe\SevereG4 (30).png,SevereG4 (30).png,1,4,4,True,300,False,678,True
E:\KNEE_fewshot\external\MedicalExpert-I\1Doubtful\DoubtfulG1 (303).png,DoubtfulG1 (303).png,1,1,1,True,300,False,679,True
E:\KNEE_fewshot\external\MedicalExpert-I\1Doubtful\DoubtfulG1 (26).png,DoubtfulG1 (26).png,1,1,1,True,300,False,680,True
E:\KNEE_fewshot\external\MedicalExpert-I\0Normal\NormalG0 (377).png,NormalG0 (377).png,1,0,0,True,300,False,681,True
E:\KNEE_fewshot\external\MedicalExpert-I\0Normal\NormalG0 (414).png,NormalG0 (414).png,1,0,0,True,300,False,682,True
E:\KNEE_fewshot\external\MedicalExpert-I\3Moderate\ModerateG3 (152).png,ModerateG3 (152).png,1,3,3,True,300,False,683,True
E:\KNEE_fewshot\external\MedicalExpert-I\1Doubtful\DoubtfulG1 (382).png,DoubtfulG1 (382).png,1,1,1,True,300,False,684,True
E:\KNEE_fewshot\external\MedicalExpert-I\1Doubtful\DoubtfulG1 (4).png,DoubtfulG1 (4).png,1,1,1,True,300,False,685,True
E:\KNEE_fewshot\external\MedicalExpert-I\3Moderate\ModerateG3 (73).png,ModerateG3 (73).png,1,3,3,True,300,False,686,True
E:\KNEE_fewshot\external\MedicalExpert-I\2Mild\MildG2 (3).png,MildG2 (3).png,1,2,2,True,300,False,687,True
E:\KNEE_fewshot\external\MedicalExpert-I\2Mild\MildG2 (48).png,MildG2 (48).png,1,2,2,True,300,False,688,True
E:\KNEE_fewshot\external\MedicalExpert-I\3Moderate\ModerateG3 (107).png,ModerateG3 (107).png,1,3,3,True,300,False,689,True
E:\KNEE_fewshot\external\MedicalExpert-I\0Normal\NormalG0 (205).png,NormalG0 (205).png,1,0,0,True,300,False,690,True
E:\KNEE_fewshot\external\MedicalExpert-I\1Doubtful\DoubtfulG1 (265).png,DoubtfulG1 (265).png,1,1,1,True,300,False,691,True
E:\KNEE_fewshot\external\MedicalExpert-I\1Doubtful\DoubtfulG1 (295).png,DoubtfulG1 (295).png,1,1,1,True,300,False,692,True
E:\KNEE_fewshot\external\MedicalExpert-I\4Severe\SevereG4 (171).png,SevereG4 (171).png,1,4,4,True,300,False,693,True
E:\KNEE_fewshot\external\MedicalExpert-I\2Mild\MildG2 (158).png,MildG2 (158).png,1,2,2,True,300,False,694,True
E:\KNEE_fewshot\external\MedicalExpert-I\3Moderate\ModerateG3 (20).png,ModerateG3 (20).png,1,3,3,True,300,False,695,True
E:\KNEE_fewshot\external\MedicalExpert-I\0Normal\NormalG0 (175).png,NormalG0 (175).png,1,0,0,True,300,False,696,True
E:\KNEE_fewshot\external\MedicalExpert-I\0Normal\NormalG0 (250).png,NormalG0 (250).png,1,0,0,True,300,False,697,True
E:\KNEE_fewshot\external\MedicalExpert-I\0Normal\NormalG0 (398).png,NormalG0 (398).png,2,0,0,True,300,False,652,False
E:\KNEE_fewshot\external\MedicalExpert-I\1Doubtful\DoubtfulG1 (73).png,DoubtfulG1 (73).png,2,1,1,True,300,False,231,False
E:\KNEE_fewshot\external\MedicalExpert-I\1Doubtful\DoubtfulG1 (150).png,DoubtfulG1 (150).png,1,1,1,True,300,False,698,True
E:\KNEE_fewshot\external\MedicalExpert-I\0Normal\NormalG0 (383).png,NormalG0 (383).png,1,0,0,True,300,False,127,False
E:\KNEE_fewshot\external\MedicalExpert-I\1Doubtful\DoubtfulG1 (44).png,DoubtfulG1 (44).png,1,1,1,True,300,False,699,True
E:\KNEE_fewshot\external\MedicalExpert-I\3Moderate\ModerateG3 (158).png,ModerateG3 (158).png,1,3,3,True,300,False,700,True
E:\KNEE_fewshot\external\MedicalExpert-I\2Mild\MildG2 (63).png,MildG2 (63).png,1,2,2,True,300,False,701,True
E:\KNEE_fewshot\external\MedicalExpert-I\4Severe\SevereG4 (173).png,SevereG4 (173).png,1,4,4,True,300,False,702,True
E:\KNEE_fewshot\external\MedicalExpert-I\3Moderate\ModerateG3 (163).png,ModerateG3 (163).png,1,3,3,True,300,False,703,True
E:\KNEE_fewshot\external\MedicalExpert-I\0Normal\NormalG0 (47).png,NormalG0 (47).png,1,0,0,True,300,False,704,True
E:\KNEE_fewshot\external\MedicalExpert-I\1Doubtful\DoubtfulG1 (134).png,DoubtfulG1 (134).png,1,1,1,True,300,False,705,True
E:\KNEE_fewshot\external\MedicalExpert-I\0Normal\NormalG0 (145).png,NormalG0 (145).png,1,0,0,True,300,False,706,True
E:\KNEE_fewshot\external\MedicalExpert-I\1Doubtful\DoubtfulG1 (182).png,DoubtfulG1 (182).png,1,1,1,True,300,False,707,True
E:\KNEE_fewshot\external\MedicalExpert-I\1Doubtful\DoubtfulG1 (240).png,DoubtfulG1 (240).png,1,1,1,True,300,False,708,True
E:\KNEE_fewshot\external\MedicalExpert-I\3Moderate\ModerateG3 (121).png,ModerateG3 (121).png,2,3,3,True,300,False,709,True
E:\KNEE_fewshot\external\MedicalExpert-I\2Mild\MildG2 (101).png,MildG2 (101).png,4,2,2,True,300,False,710,True
E:\KNEE_fewshot\external\MedicalExpert-I\1Doubtful\DoubtfulG1 (77).png,DoubtfulG1 (77).png,1,1,1,True,300,False,711,True
E:\KNEE_fewshot\external\MedicalExpert-I\2Mild\MildG2 (128).png,MildG2 (128).png,1,2,2,True,300,False,499,False
E:\KNEE_fewshot\external\MedicalExpert-I\1Doubtful\DoubtfulG1 (208).png,DoubtfulG1 (208).png,1,1,1,True,300,False,712,True
E:\KNEE_fewshot\external\MedicalExpert-I\3Moderate\ModerateG3 (165).png,ModerateG3 (165).png,1,3,3,True,300,False,713,True
E:\KNEE_fewshot\external\MedicalExpert-I\0Normal\NormalG0 (97).png,NormalG0 (97).png,1,0,0,True,300,False,714,True
E:\KNEE_fewshot\external\MedicalExpert-I\0Normal\NormalG0 (55).png,NormalG0 (55).png,1,0,0,True,300,False,715,True
E:\KNEE_fewshot\external\MedicalExpert-I\0Normal\NormalG0 (198).png,NormalG0 (198).png,1,0,0,True,300,False,716,True
E:\KNEE_fewshot\external\MedicalExpert-I\1Doubtful\DoubtfulG1 (80).png,DoubtfulG1 (80).png,1,1,1,True,300,False,493,False
E:\KNEE_fewshot\external\MedicalExpert-I\2Mild\MildG2 (124).png,MildG2 (124).png,1,2,2,True,300,False,717,True
E:\KNEE_fewshot\external\MedicalExpert-I\0Normal\NormalG0 (367).png,NormalG0 (367).png,1,0,0,True,300,False,127,False
E:\KNEE_fewshot\external\MedicalExpert-I\2Mild\MildG2 (19).png,MildG2 (19).png,1,2,2,True,300,False,45,False
E:\KNEE_fewshot\external\MedicalExpert-I\0Normal\NormalG0 (337).png,NormalG0 (337).png,1,0,0,True,300,False,652,False
E:\KNEE_fewshot\external\MedicalExpert-I\0Normal\NormalG0 (411).png,NormalG0 (411).png,1,0,0,True,300,False,718,True
E:\KNEE_fewshot\external\MedicalExpert-I\2Mild\MildG2 (127).png,MildG2 (127).png,1,2,2,True,300,False,719,True
E:\KNEE_fewshot\external\MedicalExpert-I\2Mild\MildG2 (175).png,MildG2 (175).png,1,2,2,True,300,False,720,True
E:\KNEE_fewshot\external\MedicalExpert-I\3Moderate\ModerateG3 (160).png,ModerateG3 (160).png,1,3,3,True,300,False,721,True
E:\KNEE_fewshot\external\MedicalExpert-I\2Mild\MildG2 (180).png,MildG2 (180).png,1,2,2,True,300,False,722,True
E:\KNEE_fewshot\external\MedicalExpert-I\4Severe\SevereG4 (191).png,SevereG4 (191).png,1,4,4,True,300,False,723,True
E:\KNEE_fewshot\external\MedicalExpert-I\4Severe\SevereG4 (71).png,SevereG4 (71).png,1,4,4,True,300,False,724,True
E:\KNEE_fewshot\external\MedicalExpert-I\4Severe\SevereG4 (64).png,SevereG4 (64).png,1,4,4,True,300,False,725,True
E:\KNEE_fewshot\external\MedicalExpert-I\4Severe\SevereG4 (29).png,SevereG4 (29).png,1,4,4,True,300,False,726,True
E:\KNEE_fewshot\external\MedicalExpert-I\4Severe\SevereG4 (18).png,SevereG4 (18).png,1,4,4,True,300,False,727,True
E:\KNEE_fewshot\external\MedicalExpert-I\1Doubtful\DoubtfulG1 (253).png,DoubtfulG1 (253).png,1,1,1,True,300,False,728,True
E:\KNEE_fewshot\external\MedicalExpert-I\4Severe\SevereG4 (99).png,SevereG4 (99).png,1,4,4,True,300,False,729,True
E:\KNEE_fewshot\external\MedicalExpert-I\0Normal\NormalG0 (353).png,NormalG0 (353).png,1,0,0,True,300,False,730,True
E:\KNEE_fewshot\external\MedicalExpert-I\3Moderate\ModerateG3 (172).png,ModerateG3 (172).png,1,3,3,True,300,False,731,True
E:\KNEE_fewshot\external\MedicalExpert-I\3Moderate\ModerateG3 (26).png,ModerateG3 (26).png,1,3,3,True,300,False,732,True
E:\KNEE_fewshot\external\MedicalExpert-I\0Normal\NormalG0 (7).png,NormalG0 (7).png,1,0,0,True,300,False,733,True
E:\KNEE_fewshot\external\MedicalExpert-I\2Mild\MildG2 (49).png,MildG2 (49).png,1,2,2,True,300,False,734,True
E:\KNEE_fewshot\external\MedicalExpert-I\2Mild\MildG2 (77).png,MildG2 (77).png,1,2,2,True,300,False,735,True
E:\KNEE_fewshot\external\MedicalExpert-I\2Mild\MildG2 (125).png,MildG2 (125).png,1,2,2,True,300,False,284,False
E:\KNEE_fewshot\external\MedicalExpert-I\1Doubtful\DoubtfulG1 (173).png,DoubtfulG1 (173).png,1,1,1,True,300,False,736,True
E:\KNEE_fewshot\external\MedicalExpert-I\1Doubtful\DoubtfulG1 (320).png,DoubtfulG1 (320).png,1,1,1,True,300,False,737,True
E:\KNEE_fewshot\external\MedicalExpert-I\4Severe\SevereG4 (36).png,SevereG4 (36).png,1,4,4,True,300,False,738,True
E:\KNEE_fewshot\external\MedicalExpert-I\1Doubtful\DoubtfulG1 (304).png,DoubtfulG1 (304).png,1,1,1,True,300,False,739,True
E:\KNEE_fewshot\external\MedicalExpert-I\0Normal\NormalG0 (72).png,NormalG0 (72).png,1,0,0,True,300,False,740,True
E:\KNEE_fewshot\external\MedicalExpert-I\0Normal\NormalG0 (126).png,NormalG0 (126).png,1,0,0,True,300,False,741,True
E:\KNEE_fewshot\external\MedicalExpert-I\4Severe\SevereG4 (21).png,SevereG4 (21).png,1,4,4,True,300,False,742,True
E:\KNEE_fewshot\external\MedicalExpert-I\4Severe\SevereG4 (184).png,SevereG4 (184).png,1,4,4,True,300,False,743,True
E:\KNEE_fewshot\external\MedicalExpert-I\0Normal\NormalG0 (431).png,NormalG0 (431).png,1,0,0,True,300,False,654,False
E:\KNEE_fewshot\external\MedicalExpert-I\1Doubtful\DoubtfulG1 (381).png,DoubtfulG1 (381).png,1,1,1,True,300,False,744,True
E:\KNEE_fewshot\external\MedicalExpert-I\0Normal\NormalG0 (368).png,NormalG0 (368).png,1,0,0,True,300,False,745,True
E:\KNEE_fewshot\external\MedicalExpert-I\1Doubtful\DoubtfulG1 (17).png,DoubtfulG1 (17).png,1,1,1,True,300,False,746,True
E:\KNEE_fewshot\external\MedicalExpert-I\1Doubtful\DoubtfulG1 (243).png,DoubtfulG1 (243).png,1,1,1,True,300,False,747,True
E:\KNEE_fewshot\external\MedicalExpert-I\0Normal\NormalG0 (364).png,NormalG0 (364).png,1,0,0,True,300,False,748,True
E:\KNEE_fewshot\external\MedicalExpert-I\2Mild\MildG2 (89).png,MildG2 (89).png,1,2,2,True,300,False,749,True
E:\KNEE_fewshot\external\MedicalExpert-I\4Severe\SevereG4 (38).png,SevereG4 (38).png,1,4,4,True,300,False,750,True
E:\KNEE_fewshot\external\MedicalExpert-I\2Mild\MildG2 (20).png,MildG2 (20).png,1,2,2,True,300,False,751,True
E:\KNEE_fewshot\external\MedicalExpert-I\1Doubtful\DoubtfulG1 (354).png,DoubtfulG1 (354).png,1,1,1,True,300,False,752,True
E:\KNEE_fewshot\external\MedicalExpert-I\3Moderate\ModerateG3 (13).png,ModerateG3 (13).png,1,3,3,True,300,False,753,True
E:\KNEE_fewshot\external\MedicalExpert-I\0Normal\NormalG0 (122).png,NormalG0 (122).png,1,0,0,True,300,False,754,True
E:\KNEE_fewshot\external\MedicalExpert-I\4Severe\SevereG4 (20).png,SevereG4 (20).png,1,4,4,True,300,False,755,True
E:\KNEE_fewshot\external\MedicalExpert-I\0Normal\NormalG0 (421).png,NormalG0 (421).png,1,0,0,True,300,False,390,False
E:\KNEE_fewshot\external\MedicalExpert-I\1Doubtful\DoubtfulG1 (163).png,DoubtfulG1 (163).png,1,1,1,True,300,False,756,True
E:\KNEE_fewshot\external\MedicalExpert-I\1Doubtful\DoubtfulG1 (399).png,DoubtfulG1 (399).png,1,1,1,True,300,False,757,True
E:\KNEE_fewshot\external\MedicalExpert-I\1Doubtful\DoubtfulG1 (61).png,DoubtfulG1 (61).png,1,1,1,True,300,False,417,False
E:\KNEE_fewshot\external\MedicalExpert-I\4Severe\SevereG4 (168).png,SevereG4 (168).png,1,4,4,True,300,False,758,True
E:\KNEE_fewshot\external\MedicalExpert-I\1Doubtful\DoubtfulG1 (194).png,DoubtfulG1 (194).png,1,1,1,True,300,False,759,True
E:\KNEE_fewshot\external\MedicalExpert-I\4Severe\SevereG4 (15).png,SevereG4 (15).png,1,4,4,True,300,False,760,True
E:\KNEE_fewshot\external\MedicalExpert-I\2Mild\MildG2 (161).png,MildG2 (161).png,1,2,2,True,300,False,761,True
E:\KNEE_fewshot\external\MedicalExpert-I\1Doubtful\DoubtfulG1 (107).png,DoubtfulG1 (107).png,1,1,1,True,300,False,762,True
E:\KNEE_fewshot\external\MedicalExpert-I\0Normal\NormalG0 (231).png,NormalG0 (231).png,1,0,0,True,300,False,763,True
E:\KNEE_fewshot\external\MedicalExpert-I\2Mild\MildG2 (4).png,MildG2 (4).png,1,2,2,True,300,False,764,True
E:\KNEE_fewshot\external\MedicalExpert-I\0Normal\NormalG0 (355).png,NormalG0 (355).png,1,0,0,True,300,False,654,False
E:\KNEE_fewshot\external\MedicalExpert-I\0Normal\NormalG0 (9).png,NormalG0 (9).png,1,0,0,True,300,False,765,True
E:\KNEE_fewshot\external\MedicalExpert-I\1Doubtful\DoubtfulG1 (112).png,DoubtfulG1 (112).png,1,1,1,True,300,False,766,True
E:\KNEE_fewshot\external\MedicalExpert-I\1Doubtful\DoubtfulG1 (277).png,DoubtfulG1 (277).png,1,1,1,True,300,False,767,True
E:\KNEE_fewshot\external\MedicalExpert-I\0Normal\NormalG0 (195).png,NormalG0 (195).png,1,0,0,True,300,False,768,True
E:\KNEE_fewshot\external\MedicalExpert-I\1Doubtful\DoubtfulG1 (345).png,DoubtfulG1 (345).png,1,1,1,True,300,False,769,True
E:\KNEE_fewshot\external\MedicalExpert-I\2Mild\MildG2 (95).png,MildG2 (95).png,1,2,2,True,300,False,770,True
E:\KNEE_fewshot\external\MedicalExpert-I\0Normal\NormalG0 (73).png,NormalG0 (73).png,1,0,0,True,300,False,771,True
E:\KNEE_fewshot\external\MedicalExpert-I\1Doubtful\DoubtfulG1 (104).png,DoubtfulG1 (104).png,1,1,1,True,300,False,772,True
E:\KNEE_fewshot\external\MedicalExpert-I\1Doubtful\DoubtfulG1 (211).png,DoubtfulG1 (211).png,1,1,1,True,300,False,773,True
E:\KNEE_fewshot\external\MedicalExpert-I\1Doubtful\DoubtfulG1 (430).png,DoubtfulG1 (430).png,1,1,1,True,300,False,774,True
E:\KNEE_fewshot\external\MedicalExpert-I\4Severe\SevereG4 (142).png,SevereG4 (142).png,1,4,4,True,300,False,775,True
E:\KNEE_fewshot\external\MedicalExpert-I\0Normal\NormalG0 (14).png,NormalG0 (14).png,1,0,0,True,300,False,776,True
E:\KNEE_fewshot\external\MedicalExpert-I\4Severe\SevereG4 (55).png,SevereG4 (55).png,1,4,4,True,300,False,777,True
E:\KNEE_fewshot\external\MedicalExpert-I\1Doubtful\DoubtfulG1 (284).png,DoubtfulG1 (284).png,1,1,1,True,300,False,778,True
E:\KNEE_fewshot\external\MedicalExpert-I\1Doubtful\DoubtfulG1 (440).png,DoubtfulG1 (440).png,1,1,1,True,300,False,779,True
E:\KNEE_fewshot\external\MedicalExpert-I\0Normal\NormalG0 (85).png,NormalG0 (85).png,1,0,0,True,300,False,780,True
E:\KNEE_fewshot\external\MedicalExpert-I\0Normal\NormalG0 (448).png,NormalG0 (448).png,1,0,0,True,300,False,781,True
E:\KNEE_fewshot\external\MedicalExpert-I\0Normal\NormalG0 (129).png,NormalG0 (129).png,1,0,0,True,300,False,782,True
E:\KNEE_fewshot\external\MedicalExpert-I\0Normal\NormalG0 (327).png,NormalG0 (327).png,1,0,0,True,300,False,783,True
E:\KNEE_fewshot\external\MedicalExpert-I\2Mild\MildG2 (152).png,MildG2 (152).png,1,2,2,True,300,False,784,True
E:\KNEE_fewshot\external\MedicalExpert-I\4Severe\SevereG4 (169).png,SevereG4 (169).png,1,4,4,True,300,False,785,True
E:\KNEE_fewshot\external\MedicalExpert-I\0Normal\NormalG0 (257).png,NormalG0 (257).png,1,0,0,True,300,False,275,False
E:\KNEE_fewshot\external\MedicalExpert-I\1Doubtful\DoubtfulG1 (314).png,DoubtfulG1 (314).png,1,1,1,True,300,False,786,True
E:\KNEE_fewshot\external\MedicalExpert-I\4Severe\SevereG4 (106).png,SevereG4 (106).png,1,4,4,True,300,False,787,True
E:\KNEE_fewshot\external\MedicalExpert-I\1Doubtful\DoubtfulG1 (180).png,DoubtfulG1 (180).png,1,1,1,True,300,False,788,True
E:\KNEE_fewshot\external\MedicalExpert-I\1Doubtful\DoubtfulG1 (8).png,DoubtfulG1 (8).png,1,1,1,True,300,False,417,False
E:\KNEE_fewshot\external\MedicalExpert-I\1Doubtful\DoubtfulG1 (195).png,DoubtfulG1 (195).png,1,1,1,True,300,False,789,True
E:\KNEE_fewshot\external\MedicalExpert-I\0Normal\NormalG0 (22).png,NormalG0 (22).png,1,0,0,True,300,False,790,True
E:\KNEE_fewshot\external\MedicalExpert-I\0Normal\NormalG0 (243).png,NormalG0 (243).png,1,0,0,True,300,False,791,True
E:\KNEE_fewshot\external\MedicalExpert-I\4Severe\SevereG4 (7).png,SevereG4 (7).png,1,4,4,True,300,False,792,True
E:\KNEE_fewshot\external\MedicalExpert-I\2Mild\MildG2 (162).png,MildG2 (162).png,1,2,2,True,300,False,16,False
E:\KNEE_fewshot\external\MedicalExpert-I\0Normal\NormalG0 (350).png,NormalG0 (350).png,1,0,0,True,300,False,793,True
E:\KNEE_fewshot\external\MedicalExpert-I\2Mild\MildG2 (135).png,MildG2 (135).png,1,2,2,True,300,False,794,True
E:\KNEE_fewshot\external\MedicalExpert-I\0Normal\NormalG0 (416).png,NormalG0 (416).png,1,0,0,True,300,False,795,True
E:\KNEE_fewshot\external\MedicalExpert-I\0Normal\NormalG0 (245).png,NormalG0 (245).png,1,0,0,True,300,False,796,True
E:\KNEE_fewshot\external\MedicalExpert-I\1Doubtful\DoubtfulG1 (125).png,DoubtfulG1 (125).png,1,1,1,True,300,False,797,True
E:\KNEE_fewshot\external\MedicalExpert-I\0Normal\NormalG0 (415).png,NormalG0 (415).png,1,0,0,True,300,False,329,False
E:\KNEE_fewshot\external\MedicalExpert-I\1Doubtful\DoubtfulG1 (183).png,DoubtfulG1 (183).png,1,1,1,True,300,False,798,True
E:\KNEE_fewshot\external\MedicalExpert-I\0Normal\NormalG0 (100).png,NormalG0 (100).png,1,0,0,True,300,False,799,True
E:\KNEE_fewshot\external\MedicalExpert-I\0Normal\NormalG0 (400).png,NormalG0 (400).png,1,0,0,True,300,False,800,True
E:\KNEE_fewshot\external\MedicalExpert-I\0Normal\NormalG0 (230).png,NormalG0 (230).png,1,0,0,True,300,False,341,False
E:\KNEE_fewshot\external\MedicalExpert-I\2Mild\MildG2 (28).png,MildG2 (28).png,1,2,2,True,300,False,801,True
E:\KNEE_fewshot\external\MedicalExpert-I\1Doubtful\DoubtfulG1 (184).png,DoubtfulG1 (184).png,1,1,1,True,300,False,802,True
E:\KNEE_fewshot\external\MedicalExpert-I\1Doubtful\DoubtfulG1 (119).png,DoubtfulG1 (119).png,1,1,1,True,300,False,803,True
E:\KNEE_fewshot\external\MedicalExpert-I\1Doubtful\DoubtfulG1 (232).png,DoubtfulG1 (232).png,1,1,1,True,300,False,804,True
E:\KNEE_fewshot\external\MedicalExpert-I\1Doubtful\DoubtfulG1 (1).png,DoubtfulG1 (1).png,1,1,1,True,300,False,805,True
E:\KNEE_fewshot\external\MedicalExpert-I\0Normal\NormalG0 (58).png,NormalG0 (58).png,1,0,0,True,300,False,806,True
E:\KNEE_fewshot\external\MedicalExpert-I\0Normal\NormalG0 (25).png,NormalG0 (25).png,1,0,0,True,300,False,807,True
E:\KNEE_fewshot\external\MedicalExpert-I\2Mild\MildG2 (103).png,MildG2 (103).png,1,2,2,True,300,False,808,True
E:\KNEE_fewshot\external\MedicalExpert-I\3Moderate\ModerateG3 (12).png,ModerateG3 (12).png,1,3,3,True,300,False,809,True
E:\KNEE_fewshot\external\MedicalExpert-I\1Doubtful\DoubtfulG1 (14).png,DoubtfulG1 (14).png,1,1,1,True,300,False,810,True
E:\KNEE_fewshot\external\MedicalExpert-I\2Mild\MildG2 (86).png,MildG2 (86).png,1,2,2,True,300,False,811,True
E:\KNEE_fewshot\external\MedicalExpert-I\0Normal\NormalG0 (299).png,NormalG0 (299).png,2,0,0,True,300,False,812,True
E:\KNEE_fewshot\external\MedicalExpert-I\1Doubtful\DoubtfulG1 (421).png,DoubtfulG1 (421).png,1,1,1,True,300,False,813,True
E:\KNEE_fewshot\external\MedicalExpert-I\1Doubtful\DoubtfulG1 (336).png,DoubtfulG1 (336).png,1,1,1,True,300,False,427,False
E:\KNEE_fewshot\external\MedicalExpert-I\1Doubtful\DoubtfulG1 (187).png,DoubtfulG1 (187).png,1,1,1,True,300,False,814,True
E:\KNEE_fewshot\external\MedicalExpert-I\0Normal\NormalG0 (136).png,NormalG0 (136).png,1,0,0,True,300,False,815,True
E:\KNEE_fewshot\external\MedicalExpert-I\1Doubtful\DoubtfulG1 (41).png,DoubtfulG1 (41).png,1,1,1,True,300,False,674,False
E:\KNEE_fewshot\external\MedicalExpert-I\3Moderate\ModerateG3 (147).png,ModerateG3 (147).png,1,3,3,True,300,False,816,True
E:\KNEE_fewshot\external\MedicalExpert-I\1Doubtful\DoubtfulG1 (143).png,DoubtfulG1 (143).png,1,1,1,True,300,False,817,True
E:\KNEE_fewshot\external\MedicalExpert-I\1Doubtful\DoubtfulG1 (234).png,DoubtfulG1 (234).png,1,1,1,True,300,False,818,True
E:\KNEE_fewshot\external\MedicalExpert-I\1Doubtful\DoubtfulG1 (422).png,DoubtfulG1 (422).png,1,1,1,True,300,False,819,True
E:\KNEE_fewshot\external\MedicalExpert-I\0Normal\NormalG0 (183).png,NormalG0 (183).png,1,0,0,True,300,False,820,True
E:\KNEE_fewshot\external\MedicalExpert-I\3Moderate\ModerateG3 (132).png,ModerateG3 (132).png,1,3,3,True,300,False,821,True
E:\KNEE_fewshot\external\MedicalExpert-I\0Normal\NormalG0 (253).png,NormalG0 (253).png,1,0,0,True,300,False,822,True
E:\KNEE_fewshot\external\MedicalExpert-I\4Severe\SevereG4 (85).png,SevereG4 (85).png,1,4,4,True,300,False,823,True
E:\KNEE_fewshot\external\MedicalExpert-I\1Doubtful\DoubtfulG1 (231).png,DoubtfulG1 (231).png,1,1,1,True,300,False,824,True
E:\KNEE_fewshot\external\MedicalExpert-I\1Doubtful\DoubtfulG1 (31).png,DoubtfulG1 (31).png,1,1,1,True,300,False,478,False
E:\KNEE_fewshot\external\MedicalExpert-I\1Doubtful\DoubtfulG1 (89).png,DoubtfulG1 (89).png,1,1,1,True,300,False,825,True
E:\KNEE_fewshot\external\MedicalExpert-I\1Doubtful\DoubtfulG1 (347).png,DoubtfulG1 (347).png,1,1,1,True,300,False,826,True
E:\KNEE_fewshot\external\MedicalExpert-I\0Normal\NormalG0 (165).png,NormalG0 (165).png,1,0,0,True,300,False,827,True
E:\KNEE_fewshot\external\MedicalExpert-I\4Severe\SevereG4 (197).png,SevereG4 (197).png,1,4,4,True,300,False,828,True
E:\KNEE_fewshot\external\MedicalExpert-I\4Severe\SevereG4 (155).png,SevereG4 (155).png,1,4,4,True,300,False,829,True
E:\KNEE_fewshot\external\MedicalExpert-I\0Normal\NormalG0 (379).png,NormalG0 (379).png,1,0,1,False,300,False,830,True
E:\KNEE_fewshot\external\MedicalExpert-I\0Normal\NormalG0 (75).png,NormalG0 (75).png,1,0,0,True,300,False,831,True
E:\KNEE_fewshot\external\MedicalExpert-I\1Doubtful\DoubtfulG1 (376).png,DoubtfulG1 (376).png,1,1,1,True,300,False,832,True
E:\KNEE_fewshot\external\MedicalExpert-I\0Normal\NormalG0 (65).png,NormalG0 (65).png,1,0,0,True,300,False,833,True
E:\KNEE_fewshot\external\MedicalExpert-I\2Mild\MildG2 (22).png,MildG2 (22).png,1,2,2,True,300,False,834,True
E:\KNEE_fewshot\external\MedicalExpert-I\0Normal\NormalG0 (436).png,NormalG0 (436).png,1,0,0,True,300,False,835,True
E:\KNEE_fewshot\external\MedicalExpert-I\1Doubtful\DoubtfulG1 (174).png,DoubtfulG1 (174).png,1,1,1,True,300,False,836,True
E:\KNEE_fewshot\external\MedicalExpert-I\3Moderate\ModerateG3 (171).png,ModerateG3 (171).png,1,3,3,True,300,False,837,True
E:\KNEE_fewshot\external\MedicalExpert-I\1Doubtful\DoubtfulG1 (71).png,DoubtfulG1 (71).png,1,1,1,True,300,False,838,True
E:\KNEE_fewshot\external\MedicalExpert-I\1Doubtful\DoubtfulG1 (269).png,DoubtfulG1 (269).png,1,1,1,True,300,False,839,True
E:\KNEE_fewshot\external\MedicalExpert-I\0Normal\NormalG0 (425).png,NormalG0 (425).png,1,0,0,True,300,False,840,True
E:\KNEE_fewshot\external\MedicalExpert-I\1Doubtful\DoubtfulG1 (377).png,DoubtfulG1 (377).png,1,1,1,True,300,False,826,False
E:\KNEE_fewshot\external\MedicalExpert-I\0Normal\NormalG0 (135).png,NormalG0 (135).png,1,0,0,True,300,False,841,True
E:\KNEE_fewshot\external\MedicalExpert-I\0Normal\NormalG0 (49).png,NormalG0 (49).png,1,0,0,True,300,False,842,True
E:\KNEE_fewshot\external\MedicalExpert-I\0Normal\NormalG0 (351).png,NormalG0 (351).png,1,0,0,True,300,False,843,True
E:\KNEE_fewshot\external\MedicalExpert-I\0Normal\NormalG0 (406).png,NormalG0 (406).png,1,0,0,True,300,False,127,False
E:\KNEE_fewshot\external\MedicalExpert-I\0Normal\NormalG0 (298).png,NormalG0 (298).png,1,0,0,True,300,False,63,False
E:\KNEE_fewshot\external\MedicalExpert-I\4Severe\SevereG4 (73).png,SevereG4 (73).png,1,4,4,True,300,False,844,True
E:\KNEE_fewshot\external\MedicalExpert-I\4Severe\SevereG4 (164).png,SevereG4 (164).png,1,4,4,True,300,False,845,True
E:\KNEE_fewshot\external\MedicalExpert-I\2Mild\MildG2 (167).png,MildG2 (167).png,1,2,2,True,300,False,846,True
E:\KNEE_fewshot\external\MedicalExpert-I\4Severe\SevereG4 (159).png,SevereG4 (159).png,1,4,4,True,300,False,40,False
E:\KNEE_fewshot\external\MedicalExpert-I\2Mild\MildG2 (156).png,MildG2 (156).png,1,2,2,True,300,False,847,True
E:\KNEE_fewshot\external\MedicalExpert-I\4Severe\SevereG4 (139).png,SevereG4 (139).png,1,4,4,True,300,False,848,True
E:\KNEE_fewshot\external\MedicalExpert-I\1Doubtful\DoubtfulG1 (383).png,DoubtfulG1 (383).png,2,1,1,True,300,False,849,True
E:\KNEE_fewshot\external\MedicalExpert-I\1Doubtful\DoubtfulG1 (251).png,DoubtfulG1 (251).png,1,1,1,True,300,False,850,True
E:\KNEE_fewshot\external\MedicalExpert-I\1Doubtful\DoubtfulG1 (175).png,DoubtfulG1 (175).png,1,1,1,True,300,False,851,True
E:\KNEE_fewshot\external\MedicalExpert-I\1Doubtful\DoubtfulG1 (130).png,DoubtfulG1 (130).png,1,1,1,True,300,False,132,False
E:\KNEE_fewshot\external\MedicalExpert-I\3Moderate\ModerateG3 (113).png,ModerateG3 (113).png,1,3,3,True,300,False,852,True
E:\KNEE_fewshot\external\MedicalExpert-I\3Moderate\ModerateG3 (167).png,ModerateG3 (167).png,1,3,3,True,300,False,853,True
E:\KNEE_fewshot\external\MedicalExpert-I\4Severe\SevereG4 (57).png,SevereG4 (57).png,1,4,4,True,300,False,854,True
E:\KNEE_fewshot\external\MedicalExpert-I\0Normal\NormalG0 (110).png,NormalG0 (110).png,1,0,0,True,300,False,855,True
E:\KNEE_fewshot\external\MedicalExpert-I\1Doubtful\DoubtfulG1 (327).png,DoubtfulG1 (327).png,1,1,1,True,300,False,856,True
E:\KNEE_fewshot\external\MedicalExpert-I\0Normal\NormalG0 (249).png,NormalG0 (249).png,1,0,0,True,300,False,857,True
E:\KNEE_fewshot\external\MedicalExpert-I\0Normal\NormalG0 (115).png,NormalG0 (115).png,1,0,0,True,300,False,858,True
E:\KNEE_fewshot\external\MedicalExpert-I\1Doubtful\DoubtfulG1 (241).png,DoubtfulG1 (241).png,1,1,1,True,300,False,859,True
E:\KNEE_fewshot\external\MedicalExpert-I\1Doubtful\DoubtfulG1 (45).png,DoubtfulG1 (45).png,1,1,1,True,300,False,478,False
E:\KNEE_fewshot\external\MedicalExpert-I\3Moderate\ModerateG3 (17).png,ModerateG3 (17).png,1,3,3,True,300,False,163,False
E:\KNEE_fewshot\external\MedicalExpert-I\3Moderate\ModerateG3 (44).png,ModerateG3 (44).png,1,3,3,True,300,False,466,False
E:\KNEE_fewshot\external\MedicalExpert-I\0Normal\NormalG0 (410).png,NormalG0 (410).png,1,0,0,True,300,False,860,True
E:\KNEE_fewshot\external\MedicalExpert-I\4Severe\SevereG4 (204).png,SevereG4 (204).png,1,4,4,True,300,False,861,True
E:\KNEE_fewshot\external\MedicalExpert-I\1Doubtful\DoubtfulG1 (63).png,DoubtfulG1 (63).png,1,1,1,True,300,False,862,True
E:\KNEE_fewshot\external\MedicalExpert-I\0Normal\NormalG0 (196).png,NormalG0 (196).png,1,0,0,True,300,False,863,True
E:\KNEE_fewshot\external\MedicalExpert-I\4Severe\SevereG4 (92).png,SevereG4 (92).png,1,4,4,True,300,False,864,True
E:\KNEE_fewshot\external\MedicalExpert-I\0Normal\NormalG0 (174).png,NormalG0 (174).png,1,0,0,True,300,False,865,True
E:\KNEE_fewshot\external\MedicalExpert-I\0Normal\NormalG0 (396).png,NormalG0 (396).png,1,0,0,True,300,False,866,True
E:\KNEE_fewshot\external\MedicalExpert-I\1Doubtful\DoubtfulG1 (179).png,DoubtfulG1 (179).png,1,1,1,True,300,False,867,True
E:\KNEE_fewshot\external\MedicalExpert-I\0Normal\NormalG0 (385).png,NormalG0 (385).png,1,0,0,True,300,False,868,True
E:\KNEE_fewshot\external\MedicalExpert-I\0Normal\NormalG0 (251).png,NormalG0 (251).png,1,0,0,True,300,False,869,True
E:\KNEE_fewshot\external\MedicalExpert-I\4Severe\SevereG4 (82).png,SevereG4 (82).png,1,4,4,True,300,False,870,True
E:\KNEE_fewshot\external\MedicalExpert-I\2Mild\MildG2 (104).png,MildG2 (104).png,1,2,2,True,300,False,871,True
E:\KNEE_fewshot\external\MedicalExpert-I\4Severe\SevereG4 (148).png,SevereG4 (148).png,1,4,4,True,300,False,872,True
E:\KNEE_fewshot\external\MedicalExpert-I\3Moderate\ModerateG3 (37).png,ModerateG3 (37).png,2,3,3,True,300,False,873,True
E:\KNEE_fewshot\external\MedicalExpert-I\4Severe\SevereG4 (35).png,SevereG4 (35).png,1,4,4,True,300,False,874,True
E:\KNEE_fewshot\external\MedicalExpert-I\4Severe\SevereG4 (162).png,SevereG4 (162).png,1,4,4,True,300,False,875,True
E:\KNEE_fewshot\external\MedicalExpert-I\4Severe\SevereG4 (105).png,SevereG4 (105).png,1,4,4,True,300,False,876,True
E:\KNEE_fewshot\external\MedicalExpert-I\4Severe\SevereG4 (93).png,SevereG4 (93).png,1,4,4,True,300,False,877,True
E:\KNEE_fewshot\external\MedicalExpert-I\0Normal\NormalG0 (440).png,NormalG0 (440).png,1,0,0,True,300,False,878,True
E:\KNEE_fewshot\external\MedicalExpert-I\0Normal\NormalG0 (248).png,NormalG0 (248).png,1,0,0,True,300,False,879,True
E:\KNEE_fewshot\external\MedicalExpert-I\1Doubtful\DoubtfulG1 (197).png,DoubtfulG1 (197).png,1,1,1,True,300,False,880,True
E:\KNEE_fewshot\external\MedicalExpert-I\1Doubtful\DoubtfulG1 (407).png,DoubtfulG1 (407).png,1,1,1,True,300,False,881,True
E:\KNEE_fewshot\external\MedicalExpert-I\2Mild\MildG2 (58).png,MildG2 (58).png,1,2,2,True,300,False,882,True
E:\KNEE_fewshot\external\MedicalExpert-I\0Normal\NormalG0 (366).png,NormalG0 (366).png,1,0,0,True,300,False,883,True
E:\KNEE_fewshot\external\MedicalExpert-I\3Moderate\ModerateG3 (124).png,ModerateG3 (124).png,1,3,3,True,300,False,884,True
E:\KNEE_fewshot\external\MedicalExpert-I\0Normal\NormalG0 (4).png,NormalG0 (4).png,1,0,0,True,300,False,885,True
E:\KNEE_fewshot\external\MedicalExpert-I\1Doubtful\DoubtfulG1 (20).png,DoubtfulG1 (20).png,1,1,1,True,300,False,886,True
E:\KNEE_fewshot\external\MedicalExpert-I\0Normal\NormalG0 (426).png,NormalG0 (426).png,1,0,0,True,300,False,590,False
E:\KNEE_fewshot\external\MedicalExpert-I\0Normal\NormalG0 (188).png,NormalG0 (188).png,1,0,0,True,300,False,887,True
E:\KNEE_fewshot\external\MedicalExpert-I\0Normal\NormalG0 (108).png,NormalG0 (108).png,1,0,0,True,300,False,888,True
E:\KNEE_fewshot\external\MedicalExpert-I\1Doubtful\DoubtfulG1 (329).png,DoubtfulG1 (329).png,2,1,1,True,300,False,889,True
E:\KNEE_fewshot\external\MedicalExpert-I\1Doubtful\DoubtfulG1 (160).png,DoubtfulG1 (160).png,1,1,1,True,300,False,890,True
E:\KNEE_fewshot\external\MedicalExpert-I\1Doubtful\DoubtfulG1 (121).png,DoubtfulG1 (121).png,1,1,1,True,300,False,891,True
E:\KNEE_fewshot\external\MedicalExpert-I\1Doubtful\DoubtfulG1 (281).png,DoubtfulG1 (281).png,1,1,1,True,300,False,892,True
E:\KNEE_fewshot\external\MedicalExpert-I\3Moderate\ModerateG3 (71).png,ModerateG3 (71).png,1,3,3,True,300,False,893,True
E:\KNEE_fewshot\external\MedicalExpert-I\4Severe\SevereG4 (42).png,SevereG4 (42).png,1,4,4,True,300,False,894,True
E:\KNEE_fewshot\external\MedicalExpert-I\0Normal\NormalG0 (330).png,NormalG0 (330).png,1,0,0,True,300,False,390,False
E:\KNEE_fewshot\external\MedicalExpert-I\4Severe\SevereG4 (125).png,SevereG4 (125).png,1,4,4,True,300,False,895,True
E:\KNEE_fewshot\external\MedicalExpert-I\0Normal\NormalG0 (186).png,NormalG0 (186).png,1,0,0,True,300,False,896,True
E:\KNEE_fewshot\external\MedicalExpert-I\3Moderate\ModerateG3 (15).png,ModerateG3 (15).png,1,3,3,True,300,False,897,True
E:\KNEE_fewshot\external\MedicalExpert-I\3Moderate\ModerateG3 (138).png,ModerateG3 (138).png,1,3,3,True,300,False,898,True
E:\KNEE_fewshot\external\MedicalExpert-I\0Normal\NormalG0 (181).png,NormalG0 (181).png,1,0,0,True,300,False,899,True
E:\KNEE_fewshot\external\MedicalExpert-I\4Severe\SevereG4 (88).png,SevereG4 (88).png,1,4,4,True,300,False,900,True
E:\KNEE_fewshot\external\MedicalExpert-I\1Doubtful\DoubtfulG1 (34).png,DoubtfulG1 (34).png,1,1,1,True,300,False,901,True
E:\KNEE_fewshot\external\MedicalExpert-I\1Doubtful\DoubtfulG1 (432).png,DoubtfulG1 (432).png,1,1,1,True,300,False,902,True
E:\KNEE_fewshot\external\MedicalExpert-I\3Moderate\ModerateG3 (103).png,ModerateG3 (103).png,1,3,3,True,300,False,903,True
E:\KNEE_fewshot\external\MedicalExpert-I\0Normal\NormalG0 (27).png,NormalG0 (27).png,1,0,0,True,300,False,904,True
E:\KNEE_fewshot\external\MedicalExpert-I\2Mild\MildG2 (44).png,MildG2 (44).png,1,2,2,True,300,False,905,True
E:\KNEE_fewshot\external\MedicalExpert-I\0Normal\NormalG0 (219).png,NormalG0 (219).png,1,0,0,True,300,False,906,True
E:\KNEE_fewshot\external\MedicalExpert-I\1Doubtful\DoubtfulG1 (33).png,DoubtfulG1 (33).png,1,1,1,True,300,False,907,True
E:\KNEE_fewshot\external\MedicalExpert-I\1Doubtful\DoubtfulG1 (193).png,DoubtfulG1 (193).png,1,1,1,True,300,False,908,True
E:\KNEE_fewshot\external\MedicalExpert-I\1Doubtful\DoubtfulG1 (340).png,DoubtfulG1 (340).png,1,1,1,True,300,False,909,True
E:\KNEE_fewshot\external\MedicalExpert-I\0Normal\NormalG0 (324).png,NormalG0 (324).png,1,0,0,True,300,False,329,False
E:\KNEE_fewshot\external\MedicalExpert-I\2Mild\MildG2 (69).png,MildG2 (69).png,1,2,2,True,300,False,910,True
E:\KNEE_fewshot\external\MedicalExpert-I\1Doubtful\DoubtfulG1 (256).png,DoubtfulG1 (256).png,1,1,1,True,300,False,911,True
E:\KNEE_fewshot\external\MedicalExpert-I\4Severe\SevereG4 (41).png,SevereG4 (41).png,1,4,4,True,300,False,912,True
E:\KNEE_fewshot\external\MedicalExpert-I\3Moderate\ModerateG3 (38).png,ModerateG3 (38).png,1,3,3,True,300,False,913,True
E:\KNEE_fewshot\external\MedicalExpert-I\2Mild\MildG2 (59).png,MildG2 (59).png,1,2,2,True,300,False,914,True
E:\KNEE_fewshot\external\MedicalExpert-I\0Normal\NormalG0 (21).png,NormalG0 (21).png,1,0,0,True,300,False,915,True
E:\KNEE_fewshot\external\MedicalExpert-I\2Mild\MildG2 (70).png,MildG2 (70).png,1,2,2,True,300,False,916,True
E:\KNEE_fewshot\external\MedicalExpert-I\3Moderate\ModerateG3 (151).png,ModerateG3 (151).png,1,3,3,True,300,False,917,True
E:\KNEE_fewshot\external\MedicalExpert-I\2Mild\MildG2 (12).png,MildG2 (12).png,1,2,2,True,300,False,918,True
E:\KNEE_fewshot\external\MedicalExpert-I\0Normal\NormalG0 (395).png,NormalG0 (395).png,2,0,0,True,300,False,47,False
E:\KNEE_fewshot\external\MedicalExpert-I\0Normal\NormalG0 (207).png,NormalG0 (207).png,1,0,0,True,300,False,47,False
E:\KNEE_fewshot\external\MedicalExpert-I\3Moderate\ModerateG3 (173).png,ModerateG3 (173).png,1,3,3,True,300,False,731,False
E:\KNEE_fewshot\external\MedicalExpert-I\0Normal\NormalG0 (204).png,NormalG0 (204).png,2,0,0,True,300,False,919,True
E:\KNEE_fewshot\external\MedicalExpert-I\3Moderate\ModerateG3 (33).png,ModerateG3 (33).png,1,3,3,True,300,False,920,True
E:\KNEE_fewshot\external\MedicalExpert-I\3Moderate\ModerateG3 (145).png,ModerateG3 (145).png,1,3,3,True,300,False,921,True
E:\KNEE_fewshot\external\MedicalExpert-I\4Severe\SevereG4 (187).png,SevereG4 (187).png,1,4,4,True,300,False,922,True
E:\KNEE_fewshot\external\MedicalExpert-I\2Mild\MildG2 (118).png,MildG2 (118).png,1,2,2,True,300,False,923,True
E:\KNEE_fewshot\external\MedicalExpert-I\2Mild\MildG2 (144).png,MildG2 (144).png,1,2,2,True,300,False,710,False
E:\KNEE_fewshot\external\MedicalExpert-I\1Doubtful\DoubtfulG1 (276).png,DoubtfulG1 (276).png,1,1,1,True,300,False,924,True
E:\KNEE_fewshot\external\MedicalExpert-I\2Mild\MildG2 (151).png,MildG2 (151).png,1,2,2,True,300,False,925,True
E:\KNEE_fewshot\external\MedicalExpert-I\1Doubtful\DoubtfulG1 (306).png,DoubtfulG1 (306).png,1,1,1,True,300,False,926,True
E:\KNEE_fewshot\external\MedicalExpert-I\4Severe\SevereG4 (172).png,SevereG4 (172).png,1,4,4,True,300,False,927,True
E:\KNEE_fewshot\external\MedicalExpert-I\0Normal\NormalG0 (227).png,NormalG0 (227).png,1,0,0,True,300,False,928,True
E:\KNEE_fewshot\external\MedicalExpert-I\2Mild\MildG2 (47).png,MildG2 (47).png,1,2,2,True,300,False,929,True
E:\KNEE_fewshot\external\MedicalExpert-I\2Mild\MildG2 (61).png,MildG2 (61).png,1,2,2,True,300,False,930,True
E:\KNEE_fewshot\external\MedicalExpert-I\4Severe\SevereG4 (174).png,SevereG4 (174).png,1,4,4,True,300,False,931,True
E:\KNEE_fewshot\external\MedicalExpert-I\3Moderate\ModerateG3 (59).png,ModerateG3 (59).png,1,3,3,True,300,False,932,True
E:\KNEE_fewshot\external\MedicalExpert-I\0Normal\NormalG0 (404).png,NormalG0 (404).png,1,0,0,True,300,False,933,True
E:\KNEE_fewshot\external\MedicalExpert-I\3Moderate\ModerateG3 (60).png,ModerateG3 (60).png,1,3,3,True,300,False,934,True
E:\KNEE_fewshot\external\MedicalExpert-I\0Normal\NormalG0 (393).png,NormalG0 (393).png,1,0,0,True,300,False,935,True
E:\KNEE_fewshot\external\MedicalExpert-I\1Doubtful\DoubtfulG1 (92).png,DoubtfulG1 (92).png,1,1,1,True,300,False,936,True
E:\KNEE_fewshot\external\MedicalExpert-I\3Moderate\ModerateG3 (65).png,ModerateG3 (65).png,1,3,3,True,300,False,937,True
E:\KNEE_fewshot\external\MedicalExpert-I\1Doubtful\DoubtfulG1 (220).png,DoubtfulG1 (220).png,1,1,1,True,300,False,938,True
E:\KNEE_fewshot\external\MedicalExpert-I\1Doubtful\DoubtfulG1 (42).png,DoubtfulG1 (42).png,1,1,1,True,300,False,939,True
E:\KNEE_fewshot\external\MedicalExpert-I\0Normal\NormalG0 (130).png,NormalG0 (130).png,1,0,0,True,300,False,940,True
E:\KNEE_fewshot\external\MedicalExpert-I\1Doubtful\DoubtfulG1 (214).png,DoubtfulG1 (214).png,1,1,1,True,300,False,941,True
E:\KNEE_fewshot\external\MedicalExpert-I\0Normal\NormalG0 (177).png,NormalG0 (177).png,1,0,0,True,300,False,942,True
E:\KNEE_fewshot\external\MedicalExpert-I\1Doubtful\DoubtfulG1 (28).png,DoubtfulG1 (28).png,1,1,1,True,300,False,943,True
E:\KNEE_fewshot\external\MedicalExpert-I\1Doubtful\DoubtfulG1 (101).png,DoubtfulG1 (101).png,1,1,1,True,300,False,944,True
E:\KNEE_fewshot\external\MedicalExpert-I\1Doubtful\DoubtfulG1 (114).png,DoubtfulG1 (114).png,1,1,1,True,300,False,945,True
E:\KNEE_fewshot\external\MedicalExpert-I\1Doubtful\DoubtfulG1 (352).png,DoubtfulG1 (352).png,1,1,1,True,300,False,946,True
E:\KNEE_fewshot\external\MedicalExpert-I\1Doubtful\DoubtfulG1 (16).png,DoubtfulG1 (16).png,1,1,1,True,300,False,947,True
E:\KNEE_fewshot\external\MedicalExpert-I\4Severe\SevereG4 (144).png,SevereG4 (144).png,1,4,4,True,300,False,948,True
E:\KNEE_fewshot\external\MedicalExpert-I\0Normal\NormalG0 (261).png,NormalG0 (261).png,1,0,0,True,300,False,949,True
E:\KNEE_fewshot\external\MedicalExpert-I\1Doubtful\DoubtfulG1 (24).png,DoubtfulG1 (24).png,1,1,1,True,300,False,950,True
E:\KNEE_fewshot\external\MedicalExpert-I\0Normal\NormalG0 (210).png,NormalG0 (210).png,1,0,0,True,300,False,590,False
E:\KNEE_fewshot\external\MedicalExpert-I\1Doubtful\DoubtfulG1 (201).png,DoubtfulG1 (201).png,1,1,1,True,300,False,951,True
E:\KNEE_fewshot\external\MedicalExpert-I\1Doubtful\DoubtfulG1 (315).png,DoubtfulG1 (315).png,1,1,1,True,300,False,952,True
E:\KNEE_fewshot\external\MedicalExpert-I\1Doubtful\DoubtfulG1 (326).png,DoubtfulG1 (326).png,1,1,1,True,300,False,953,True
E:\KNEE_fewshot\external\MedicalExpert-I\3Moderate\ModerateG3 (5).png,ModerateG3 (5).png,1,3,3,True,300,False,954,True
E:\KNEE_fewshot\external\MedicalExpert-I\1Doubtful\DoubtfulG1 (289).png,DoubtfulG1 (289).png,1,1,1,True,300,False,955,True
E:\KNEE_fewshot\external\MedicalExpert-I\4Severe\SevereG4 (75).png,SevereG4 (75).png,1,4,4,True,300,False,956,True
E:\KNEE_fewshot\external\MedicalExpert-I\1Doubtful\DoubtfulG1 (204).png,DoubtfulG1 (204).png,1,1,1,True,300,False,957,True
E:\KNEE_fewshot\external\MedicalExpert-I\1Doubtful\DoubtfulG1 (75).png,DoubtfulG1 (75).png,1,1,1,True,300,False,478,False
E:\KNEE_fewshot\external\MedicalExpert-I\0Normal\NormalG0 (15).png,NormalG0 (15).png,1,0,0,True,300,False,958,True
E:\KNEE_fewshot\external\MedicalExpert-I\3Moderate\ModerateG3 (22).png,ModerateG3 (22).png,1,3,3,True,300,False,959,True
E:\KNEE_fewshot\external\MedicalExpert-I\0Normal\NormalG0 (142).png,NormalG0 (142).png,1,0,0,True,300,False,960,True
E:\KNEE_fewshot\external\MedicalExpert-I\0Normal\NormalG0 (1).png,NormalG0 (1).png,1,0,0,True,300,False,961,True
E:\KNEE_fewshot\external\MedicalExpert-I\1Doubtful\DoubtfulG1 (321).png,DoubtfulG1 (321).png,1,1,1,True,300,False,962,True
E:\KNEE_fewshot\external\MedicalExpert-I\1Doubtful\DoubtfulG1 (102).png,DoubtfulG1 (102).png,1,1,1,True,300,False,963,True
E:\KNEE_fewshot\external\MedicalExpert-I\0Normal\NormalG0 (376).png,NormalG0 (376).png,1,0,0,True,300,False,52,False
E:\KNEE_fewshot\external\MedicalExpert-I\1Doubtful\DoubtfulG1 (109).png,DoubtfulG1 (109).png,1,1,1,True,300,False,964,True
E:\KNEE_fewshot\external\MedicalExpert-I\4Severe\SevereG4 (33).png,SevereG4 (33).png,1,4,4,True,300,False,965,True
E:\KNEE_fewshot\external\MedicalExpert-I\0Normal\NormalG0 (19).png,NormalG0 (19).png,1,0,0,True,300,False,966,True
E:\KNEE_fewshot\external\MedicalExpert-I\0Normal\NormalG0 (247).png,NormalG0 (247).png,1,0,0,True,300,False,134,False
E:\KNEE_fewshot\external\MedicalExpert-I\1Doubtful\DoubtfulG1 (91).png,DoubtfulG1 (91).png,1,1,1,True,300,False,967,True
E:\KNEE_fewshot\external\MedicalExpert-I\1Doubtful\DoubtfulG1 (244).png,DoubtfulG1 (244).png,1,1,1,True,300,False,968,True
E:\KNEE_fewshot\external\MedicalExpert-I\1Doubtful\DoubtfulG1 (106).png,DoubtfulG1 (106).png,1,1,1,True,300,False,493,False
E:\KNEE_fewshot\external\MedicalExpert-I\4Severe\SevereG4 (122).png,SevereG4 (122).png,1,4,4,True,300,False,969,True
E:\KNEE_fewshot\external\MedicalExpert-I\4Severe\SevereG4 (6).png,SevereG4 (6).png,1,4,4,True,300,False,970,True
E:\KNEE_fewshot\external\MedicalExpert-I\1Doubtful\DoubtfulG1 (385).png,DoubtfulG1 (385).png,1,1,1,True,300,False,971,True
E:\KNEE_fewshot\external\MedicalExpert-I\3Moderate\ModerateG3 (45).png,ModerateG3 (45).png,1,3,3,True,300,False,972,True
E:\KNEE_fewshot\external\MedicalExpert-I\3Moderate\ModerateG3 (102).png,ModerateG3 (102).png,1,3,3,True,300,False,973,True
E:\KNEE_fewshot\external\MedicalExpert-I\4Severe\SevereG4 (132).png,SevereG4 (132).png,1,4,4,True,300,False,974,True
E:\KNEE_fewshot\external\MedicalExpert-I\0Normal\NormalG0 (206).png,NormalG0 (206).png,1,0,0,True,300,False,390,False
E:\KNEE_fewshot\external\MedicalExpert-I\0Normal\NormalG0 (428).png,NormalG0 (428).png,1,0,0,True,300,False,975,True
E:\KNEE_fewshot\external\MedicalExpert-I\3Moderate\ModerateG3 (93).png,ModerateG3 (93).png,1,3,3,True,300,False,511,False
E:\KNEE_fewshot\external\MedicalExpert-I\0Normal\NormalG0 (365).png,NormalG0 (365).png,1,0,0,True,300,False,14,False
E:\KNEE_fewshot\external\MedicalExpert-I\2Mild\MildG2 (150).png,MildG2 (150).png,1,2,2,True,300,False,976,True
E:\KNEE_fewshot\external\MedicalExpert-I\4Severe\SevereG4 (25).png,SevereG4 (25).png,1,4,4,True,300,False,977,True
E:\KNEE_fewshot\external\MedicalExpert-I\1Doubtful\DoubtfulG1 (40).png,DoubtfulG1 (40).png,1,1,1,True,300,False,978,True
E:\KNEE_fewshot\external\MedicalExpert-I\0Normal\NormalG0 (156).png,NormalG0 (156).png,1,0,0,True,300,False,979,True
E:\KNEE_fewshot\external\MedicalExpert-I\4Severe\SevereG4 (77).png,SevereG4 (77).png,1,4,4,True,300,False,980,True
E:\KNEE_fewshot\external\MedicalExpert-I\4Severe\SevereG4 (58).png,SevereG4 (58).png,1,4,4,True,300,False,981,True
E:\KNEE_fewshot\external\MedicalExpert-I\4Severe\SevereG4 (50).png,SevereG4 (50).png,1,4,4,True,300,False,982,True
E:\KNEE_fewshot\external\MedicalExpert-I\0Normal\NormalG0 (170).png,NormalG0 (170).png,1,0,0,True,300,False,983,True
E:\KNEE_fewshot\external\MedicalExpert-I\2Mild\MildG2 (88).png,MildG2 (88).png,1,2,2,True,300,False,984,True
E:\KNEE_fewshot\external\MedicalExpert-I\1Doubtful\DoubtfulG1 (54).png,DoubtfulG1 (54).png,1,1,1,True,300,False,985,True
E:\KNEE_fewshot\external\MedicalExpert-I\4Severe\SevereG4 (3).png,SevereG4 (3).png,1,4,4,True,300,False,986,True
E:\KNEE_fewshot\external\MedicalExpert-I\1Doubtful\DoubtfulG1 (400).png,DoubtfulG1 (400).png,1,1,1,True,300,False,987,True
E:\KNEE_fewshot\external\MedicalExpert-I\4Severe\SevereG4 (127).png,SevereG4 (127).png,1,4,4,True,300,False,988,True
E:\KNEE_fewshot\external\MedicalExpert-I\2Mild\MildG2 (145).png,MildG2 (145).png,1,2,2,True,300,False,989,True
E:\KNEE_fewshot\external\MedicalExpert-I\4Severe\SevereG4 (61).png,SevereG4 (61).png,1,4,4,True,300,False,990,True
E:\KNEE_fewshot\external\MedicalExpert-I\0Normal\NormalG0 (255).png,NormalG0 (255).png,1,0,0,True,300,False,991,True
E:\KNEE_fewshot\external\MedicalExpert-I\4Severe\SevereG4 (91).png,SevereG4 (91).png,1,4,4,True,300,False,992,True
E:\KNEE_fewshot\external\MedicalExpert-I\0Normal\NormalG0 (105).png,NormalG0 (105).png,1,0,0,True,300,False,993,True
E:\KNEE_fewshot\external\MedicalExpert-I\2Mild\MildG2 (153).png,MildG2 (153).png,1,2,2,True,300,False,994,True
E:\KNEE_fewshot\external\MedicalExpert-I\0Normal\NormalG0 (423).png,NormalG0 (423).png,1,0,0,True,300,False,995,True
E:\KNEE_fewshot\external\MedicalExpert-I\0Normal\NormalG0 (121).png,NormalG0 (121).png,1,0,0,True,300,False,996,True
E:\KNEE_fewshot\external\MedicalExpert-I\1Doubtful\DoubtfulG1 (391).png,DoubtfulG1 (391).png,1,1,1,True,300,False,414,False
E:\KNEE_fewshot\external\MedicalExpert-I\0Normal\NormalG0 (439).png,NormalG0 (439).png,1,0,0,True,300,False,150,False
E:\KNEE_fewshot\external\MedicalExpert-I\4Severe\SevereG4 (138).png,SevereG4 (138).png,1,4,4,True,300,False,997,True
E:\KNEE_fewshot\external\MedicalExpert-I\3Moderate\ModerateG3 (55).png,ModerateG3 (55).png,1,3,3,True,300,False,998,True
E:\KNEE_fewshot\external\MedicalExpert-I\0Normal\NormalG0 (94).png,NormalG0 (94).png,1,0,0,True,300,False,999,True
E:\KNEE_fewshot\external\MedicalExpert-I\0Normal\NormalG0 (80).png,NormalG0 (80).png,1,0,0,True,300,False,1000,True
E:\KNEE_fewshot\external\MedicalExpert-I\0Normal\NormalG0 (38).png,NormalG0 (38).png,1,0,0,True,300,False,1001,True
E:\KNEE_fewshot\external\MedicalExpert-I\1Doubtful\DoubtfulG1 (127).png,DoubtfulG1 (127).png,1,1,1,True,300,False,1002,True
E:\KNEE_fewshot\external\MedicalExpert-I\1Doubtful\DoubtfulG1 (341).png,DoubtfulG1 (341).png,1,1,1,True,300,False,1003,True
E:\KNEE_fewshot\external\MedicalExpert-I\0Normal\NormalG0 (233).png,NormalG0 (233).png,1,0,0,True,300,False,883,False
E:\KNEE_fewshot\external\MedicalExpert-I\0Normal\NormalG0 (211).png,NormalG0 (211).png,1,0,0,True,300,False,1004,True
E:\KNEE_fewshot\external\MedicalExpert-I\1Doubtful\DoubtfulG1 (353).png,DoubtfulG1 (353).png,1,1,1,True,300,False,1005,True
E:\KNEE_fewshot\external\MedicalExpert-I\0Normal\NormalG0 (107).png,NormalG0 (107).png,1,0,0,True,300,False,1006,True
E:\KNEE_fewshot\external\MedicalExpert-I\3Moderate\ModerateG3 (122).png,ModerateG3 (122).png,2,3,3,True,300,False,1007,True
E:\KNEE_fewshot\external\MedicalExpert-I\4Severe\SevereG4 (160).png,SevereG4 (160).png,1,4,4,True,300,False,1008,True
E:\KNEE_fewshot\external\MedicalExpert-I\0Normal\NormalG0 (202).png,NormalG0 (202).png,2,0,0,True,300,False,1009,True
E:\KNEE_fewshot\external\MedicalExpert-I\4Severe\SevereG4 (97).png,SevereG4 (97).png,1,4,4,True,300,False,1010,True
E:\KNEE_fewshot\external\MedicalExpert-I\0Normal\NormalG0 (309).png,NormalG0 (309).png,1,0,0,True,300,False,52,False
E:\KNEE_fewshot\external\MedicalExpert-I\1Doubtful\DoubtfulG1 (285).png,DoubtfulG1 (285).png,1,1,1,True,300,False,1011,True
E:\KNEE_fewshot\external\MedicalExpert-I\1Doubtful\DoubtfulG1 (268).png,DoubtfulG1 (268).png,1,1,1,True,300,False,1012,True
E:\KNEE_fewshot\external\MedicalExpert-I\4Severe\SevereG4 (150).png,SevereG4 (150).png,1,4,4,True,300,False,1013,True
E:\KNEE_fewshot\external\MedicalExpert-I\0Normal\NormalG0 (37).png,NormalG0 (37).png,1,0,0,True,300,False,1014,True
E:\KNEE_fewshot\external\MedicalExpert-I\1Doubtful\DoubtfulG1 (22).png,DoubtfulG1 (22).png,1,1,1,True,300,False,1015,True
E:\KNEE_fewshot\external\MedicalExpert-I\4Severe\SevereG4 (47).png,SevereG4 (47).png,1,4,4,True,300,False,1016,True
E:\KNEE_fewshot\external\MedicalExpert-I\2Mild\MildG2 (176).png,MildG2 (176).png,1,2,2,True,300,False,1017,True
E:\KNEE_fewshot\external\MedicalExpert-I\3Moderate\ModerateG3 (32).png,ModerateG3 (32).png,1,3,3,True,300,False,1018,True
E:\KNEE_fewshot\external\MedicalExpert-I\1Doubtful\DoubtfulG1 (318).png,DoubtfulG1 (318).png,1,1,1,True,300,False,1019,True
E:\KNEE_fewshot\external\MedicalExpert-I\1Doubtful\DoubtfulG1 (152).png,DoubtfulG1 (152).png,1,1,1,True,300,False,1020,True
E:\KNEE_fewshot\external\MedicalExpert-I\0Normal\NormalG0 (92).png,NormalG0 (92).png,1,0,0,True,300,False,1021,True
E:\KNEE_fewshot\external\MedicalExpert-I\0Normal\NormalG0 (48).png,NormalG0 (48).png,1,0,0,True,300,False,1022,True
E:\KNEE_fewshot\external\MedicalExpert-I\3Moderate\ModerateG3 (6).png,ModerateG3 (6).png,1,3,3,True,300,False,1023,True
E:\KNEE_fewshot\external\MedicalExpert-I\1Doubtful\DoubtfulG1 (81).png,DoubtfulG1 (81).png,1,1,1,True,300,False,1024,True
E:\KNEE_fewshot\external\MedicalExpert-I\1Doubtful\DoubtfulG1 (267).png,DoubtfulG1 (267).png,1,1,1,True,300,False,1025,True
E:\KNEE_fewshot\external\MedicalExpert-I\0Normal\NormalG0 (163).png,NormalG0 (163).png,1,0,0,True,300,False,1026,True
E:\KNEE_fewshot\external\MedicalExpert-I\1Doubtful\DoubtfulG1 (275).png,DoubtfulG1 (275).png,1,1,1,True,300,False,1027,True
E:\KNEE_fewshot\external\MedicalExpert-I\2Mild\MildG2 (189).png,MildG2 (189).png,1,2,2,True,300,False,1028,True
E:\KNEE_fewshot\external\MedicalExpert-I\0Normal\NormalG0 (262).png,NormalG0 (262).png,1,0,0,True,300,False,1029,True
E:\KNEE_fewshot\external\MedicalExpert-I\3Moderate\ModerateG3 (50).png,ModerateG3 (50).png,1,3,3,True,300,False,1030,True
E:\KNEE_fewshot\external\MedicalExpert-I\1Doubtful\DoubtfulG1 (372).png,DoubtfulG1 (372).png,1,1,1,True,300,False,1031,True
E:\KNEE_fewshot\external\MedicalExpert-I\4Severe\SevereG4 (11).png,SevereG4 (11).png,1,4,4,True,300,False,1032,True
E:\KNEE_fewshot\external\MedicalExpert-I\1Doubtful\DoubtfulG1 (157).png,DoubtfulG1 (157).png,1,1,1,True,300,False,1033,True
E:\KNEE_fewshot\external\MedicalExpert-I\3Moderate\ModerateG3 (104).png,ModerateG3 (104).png,1,3,3,True,300,False,1034,True
E:\KNEE_fewshot\external\MedicalExpert-I\1Doubtful\DoubtfulG1 (433).png,DoubtfulG1 (433).png,1,1,1,True,300,False,1035,True
E:\KNEE_fewshot\external\MedicalExpert-I\4Severe\SevereG4 (81).png,SevereG4 (81).png,1,4,4,True,300,False,1036,True
E:\KNEE_fewshot\external\MedicalExpert-I\0Normal\NormalG0 (264).png,NormalG0 (264).png,1,0,0,True,300,False,654,False
E:\KNEE_fewshot\external\MedicalExpert-I\1Doubtful\DoubtfulG1 (389).png,DoubtfulG1 (389).png,1,1,1,True,300,False,1037,True
E:\KNEE_fewshot\external\MedicalExpert-I\1Doubtful\DoubtfulG1 (190).png,DoubtfulG1 (190).png,1,1,1,True,300,False,1038,True
E:\KNEE_fewshot\external\MedicalExpert-I\1Doubtful\DoubtfulG1 (7).png,DoubtfulG1 (7).png,1,1,1,True,300,False,1039,True
E:\KNEE_fewshot\external\MedicalExpert-I\4Severe\SevereG4 (40).png,SevereG4 (40).png,1,4,4,True,300,False,1040,True
E:\KNEE_fewshot\external\MedicalExpert-I\1Doubtful\DoubtfulG1 (139).png,DoubtfulG1 (139).png,1,1,1,True,300,False,1041,True
E:\KNEE_fewshot\external\MedicalExpert-I\1Doubtful\DoubtfulG1 (310).png,DoubtfulG1 (310).png,1,1,1,True,300,False,1042,True
E:\KNEE_fewshot\external\MedicalExpert-I\1Doubtful\DoubtfulG1 (299).png,DoubtfulG1 (299).png,1,1,1,True,300,False,1043,True
E:\KNEE_fewshot\external\MedicalExpert-I\3Moderate\ModerateG3 (11).png,ModerateG3 (11).png,1,3,3,True,300,False,1044,True
E:\KNEE_fewshot\external\MedicalExpert-I\0Normal\NormalG0 (363).png,NormalG0 (363).png,2,0,0,True,300,False,302,False
E:\KNEE_fewshot\external\MedicalExpert-I\0Normal\NormalG0 (98).png,NormalG0 (98).png,1,0,0,True,300,False,1045,True
E:\KNEE_fewshot\external\MedicalExpert-I\0Normal\NormalG0 (147).png,NormalG0 (147).png,1,0,0,True,300,False,1046,True
E:\KNEE_fewshot\external\MedicalExpert-I\2Mild\MildG2 (168).png,MildG2 (168).png,1,2,2,True,300,False,1047,True
E:\KNEE_fewshot\external\MedicalExpert-I\2Mild\MildG2 (25).png,MildG2 (25).png,1,2,2,True,300,False,1048,True
E:\KNEE_fewshot\external\MedicalExpert-I\0Normal\NormalG0 (81).png,NormalG0 (81).png,1,0,0,True,300,False,1049,True
E:\KNEE_fewshot\external\MedicalExpert-I\4Severe\SevereG4 (26).png,SevereG4 (26).png,1,4,4,True,300,False,1050,True
E:\KNEE_fewshot\external\MedicalExpert-I\1Doubtful\DoubtfulG1 (66).png,DoubtfulG1 (66).png,1,1,1,True,300,False,417,False
E:\KNEE_fewshot\external\MedicalExpert-I\3Moderate\ModerateG3 (161).png,ModerateG3 (161).png,1,3,3,True,300,False,1051,True
E:\KNEE_fewshot\external\MedicalExpert-I\0Normal\NormalG0 (84).png,NormalG0 (84).png,1,0,0,True,300,False,1052,True
E:\KNEE_fewshot\external\MedicalExpert-I\0Normal\NormalG0 (191).png,NormalG0 (191).png,1,0,0,True,300,False,1053,True
E:\KNEE_fewshot\external\MedicalExpert-I\1Doubtful\DoubtfulG1 (146).png,DoubtfulG1 (146).png,1,1,1,True,300,False,1054,True
E:\KNEE_fewshot\external\MedicalExpert-I\0Normal\NormalG0 (225).png,NormalG0 (225).png,1,0,0,True,300,False,1055,True
E:\KNEE_fewshot\external\MedicalExpert-I\0Normal\NormalG0 (322).png,NormalG0 (322).png,1,0,0,True,300,False,1056,True
E:\KNEE_fewshot\external\MedicalExpert-I\4Severe\SevereG4 (170).png,SevereG4 (170).png,1,4,4,True,300,False,1057,True
E:\KNEE_fewshot\external\MedicalExpert-I\0Normal\NormalG0 (229).png,NormalG0 (229).png,1,0,0,True,300,False,1058,True
E:\KNEE_fewshot\external\MedicalExpert-I\1Doubtful\DoubtfulG1 (21).png,DoubtfulG1 (21).png,1,1,1,True,300,False,231,False
E:\KNEE_fewshot\external\MedicalExpert-I\0Normal\NormalG0 (61).png,NormalG0 (61).png,1,0,0,True,300,False,1059,True
E:\KNEE_fewshot\external\MedicalExpert-I\1Doubtful\DoubtfulG1 (221).png,DoubtfulG1 (221).png,1,1,1,True,300,False,1060,True
E:\KNEE_fewshot\external\MedicalExpert-I\1Doubtful\DoubtfulG1 (207).png,DoubtfulG1 (207).png,1,1,1,True,300,False,1061,True
E:\KNEE_fewshot\external\MedicalExpert-I\2Mild\MildG2 (93).png,MildG2 (93).png,1,2,2,True,300,False,1062,True
E:\KNEE_fewshot\external\MedicalExpert-I\0Normal\NormalG0 (265).png,NormalG0 (265).png,1,0,0,True,300,False,1063,True
E:\KNEE_fewshot\external\MedicalExpert-I\4Severe\SevereG4 (59).png,SevereG4 (59).png,1,4,4,True,300,False,1064,True
E:\KNEE_fewshot\external\MedicalExpert-I\0Normal\NormalG0 (228).png,NormalG0 (228).png,1,0,0,True,300,False,1065,True
E:\KNEE_fewshot\external\MedicalExpert-I\4Severe\SevereG4 (102).png,SevereG4 (102).png,1,4,4,True,300,False,1066,True
E:\KNEE_fewshot\external\MedicalExpert-I\4Severe\SevereG4 (192).png,SevereG4 (192).png,1,4,4,True,300,False,1067,True
E:\KNEE_fewshot\external\MedicalExpert-I\1Doubtful\DoubtfulG1 (360).png,DoubtfulG1 (360).png,1,1,1,True,300,False,1068,True
E:\KNEE_fewshot\external\MedicalExpert-I\0Normal\NormalG0 (111).png,NormalG0 (111).png,1,0,0,True,300,False,1069,True
E:\KNEE_fewshot\external\MedicalExpert-I\0Normal\NormalG0 (64).png,NormalG0 (64).png,1,0,0,True,300,False,1070,True
E:\KNEE_fewshot\external\MedicalExpert-I\0Normal\NormalG0 (417).png,NormalG0 (417).png,1,0,0,True,300,False,1071,True
E:\KNEE_fewshot\external\MedicalExpert-I\0Normal\NormalG0 (13).png,NormalG0 (13).png,1,0,0,True,300,False,1072,True
E:\KNEE_fewshot\external\MedicalExpert-I\0Normal\NormalG0 (134).png,NormalG0 (134).png,1,0,0,True,300,False,1073,True
E:\KNEE_fewshot\external\MedicalExpert-I\0Normal\NormalG0 (123).png,NormalG0 (123).png,1,0,0,True,300,False,1074,True
E:\KNEE_fewshot\external\MedicalExpert-I\1Doubtful\DoubtfulG1 (311).png,DoubtfulG1 (311).png,1,1,1,True,300,False,1075,True
E:\KNEE_fewshot\external\MedicalExpert-I\0Normal\NormalG0 (237).png,NormalG0 (237).png,1,0,0,True,300,False,1076,True
E:\KNEE_fewshot\external\MedicalExpert-I\0Normal\NormalG0 (449).png,NormalG0 (449).png,1,0,0,True,300,False,1077,True
E:\KNEE_fewshot\external\MedicalExpert-I\1Doubtful\DoubtfulG1 (25).png,DoubtfulG1 (25).png,1,1,1,True,300,False,1078,True
E:\KNEE_fewshot\external\MedicalExpert-I\1Doubtful\DoubtfulG1 (384).png,DoubtfulG1 (384).png,1,1,1,True,300,False,1079,True
E:\KNEE_fewshot\external\MedicalExpert-I\1Doubtful\DoubtfulG1 (206).png,DoubtfulG1 (206).png,1,1,1,True,300,False,1080,True
E:\KNEE_fewshot\external\MedicalExpert-I\3Moderate\ModerateG3 (10).png,ModerateG3 (10).png,1,3,3,True,300,False,1081,True
E:\KNEE_fewshot\external\MedicalExpert-I\1Doubtful\DoubtfulG1 (186).png,DoubtfulG1 (186).png,1,1,1,True,300,False,1082,True
E:\KNEE_fewshot\external\MedicalExpert-I\0Normal\NormalG0 (185).png,NormalG0 (185).png,1,0,0,True,300,False,1083,True
E:\KNEE_fewshot\external\MedicalExpert-I\0Normal\NormalG0 (131).png,NormalG0 (131).png,1,0,0,True,300,False,1084,True
E:\KNEE_fewshot\external\MedicalExpert-I\0Normal\NormalG0 (236).png,NormalG0 (236).png,1,0,0,True,300,False,1085,True
E:\KNEE_fewshot\external\MedicalExpert-I\1Doubtful\DoubtfulG1 (312).png,DoubtfulG1 (312).png,1,1,1,True,300,False,1086,True
E:\KNEE_fewshot\external\MedicalExpert-I\1Doubtful\DoubtfulG1 (290).png,DoubtfulG1 (290).png,1,1,1,True,300,False,1087,True
E:\KNEE_fewshot\external\MedicalExpert-I\0Normal\NormalG0 (391).png,NormalG0 (391).png,1,0,0,True,300,False,76,False
E:\KNEE_fewshot\external\MedicalExpert-I\0Normal\NormalG0 (103).png,NormalG0 (103).png,1,0,0,True,300,False,1088,True
E:\KNEE_fewshot\external\MedicalExpert-I\1Doubtful\DoubtfulG1 (217).png,DoubtfulG1 (217).png,1,1,1,True,300,False,1089,True
E:\KNEE_fewshot\external\MedicalExpert-I\2Mild\MildG2 (116).png,MildG2 (116).png,1,2,2,True,300,False,529,False
E:\KNEE_fewshot\external\MedicalExpert-I\1Doubtful\DoubtfulG1 (286).png,DoubtfulG1 (286).png,1,1,1,True,300,False,1090,True
E:\KNEE_fewshot\external\MedicalExpert-I\2Mild\MildG2 (85).png,MildG2 (85).png,1,2,2,True,300,False,1091,True
E:\KNEE_fewshot\external\MedicalExpert-I\3Moderate\ModerateG3 (3).png,ModerateG3 (3).png,1,3,3,True,300,False,1092,True
E:\KNEE_fewshot\external\MedicalExpert-I\0Normal\NormalG0 (258).png,NormalG0 (258).png,1,0,0,True,300,False,1093,True
E:\KNEE_fewshot\external\MedicalExpert-I\4Severe\SevereG4 (76).png,SevereG4 (76).png,1,4,4,True,300,False,1094,True
E:\KNEE_fewshot\external\MedicalExpert-I\1Doubtful\DoubtfulG1 (53).png,DoubtfulG1 (53).png,1,1,1,True,300,False,1095,True
E:\KNEE_fewshot\external\MedicalExpert-I\2Mild\MildG2 (140).png,MildG2 (140).png,1,2,2,True,300,False,1096,True
E:\KNEE_fewshot\external\MedicalExpert-I\1Doubtful\DoubtfulG1 (344).png,DoubtfulG1 (344).png,1,1,1,True,300,False,1097,True
E:\KNEE_fewshot\external\MedicalExpert-I\1Doubtful\DoubtfulG1 (294).png,DoubtfulG1 (294).png,1,1,1,True,300,False,1098,True
E:\KNEE_fewshot\external\MedicalExpert-I\3Moderate\ModerateG3 (63).png,ModerateG3 (63).png,1,3,3,True,300,False,1099,True
E:\KNEE_fewshot\external\MedicalExpert-I\0Normal\NormalG0 (173).png,NormalG0 (173).png,1,0,0,True,300,False,1100,True
E:\KNEE_fewshot\external\MedicalExpert-I\4Severe\SevereG4 (60).png,SevereG4 (60).png,1,4,4,True,300,False,1101,True
E:\KNEE_fewshot\external\MedicalExpert-I\0Normal\NormalG0 (263).png,NormalG0 (263).png,1,0,0,True,300,False,486,False
E:\KNEE_fewshot\external\MedicalExpert-I\3Moderate\ModerateG3 (90).png,ModerateG3 (90).png,1,3,3,True,300,False,1102,True
E:\KNEE_fewshot\external\MedicalExpert-I\1Doubtful\DoubtfulG1 (420).png,DoubtfulG1 (420).png,1,1,1,True,300,False,1103,True
E:\KNEE_fewshot\external\MedicalExpert-I\0Normal\NormalG0 (420).png,NormalG0 (420).png,1,0,0,True,300,False,1104,True
E:\KNEE_fewshot\external\MedicalExpert-I\0Normal\NormalG0 (318).png,NormalG0 (318).png,1,0,0,True,300,False,883,False
E:\KNEE_fewshot\external\MedicalExpert-I\4Severe\SevereG4 (157).png,SevereG4 (157).png,1,4,4,True,300,False,1105,True
E:\KNEE_fewshot\external\MedicalExpert-I\1Doubtful\DoubtfulG1 (349).png,DoubtfulG1 (349).png,1,1,1,True,300,False,1106,True
E:\KNEE_fewshot\external\MedicalExpert-I\0Normal\NormalG0 (11).png,NormalG0 (11).png,1,0,0,True,300,False,1107,True
E:\KNEE_fewshot\external\MedicalExpert-I\0Normal\NormalG0 (56).png,NormalG0 (56).png,1,0,0,True,300,False,1108,True
E:\KNEE_fewshot\external\MedicalExpert-I\1Doubtful\DoubtfulG1 (84).png,DoubtfulG1 (84).png,1,1,1,True,300,False,674,False
E:\KNEE_fewshot\external\MedicalExpert-I\0Normal\NormalG0 (96).png,NormalG0 (96).png,1,0,0,True,300,False,1109,True
E:\KNEE_fewshot\external\MedicalExpert-I\2Mild\MildG2 (17).png,MildG2 (17).png,1,2,2,True,300,False,1110,True
E:\KNEE_fewshot\external\MedicalExpert-I\4Severe\SevereG4 (202).png,SevereG4 (202).png,1,4,4,True,300,False,1111,True
E:\KNEE_fewshot\external\MedicalExpert-I\0Normal\NormalG0 (387).png,NormalG0 (387).png,1,0,0,True,300,False,906,False
E:\KNEE_fewshot\external\MedicalExpert-I\2Mild\MildG2 (32).png,MildG2 (32).png,1,2,2,True,300,False,328,False
E:\KNEE_fewshot\external\MedicalExpert-I\4Severe\SevereG4 (27).png,SevereG4 (27).png,1,4,4,True,300,False,1112,True
E:\KNEE_fewshot\external\MedicalExpert-I\1Doubtful\DoubtfulG1 (342).png,DoubtfulG1 (342).png,1,1,1,True,300,False,1113,True
E:\KNEE_fewshot\external\MedicalExpert-I\1Doubtful\DoubtfulG1 (133).png,DoubtfulG1 (133).png,1,1,1,True,300,False,1114,True
E:\KNEE_fewshot\external\MedicalExpert-I\3Moderate\ModerateG3 (7).png,ModerateG3 (7).png,1,3,3,True,300,False,1115,True
E:\KNEE_fewshot\external\MedicalExpert-I\3Moderate\ModerateG3 (61).png,ModerateG3 (61).png,1,3,3,True,300,False,1116,True
E:\KNEE_fewshot\external\MedicalExpert-I\4Severe\SevereG4 (137).png,SevereG4 (137).png,1,4,4,True,300,False,1117,True
E:\KNEE_fewshot\external\MedicalExpert-I\3Moderate\ModerateG3 (170).png,ModerateG3 (170).png,1,3,3,True,300,False,1118,True
E:\KNEE_fewshot\external\MedicalExpert-I\2Mild\MildG2 (65).png,MildG2 (65).png,1,2,2,True,300,False,1119,True
E:\KNEE_fewshot\external\MedicalExpert-I\0Normal\NormalG0 (413).png,NormalG0 (413).png,1,0,0,True,300,False,1120,True
E:\KNEE_fewshot\external\MedicalExpert-I\1Doubtful\DoubtfulG1 (237).png,DoubtfulG1 (237).png,1,1,1,True,300,False,1121,True
E:\KNEE_fewshot\external\MedicalExpert-I\0Normal\NormalG0 (434).png,NormalG0 (434).png,1,0,0,True,300,False,454,False
E:\KNEE_fewshot\external\MedicalExpert-I\0Normal\NormalG0 (59).png,NormalG0 (59).png,1,0,0,True,300,False,1122,True
E:\KNEE_fewshot\external\MedicalExpert-I\0Normal\NormalG0 (222).png,NormalG0 (222).png,1,0,0,True,300,False,1123,True
E:\KNEE_fewshot\external\MedicalExpert-I\4Severe\SevereG4 (110).png,SevereG4 (110).png,1,4,4,True,300,False,1124,True
E:\KNEE_fewshot\external\MedicalExpert-I\4Severe\SevereG4 (121).png,SevereG4 (121).png,1,4,4,True,300,False,1125,True
E:\KNEE_fewshot\external\MedicalExpert-I\2Mild\MildG2 (185).png,MildG2 (185).png,1,2,2,True,300,False,1126,True
E:\KNEE_fewshot\external\MedicalExpert-I\1Doubtful\DoubtfulG1 (280).png,DoubtfulG1 (280).png,1,1,1,True,300,False,1127,True
E:\KNEE_fewshot\external\MedicalExpert-I\0Normal\NormalG0 (403).png,NormalG0 (403).png,1,0,0,True,300,False,883,False
E:\KNEE_fewshot\external\MedicalExpert-I\1Doubtful\DoubtfulG1 (59).png,DoubtfulG1 (59).png,1,1,1,True,300,False,1128,True
E:\KNEE_fewshot\external\MedicalExpert-I\2Mild\MildG2 (38).png,MildG2 (38).png,1,2,2,True,300,False,1129,True
E:\KNEE_fewshot\external\MedicalExpert-I\1Doubtful\DoubtfulG1 (412).png,DoubtfulG1 (412).png,1,1,1,True,300,False,1130,True
E:\KNEE_fewshot\external\MedicalExpert-I\2Mild\MildG2 (148).png,MildG2 (148).png,1,2,2,True,300,False,1131,True
E:\KNEE_fewshot\external\MedicalExpert-I\1Doubtful\DoubtfulG1 (425).png,DoubtfulG1 (425).png,1,1,1,True,300,False,1132,True
E:\KNEE_fewshot\external\MedicalExpert-I\1Doubtful\DoubtfulG1 (356).png,DoubtfulG1 (356).png,1,1,1,True,300,False,1133,True
E:\KNEE_fewshot\external\MedicalExpert-I\4Severe\SevereG4 (65).png,SevereG4 (65).png,1,4,4,True,300,False,1134,True
E:\KNEE_fewshot\external\MedicalExpert-I\3Moderate\ModerateG3 (52).png,ModerateG3 (52).png,1,3,3,True,300,False,1135,True
E:\KNEE_fewshot\external\MedicalExpert-I\1Doubtful\DoubtfulG1 (98).png,DoubtfulG1 (98).png,1,1,1,True,300,False,1136,True
E:\KNEE_fewshot\external\MedicalExpert-I\2Mild\MildG2 (109).png,MildG2 (109).png,1,2,2,True,300,False,30,False
E:\KNEE_fewshot\external\MedicalExpert-I\0Normal\NormalG0 (217).png,NormalG0 (217).png,1,0,0,True,300,False,259,False
E:\KNEE_fewshot\external\MedicalExpert-I\4Severe\SevereG4 (140).png,SevereG4 (140).png,1,4,4,True,300,False,1137,True
E:\KNEE_fewshot\external\MedicalExpert-I\4Severe\SevereG4 (104).png,SevereG4 (104).png,1,4,4,True,300,False,1138,True
E:\KNEE_fewshot\external\MedicalExpert-I\1Doubtful\DoubtfulG1 (18).png,DoubtfulG1 (18).png,1,1,1,True,300,False,1139,True
E:\KNEE_fewshot\external\MedicalExpert-I\4Severe\SevereG4 (189).png,SevereG4 (189).png,1,4,4,True,300,False,1140,True
E:\KNEE_fewshot\external\MedicalExpert-I\1Doubtful\DoubtfulG1 (15).png,DoubtfulG1 (15).png,1,1,1,True,300,False,1141,True
E:\KNEE_fewshot\external\MedicalExpert-I\4Severe\SevereG4 (146).png,SevereG4 (146).png,1,4,4,True,300,False,1142,True
E:\KNEE_fewshot\external\MedicalExpert-I\2Mild\MildG2 (102).png,MildG2 (102).png,1,2,2,True,300,False,1143,True
E:\KNEE_fewshot\external\MedicalExpert-I\1Doubtful\DoubtfulG1 (141).png,DoubtfulG1 (141).png,1,1,1,True,300,False,1144,True
E:\KNEE_fewshot\external\MedicalExpert-I\1Doubtful\DoubtfulG1 (355).png,DoubtfulG1 (355).png,1,1,1,True,300,False,1145,True
E:\KNEE_fewshot\external\MedicalExpert-I\1Doubtful\DoubtfulG1 (171).png,DoubtfulG1 (171).png,1,1,1,True,300,False,1146,True
E:\KNEE_fewshot\external\MedicalExpert-I\1Doubtful\DoubtfulG1 (411).png,DoubtfulG1 (411).png,1,1,1,True,300,False,1147,True
E:\KNEE_fewshot\external\MedicalExpert-I\2Mild\MildG2 (50).png,MildG2 (50).png,1,2,2,True,300,False,929,False
E:\KNEE_fewshot\external\MedicalExpert-I\0Normal\NormalG0 (120).png,NormalG0 (120).png,1,0,0,True,300,False,1148,True
E:\KNEE_fewshot\external\MedicalExpert-I\1Doubtful\DoubtfulG1 (47).png,DoubtfulG1 (47).png,1,1,1,True,300,False,231,False
E:\KNEE_fewshot\external\MedicalExpert-I\2Mild\MildG2 (117).png,MildG2 (117).png,1,2,2,True,300,False,1149,True
E:\KNEE_fewshot\external\MedicalExpert-I\0Normal\NormalG0 (23).png,NormalG0 (23).png,1,0,0,True,300,False,1150,True
E:\KNEE_fewshot\external\MedicalExpert-I\4Severe\SevereG4 (180).png,SevereG4 (180).png,1,4,4,True,300,False,1151,True
E:\KNEE_fewshot\external\MedicalExpert-I\0Normal\NormalG0 (168).png,NormalG0 (168).png,1,0,0,True,300,False,1152,True
E:\KNEE_fewshot\external\MedicalExpert-I\2Mild\MildG2 (64).png,MildG2 (64).png,1,2,2,True,300,False,1153,True
E:\KNEE_fewshot\external\MedicalExpert-I\0Normal\NormalG0 (388).png,NormalG0 (388).png,1,0,0,True,300,False,1154,True
E:\KNEE_fewshot\external\MedicalExpert-I\2Mild\MildG2 (160).png,MildG2 (160).png,1,2,2,True,300,False,1155,True
E:\KNEE_fewshot\external\MedicalExpert-I\0Normal\NormalG0 (352).png,NormalG0 (352).png,1,0,0,True,300,False,1156,True
E:\KNEE_fewshot\external\MedicalExpert-I\4Severe\SevereG4 (201).png,SevereG4 (201).png,1,4,4,True,300,False,1157,True
E:\KNEE_fewshot\external\MedicalExpert-I\0Normal\NormalG0 (232).png,NormalG0 (232).png,1,0,0,True,300,False,1158,True
E:\KNEE_fewshot\external\MedicalExpert-I\1Doubtful\DoubtfulG1 (248).png,DoubtfulG1 (248).png,1,1,1,True,300,False,1159,True
E:\KNEE_fewshot\external\MedicalExpert-I\0Normal\NormalG0 (272).png,NormalG0 (272).png,1,0,0,True,300,False,259,False
E:\KNEE_fewshot\external\MedicalExpert-I\1Doubtful\DoubtfulG1 (266).png,DoubtfulG1 (266).png,1,1,1,True,300,False,1160,True
E:\KNEE_fewshot\external\MedicalExpert-I\0Normal\NormalG0 (167).png,NormalG0 (167).png,1,0,0,True,300,False,1161,True
E:\KNEE_fewshot\external\MedicalExpert-I\4Severe\SevereG4 (79).png,SevereG4 (79).png,1,4,4,True,300,False,1162,True
E:\KNEE_fewshot\external\MedicalExpert-I\4Severe\SevereG4 (141).png,SevereG4 (141).png,1,4,4,True,300,False,1163,True
E:\KNEE_fewshot\external\MedicalExpert-I\1Doubtful\DoubtfulG1 (398).png,DoubtfulG1 (398).png,1,1,1,True,300,False,1164,True
E:\KNEE_fewshot\external\MedicalExpert-I\3Moderate\ModerateG3 (142).png,ModerateG3 (142).png,1,3,3,True,300,False,1165,True
E:\KNEE_fewshot\external\MedicalExpert-I\0Normal\NormalG0 (390).png,NormalG0 (390).png,1,0,1,False,300,False,63,False
E:\KNEE_fewshot\external\MedicalExpert-I\4Severe\SevereG4 (83).png,SevereG4 (83).png,1,4,4,True,300,False,1166,True
E:\KNEE_fewshot\external\MedicalExpert-I\0Normal\NormalG0 (76).png,NormalG0 (76).png,1,0,0,True,300,False,1167,True
E:\KNEE_fewshot\external\MedicalExpert-I\0Normal\NormalG0 (302).png,NormalG0 (302).png,2,0,0,True,300,False,390,False
E:\KNEE_fewshot\external\MedicalExpert-I\0Normal\NormalG0 (74).png,NormalG0 (74).png,1,0,0,True,300,False,1168,True
E:\KNEE_fewshot\external\MedicalExpert-I\0Normal\NormalG0 (220).png,NormalG0 (220).png,1,0,0,True,300,False,106,False
E:\KNEE_fewshot\external\MedicalExpert-I\3Moderate\ModerateG3 (69).png,ModerateG3 (69).png,1,3,3,True,300,False,1169,True
E:\KNEE_fewshot\external\MedicalExpert-I\1Doubtful\DoubtfulG1 (151).png,DoubtfulG1 (151).png,1,1,1,True,300,False,1170,True
E:\KNEE_fewshot\external\MedicalExpert-I\3Moderate\ModerateG3 (42).png,ModerateG3 (42).png,1,3,3,True,300,False,1171,True
E:\KNEE_fewshot\external\MedicalExpert-I\2Mild\MildG2 (188).png,MildG2 (188).png,1,2,2,True,300,False,1172,True
E:\KNEE_fewshot\external\MedicalExpert-I\0Normal\NormalG0 (389).png,NormalG0 (389).png,1,0,0,True,300,False,329,False
E:\KNEE_fewshot\external\MedicalExpert-I\0Normal\NormalG0 (239).png,NormalG0 (239).png,1,0,0,True,300,False,1173,True
E:\KNEE_fewshot\external\MedicalExpert-I\0Normal\NormalG0 (359).png,NormalG0 (359).png,1,0,0,True,300,False,491,False
E:\KNEE_fewshot\external\MedicalExpert-I\1Doubtful\DoubtfulG1 (56).png,DoubtfulG1 (56).png,1,1,1,True,300,False,1174,True
E:\KNEE_fewshot\external\MedicalExpert-I\2Mild\MildG2 (94).png,MildG2 (94).png,1,2,2,True,300,False,1175,True
E:\KNEE_fewshot\external\MedicalExpert-I\4Severe\SevereG4 (32).png,SevereG4 (32).png,1,4,4,True,300,False,1176,True
E:\KNEE_fewshot\external\MedicalExpert-I\1Doubtful\DoubtfulG1 (68).png,DoubtfulG1 (68).png,1,1,1,True,300,False,1177,True
E:\KNEE_fewshot\external\MedicalExpert-I\1Doubtful\DoubtfulG1 (401).png,DoubtfulG1 (401).png,1,1,1,True,300,False,1178,True
E:\KNEE_fewshot\external\MedicalExpert-I\0Normal\NormalG0 (424).png,NormalG0 (424).png,1,0,0,True,300,False,1179,True
E:\KNEE_fewshot\external\MedicalExpert-I\0Normal\NormalG0 (381).png,NormalG0 (381).png,1,0,0,True,300,False,14,False
E:\KNEE_fewshot\external\MedicalExpert-I\1Doubtful\DoubtfulG1 (366).png,DoubtfulG1 (366).png,1,1,1,True,300,False,1180,True
E:\KNEE_fewshot\external\MedicalExpert-I\4Severe\SevereG4 (200).png,SevereG4 (200).png,1,4,4,True,300,False,1181,True
E:\KNEE_fewshot\external\MedicalExpert-I\0Normal\NormalG0 (114).png,NormalG0 (114).png,1,0,0,True,300,False,1182,True
E:\KNEE_fewshot\external\MedicalExpert-I\3Moderate\ModerateG3 (99).png,ModerateG3 (99).png,1,3,3,True,300,False,1183,True
E:\KNEE_fewshot\external\MedicalExpert-I\3Moderate\ModerateG3 (56).png,ModerateG3 (56).png,1,3,3,True,300,False,1184,True
E:\KNEE_fewshot\external\MedicalExpert-I\3Moderate\ModerateG3 (159).png,ModerateG3 (159).png,1,3,3,True,300,False,1185,True
E:\KNEE_fewshot\external\MedicalExpert-I\0Normal\NormalG0 (240).png,NormalG0 (240).png,2,0,0,True,300,False,1186,True
E:\KNEE_fewshot\external\MedicalExpert-I\3Moderate\ModerateG3 (157).png,ModerateG3 (157).png,1,3,3,True,300,False,1187,True
E:\KNEE_fewshot\external\MedicalExpert-I\0Normal\NormalG0 (60).png,NormalG0 (60).png,1,0,0,True,300,False,1188,True
E:\KNEE_fewshot\external\MedicalExpert-I\2Mild\MildG2 (170).png,MildG2 (170).png,1,2,2,True,300,False,1189,True
E:\KNEE_fewshot\external\MedicalExpert-I\2Mild\MildG2 (121).png,MildG2 (121).png,1,2,2,True,300,False,720,False
E:\KNEE_fewshot\external\MedicalExpert-I\3Moderate\ModerateG3 (111).png,ModerateG3 (111).png,1,3,3,True,300,False,1190,True
E:\KNEE_fewshot\external\MedicalExpert-I\0Normal\NormalG0 (442).png,NormalG0 (442).png,1,0,1,False,300,False,427,False
E:\KNEE_fewshot\external\MedicalExpert-I\3Moderate\ModerateG3 (135).png,ModerateG3 (135).png,1,3,3,True,300,False,1191,True
E:\KNEE_fewshot\external\MedicalExpert-I\0Normal\NormalG0 (128).png,NormalG0 (128).png,1,0,0,True,300,False,1192,True
E:\KNEE_fewshot\external\MedicalExpert-I\1Doubtful\DoubtfulG1 (278).png,DoubtfulG1 (278).png,1,1,1,True,300,False,1193,True
E:\KNEE_fewshot\external\MedicalExpert-I\2Mild\MildG2 (84).png,MildG2 (84).png,1,2,2,True,300,False,1194,True
E:\KNEE_fewshot\external\MedicalExpert-I\2Mild\MildG2 (149).png,MildG2 (149).png,1,2,2,True,300,False,1195,True
E:\KNEE_fewshot\external\MedicalExpert-I\3Moderate\ModerateG3 (66).png,ModerateG3 (66).png,1,3,3,True,300,False,581,False
E:\KNEE_fewshot\external\MedicalExpert-I\0Normal\NormalG0 (158).png,NormalG0 (158).png,1,0,0,True,300,False,1196,True
E:\KNEE_fewshot\external\MedicalExpert-I\3Moderate\ModerateG3 (54).png,ModerateG3 (54).png,1,3,3,True,300,False,1197,True
E:\KNEE_fewshot\external\MedicalExpert-I\1Doubtful\DoubtfulG1 (88).png,DoubtfulG1 (88).png,1,1,1,True,300,False,1198,True
E:\KNEE_fewshot\external\MedicalExpert-I\0Normal\NormalG0 (151).png,NormalG0 (151).png,1,0,0,True,300,False,1199,True
E:\KNEE_fewshot\external\MedicalExpert-I\1Doubtful\DoubtfulG1 (29).png,DoubtfulG1 (29).png,1,1,1,True,300,False,1200,True
E:\KNEE_fewshot\external\MedicalExpert-I\2Mild\MildG2 (146).png,MildG2 (146).png,1,2,2,True,300,False,674,False
E:\KNEE_fewshot\external\MedicalExpert-I\0Normal\NormalG0 (166).png,NormalG0 (166).png,1,0,0,True,300,False,1201,True
E:\KNEE_fewshot\external\MedicalExpert-I\3Moderate\ModerateG3 (39).png,ModerateG3 (39).png,1,3,3,True,300,False,1202,True
E:\KNEE_fewshot\external\MedicalExpert-I\2Mild\MildG2 (177).png,MildG2 (177).png,1,2,2,True,300,False,1203,True
E:\KNEE_fewshot\external\MedicalExpert-I\0Normal\NormalG0 (450).png,NormalG0 (450).png,1,0,0,True,300,False,1204,True
E:\KNEE_fewshot\external\MedicalExpert-I\0Normal\NormalG0 (104).png,NormalG0 (104).png,1,0,0,True,300,False,1205,True
E:\KNEE_fewshot\external\MedicalExpert-I\2Mild\MildG2 (134).png,MildG2 (134).png,1,2,2,True,300,False,1206,True
E:\KNEE_fewshot\external\MedicalExpert-I\3Moderate\ModerateG3 (62).png,ModerateG3 (62).png,1,3,3,True,300,False,1207,True
E:\KNEE_fewshot\external\MedicalExpert-I\1Doubtful\DoubtfulG1 (65).png,DoubtfulG1 (65).png,1,1,1,True,300,False,1208,True
E:\KNEE_fewshot\external\MedicalExpert-I\0Normal\NormalG0 (95).png,NormalG0 (95).png,1,0,0,True,300,False,1209,True
E:\KNEE_fewshot\external\MedicalExpert-I\4Severe\SevereG4 (98).png,SevereG4 (98).png,1,4,4,True,300,False,1210,True
E:\KNEE_fewshot\external\MedicalExpert-I\1Doubtful\DoubtfulG1 (348).png,DoubtfulG1 (348).png,1,1,1,True,300,False,1211,True
E:\KNEE_fewshot\external\MedicalExpert-I\1Doubtful\DoubtfulG1 (388).png,DoubtfulG1 (388).png,1,1,1,True,300,False,1212,True
E:\KNEE_fewshot\external\MedicalExpert-I\1Doubtful\DoubtfulG1 (333).png,DoubtfulG1 (333).png,1,1,1,True,300,False,1213,True
E:\KNEE_fewshot\external\MedicalExpert-I\1Doubtful\DoubtfulG1 (124).png,DoubtfulG1 (124).png,1,1,1,True,300,False,1214,True
E:\KNEE_fewshot\external\MedicalExpert-I\1Doubtful\DoubtfulG1 (83).png,DoubtfulG1 (83).png,1,1,1,True,300,False,890,False
E:\KNEE_fewshot\external\MedicalExpert-I\0Normal\NormalG0 (374).png,NormalG0 (374).png,1,0,0,True,300,False,129,False
E:\KNEE_fewshot\external\MedicalExpert-I\3Moderate\ModerateG3 (84).png,ModerateG3 (84).png,1,3,3,True,300,False,1215,True
E:\KNEE_fewshot\external\MedicalExpert-I\2Mild\MildG2 (16).png,MildG2 (16).png,1,2,2,True,300,False,1216,True
E:\KNEE_fewshot\external\MedicalExpert-I\2Mild\MildG2 (23).png,MildG2 (23).png,1,2,2,True,300,False,1217,True
E:\KNEE_fewshot\external\MedicalExpert-I\1Doubtful\DoubtfulG1 (185).png,DoubtfulG1 (185).png,1,1,1,True,300,False,1218,True
E:\KNEE_fewshot\external\MedicalExpert-I\0Normal\NormalG0 (3).png,NormalG0 (3).png,1,0,1,False,300,False,1219,True
E:\KNEE_fewshot\external\MedicalExpert-I\2Mild\MildG2 (129).png,MildG2 (129).png,2,2,2,True,300,False,1220,True
E:\KNEE_fewshot\external\MedicalExpert-I\4Severe\SevereG4 (69).png,SevereG4 (69).png,1,4,4,True,300,False,1221,True
E:\KNEE_fewshot\external\MedicalExpert-I\0Normal\NormalG0 (338).png,NormalG0 (338).png,1,0,0,True,300,False,1076,False
E:\KNEE_fewshot\external\MedicalExpert-I\0Normal\NormalG0 (260).png,NormalG0 (260).png,1,0,0,True,300,False,1222,True
E:\KNEE_fewshot\external\MedicalExpert-I\3Moderate\ModerateG3 (148).png,ModerateG3 (148).png,1,3,3,True,300,False,1223,True
E:\KNEE_fewshot\external\MedicalExpert-I\0Normal\NormalG0 (34).png,NormalG0 (34).png,1,0,0,True,300,False,1224,True
E:\KNEE_fewshot\external\MedicalExpert-I\1Doubtful\DoubtfulG1 (55).png,DoubtfulG1 (55).png,1,1,1,True,300,False,1225,True
E:\KNEE_fewshot\external\MedicalExpert-I\0Normal\NormalG0 (290).png,NormalG0 (290).png,1,0,0,True,300,False,1226,True
E:\KNEE_fewshot\external\MedicalExpert-I\0Normal\NormalG0 (234).png,NormalG0 (234).png,1,0,0,True,300,False,127,False
E:\KNEE_fewshot\external\MedicalExpert-I\3Moderate\ModerateG3 (127).png,ModerateG3 (127).png,1,3,3,True,300,False,1227,True
E:\KNEE_fewshot\external\MedicalExpert-I\4Severe\SevereG4 (14).png,SevereG4 (14).png,1,4,4,True,300,False,1228,True
E:\KNEE_fewshot\external\MedicalExpert-I\4Severe\SevereG4 (115).png,SevereG4 (115).png,1,4,4,True,300,False,1229,True
E:\KNEE_fewshot\external\MedicalExpert-I\3Moderate\ModerateG3 (9).png,ModerateG3 (9).png,1,3,3,True,300,False,1230,True
E:\KNEE_fewshot\external\MedicalExpert-I\1Doubtful\DoubtfulG1 (439).png,DoubtfulG1 (439).png,1,1,1,True,300,False,1231,True
E:\KNEE_fewshot\external\MedicalExpert-I\4Severe\SevereG4 (87).png,SevereG4 (87).png,1,4,4,True,300,False,1232,True
E:\KNEE_fewshot\external\MedicalExpert-I\0Normal\NormalG0 (39).png,NormalG0 (39).png,1,0,0,True,300,False,1233,True
E:\KNEE_fewshot\external\MedicalExpert-I\4Severe\SevereG4 (5).png,SevereG4 (5).png,1,4,4,True,300,False,1234,True
E:\KNEE_fewshot\external\MedicalExpert-I\1Doubtful\DoubtfulG1 (113).png,DoubtfulG1 (113).png,1,1,1,True,300,False,1235,True
E:\KNEE_fewshot\external\MedicalExpert-I\0Normal\NormalG0 (372).png,NormalG0 (372).png,1,0,0,True,300,False,486,False
E:\KNEE_fewshot\external\MedicalExpert-I\1Doubtful\DoubtfulG1 (177).png,DoubtfulG1 (177).png,1,1,1,True,300,False,1236,True
E:\KNEE_fewshot\external\MedicalExpert-I\2Mild\MildG2 (174).png,MildG2 (174).png,1,2,2,True,300,False,1237,True
E:\KNEE_fewshot\external\MedicalExpert-I\3Moderate\ModerateG3 (137).png,ModerateG3 (137).png,1,3,3,True,300,False,1238,True
E:\KNEE_fewshot\external\MedicalExpert-I\0Normal\NormalG0 (328).png,NormalG0 (328).png,1,0,0,True,300,False,935,False
E:\KNEE_fewshot\external\MedicalExpert-I\4Severe\SevereG4 (178).png,SevereG4 (178).png,1,4,4,True,300,False,1239,True
E:\KNEE_fewshot\external\MedicalExpert-I\1Doubtful\DoubtfulG1 (2).png,DoubtfulG1 (2).png,1,1,1,True,300,False,1240,True
E:\KNEE_fewshot\external\MedicalExpert-I\1Doubtful\DoubtfulG1 (362).png,DoubtfulG1 (362).png,1,1,1,True,300,False,1241,True
E:\KNEE_fewshot\external\MedicalExpert-I\1Doubtful\DoubtfulG1 (367).png,DoubtfulG1 (367).png,1,1,1,True,300,False,1242,True
E:\KNEE_fewshot\external\MedicalExpert-I\4Severe\SevereG4 (54).png,SevereG4 (54).png,1,4,4,True,300,False,1243,True
E:\KNEE_fewshot\external\MedicalExpert-I\0Normal\NormalG0 (141).png,NormalG0 (141).png,1,0,0,True,300,False,1244,True
E:\KNEE_fewshot\external\MedicalExpert-I\2Mild\MildG2 (87).png,MildG2 (87).png,1,2,2,True,300,False,1245,True
E:\KNEE_fewshot\external\MedicalExpert-I\1Doubtful\DoubtfulG1 (23).png,DoubtfulG1 (23).png,1,1,1,True,300,False,1177,False
E:\KNEE_fewshot\external\MedicalExpert-I\1Doubtful\DoubtfulG1 (370).png,DoubtfulG1 (370).png,1,1,1,True,300,False,1246,True
E:\KNEE_fewshot\external\MedicalExpert-I\0Normal\NormalG0 (200).png,NormalG0 (200).png,2,0,0,True,300,False,635,False
E:\KNEE_fewshot\external\MedicalExpert-I\3Moderate\ModerateG3 (131).png,ModerateG3 (131).png,1,3,3,True,300,False,1247,True
E:\KNEE_fewshot\external\MedicalExpert-I\0Normal\NormalG0 (300).png,NormalG0 (300).png,2,0,0,True,300,False,783,False
E:\KNEE_fewshot\external\MedicalExpert-I\2Mild\MildG2 (11).png,MildG2 (11).png,1,2,2,True,300,False,1248,True
E:\KNEE_fewshot\external\MedicalExpert-I\3Moderate\ModerateG3 (23).png,ModerateG3 (23).png,1,3,3,True,300,False,1249,True
E:\KNEE_fewshot\external\MedicalExpert-I\4Severe\SevereG4 (151).png,SevereG4 (151).png,1,4,4,True,300,False,1250,True
E:\KNEE_fewshot\external\MedicalExpert-I\0Normal\NormalG0 (67).png,NormalG0 (67).png,1,0,0,True,300,False,1251,True
E:\KNEE_fewshot\external\MedicalExpert-I\0Normal\NormalG0 (113).png,NormalG0 (113).png,1,0,0,True,300,False,1252,True
E:\KNEE_fewshot\external\MedicalExpert-I\4Severe\SevereG4 (56).png,SevereG4 (56).png,1,4,4,True,300,False,1253,True
E:\KNEE_fewshot\external\MedicalExpert-I\0Normal\NormalG0 (292).png,NormalG0 (292).png,2,0,0,True,300,False,1254,True
E:\KNEE_fewshot\external\MedicalExpert-I\0Normal\NormalG0 (203).png,NormalG0 (203).png,2,0,0,True,300,False,1255,True
E:\KNEE_fewshot\external\MedicalExpert-I\4Severe\SevereG4 (89).png,SevereG4 (89).png,1,4,4,True,300,False,1256,True
E:\KNEE_fewshot\external\MedicalExpert-I\2Mild\MildG2 (51).png,MildG2 (51).png,1,2,2,True,300,False,186,False
E:\KNEE_fewshot\external\MedicalExpert-I\1Doubtful\DoubtfulG1 (161).png,DoubtfulG1 (161).png,1,1,1,True,300,False,1257,True
E:\KNEE_fewshot\external\MedicalExpert-I\1Doubtful\DoubtfulG1 (149).png,DoubtfulG1 (149).png,1,1,1,True,300,False,1258,True
E:\KNEE_fewshot\external\MedicalExpert-I\4Severe\SevereG4 (182).png,SevereG4 (182).png,1,4,4,True,300,False,1259,True
E:\KNEE_fewshot\external\MedicalExpert-I\1Doubtful\DoubtfulG1 (397).png,DoubtfulG1 (397).png,1,1,1,True,300,False,1260,True
E:\KNEE_fewshot\external\MedicalExpert-I\4Severe\SevereG4 (193).png,SevereG4 (193).png,1,4,4,True,300,False,1261,True
E:\KNEE_fewshot\external\MedicalExpert-I\1Doubtful\DoubtfulG1 (218).png,DoubtfulG1 (218).png,1,1,1,True,300,False,1262,True
E:\KNEE_fewshot\external\MedicalExpert-I\0Normal\NormalG0 (382).png,NormalG0 (382).png,1,0,0,True,300,False,883,False
E:\KNEE_fewshot\external\MedicalExpert-I\4Severe\SevereG4 (45).png,SevereG4 (45).png,1,4,4,True,300,False,1263,True
E:\KNEE_fewshot\external\MedicalExpert-I\0Normal\NormalG0 (26).png,NormalG0 (26).png,1,0,0,True,300,False,1264,True
E:\KNEE_fewshot\external\MedicalExpert-I\3Moderate\ModerateG3 (98).png,ModerateG3 (98).png,1,3,3,True,300,False,113,False
E:\KNEE_fewshot\external\MedicalExpert-I\1Doubtful\DoubtfulG1 (192).png,DoubtfulG1 (192).png,1,1,1,True,300,False,1265,True
E:\KNEE_fewshot\external\MedicalExpert-I\0Normal\NormalG0 (51).png,NormalG0 (51).png,1,0,0,True,300,False,1266,True
E:\KNEE_fewshot\external\MedicalExpert-I\2Mild\MildG2 (54).png,MildG2 (54).png,1,2,2,True,300,False,1267,True
E:\KNEE_fewshot\external\MedicalExpert-I\2Mild\MildG2 (46).png,MildG2 (46).png,1,2,2,True,300,False,1268,True
E:\KNEE_fewshot\external\MedicalExpert-I\0Normal\NormalG0 (362).png,NormalG0 (362).png,1,0,0,True,300,False,1269,True
E:\KNEE_fewshot\external\MedicalExpert-I\1Doubtful\DoubtfulG1 (351).png,DoubtfulG1 (351).png,1,1,1,True,300,False,1270,True
E:\KNEE_fewshot\external\MedicalExpert-I\0Normal\NormalG0 (336).png,NormalG0 (336).png,1,0,0,True,300,False,783,False
E:\KNEE_fewshot\external\MedicalExpert-I\1Doubtful\DoubtfulG1 (205).png,DoubtfulG1 (205).png,1,1,1,True,300,False,1271,True
E:\KNEE_fewshot\external\MedicalExpert-I\2Mild\MildG2 (10).png,MildG2 (10).png,1,2,2,True,300,False,1272,True
E:\KNEE_fewshot\external\MedicalExpert-I\3Moderate\ModerateG3 (169).png,ModerateG3 (169).png,1,3,3,True,300,False,339,False
E:\KNEE_fewshot\external\MedicalExpert-I\4Severe\SevereG4 (126).png,SevereG4 (126).png,1,4,4,True,300,False,1273,True
E:\KNEE_fewshot\external\MedicalExpert-I\2Mild\MildG2 (6).png,MildG2 (6).png,1,2,2,True,300,False,1274,True
E:\KNEE_fewshot\external\MedicalExpert-I\4Severe\SevereG4 (120).png,SevereG4 (120).png,1,4,4,True,300,False,1275,True
E:\KNEE_fewshot\external\MedicalExpert-I\3Moderate\ModerateG3 (120).png,ModerateG3 (120).png,2,3,3,True,300,False,1276,True
E:\KNEE_fewshot\external\MedicalExpert-I\3Moderate\ModerateG3 (92).png,ModerateG3 (92).png,1,3,3,True,300,False,1277,True
E:\KNEE_fewshot\external\MedicalExpert-I\2Mild\MildG2 (119).png,MildG2 (119).png,2,2,2,True,300,False,1237,False
E:\KNEE_fewshot\external\MedicalExpert-I\1Doubtful\DoubtfulG1 (108).png,DoubtfulG1 (108).png,1,1,1,True,300,False,1278,True
E:\KNEE_fewshot\external\MedicalExpert-I\1Doubtful\DoubtfulG1 (74).png,DoubtfulG1 (74).png,1,1,1,True,300,False,417,False
E:\KNEE_fewshot\external\MedicalExpert-I\0Normal\NormalG0 (429).png,NormalG0 (429).png,1,0,0,True,300,False,106,False
E:\KNEE_fewshot\external\MedicalExpert-I\2Mild\MildG2 (30).png,MildG2 (30).png,1,2,2,True,300,False,1279,True
E:\KNEE_fewshot\external\MedicalExpert-I\1Doubtful\DoubtfulG1 (147).png,DoubtfulG1 (147).png,1,1,1,True,300,False,1280,True
E:\KNEE_fewshot\external\MedicalExpert-I\1Doubtful\DoubtfulG1 (338).png,DoubtfulG1 (338).png,1,1,1,True,300,False,1281,True
E:\KNEE_fewshot\external\MedicalExpert-I\1Doubtful\DoubtfulG1 (222).png,DoubtfulG1 (222).png,1,1,1,True,300,False,1282,True
E:\KNEE_fewshot\external\MedicalExpert-I\4Severe\SevereG4 (196).png,SevereG4 (196).png,1,4,4,True,300,False,1283,True
E:\KNEE_fewshot\external\MedicalExpert-I\1Doubtful\DoubtfulG1 (438).png,DoubtfulG1 (438).png,1,1,1,True,300,False,1284,True
E:\KNEE_fewshot\external\MedicalExpert-I\1Doubtful\DoubtfulG1 (110).png,DoubtfulG1 (110).png,1,1,1,True,300,False,1285,True
E:\KNEE_fewshot\external\MedicalExpert-I\4Severe\SevereG4 (135).png,SevereG4 (135).png,1,4,4,True,300,False,1286,True
E:\KNEE_fewshot\external\MedicalExpert-I\0Normal\NormalG0 (235).png,NormalG0 (235).png,1,0,0,True,300,False,1287,True
E:\KNEE_fewshot\external\MedicalExpert-I\1Doubtful\DoubtfulG1 (115).png,DoubtfulG1 (115).png,1,1,1,True,300,False,1288,True
E:\KNEE_fewshot\external\MedicalExpert-I\1Doubtful\DoubtfulG1 (27).png,DoubtfulG1 (27).png,1,1,1,True,300,False,1289,True
E:\KNEE_fewshot\external\MedicalExpert-I\4Severe\SevereG4 (63).png,SevereG4 (63).png,1,4,4,True,300,False,1290,True
E:\KNEE_fewshot\external\MedicalExpert-I\3Moderate\ModerateG3 (85).png,ModerateG3 (85).png,1,3,3,True,300,False,1291,True
E:\KNEE_fewshot\external\MedicalExpert-I\0Normal\NormalG0 (143).png,NormalG0 (143).png,1,0,0,True,300,False,1292,True
E:\KNEE_fewshot\external\MedicalExpert-I\2Mild\MildG2 (165).png,MildG2 (165).png,1,2,2,True,300,False,1293,True
E:\KNEE_fewshot\external\MedicalExpert-I\0Normal\NormalG0 (146).png,NormalG0 (146).png,1,0,0,True,300,False,1294,True
E:\KNEE_fewshot\external\MedicalExpert-I\2Mild\MildG2 (40).png,MildG2 (40).png,1,2,2,True,300,False,1295,True
E:\KNEE_fewshot\external\MedicalExpert-I\2Mild\MildG2 (2).png,MildG2 (2).png,1,2,2,True,300,False,1296,True
E:\KNEE_fewshot\external\MedicalExpert-I\0Normal\NormalG0 (437).png,NormalG0 (437).png,1,0,0,True,300,False,28,False
E:\KNEE_fewshot\external\MedicalExpert-I\3Moderate\ModerateG3 (112).png,ModerateG3 (112).png,1,3,3,True,300,False,1297,True
