path,file,n_copies,expert1,expert2,consensus
E:\KNEE_fewshot\external\MedicalExpert-I\1Doubtful\DoubtfulG1 (309).png,DoubtfulG1 (309).png,1,1,1,True
E:\KNEE_fewshot\external\MedicalExpert-I\2Mild\MildG2 (83).png,MildG2 (83).png,1,2,2,True
E:\KNEE_fewshot\external\MedicalExpert-I\1Doubtful\DoubtfulG1 (261).png,DoubtfulG1 (261).png,1,1,1,True
E:\KNEE_fewshot\external\MedicalExpert-I\0Normal\NormalG0 (36).png,NormalG0 (36).png,1,0,0,True
E:\KNEE_fewshot\external\MedicalExpert-I\1Doubtful\DoubtfulG1 (155).png,DoubtfulG1 (155).png,1,1,1,True
E:\KNEE_fewshot\external\MedicalExpert-I\1Doubtful\DoubtfulG1 (3).png,DoubtfulG1 (3).png,1,1,1,True
E:\KNEE_fewshot\external\MedicalExpert-I\1Doubtful\DoubtfulG1 (236).png,DoubtfulG1 (236).png,1,1,1,True
E:\KNEE_fewshot\external\MedicalExpert-I\0Normal\NormalG0 (209).png,NormalG0 (209).png,2,0,0,True
E:\KNEE_fewshot\external\MedicalExpert-I\0Normal\NormalG0 (199).png,NormalG0 (199).png,1,0,0,True
E:\KNEE_fewshot\external\MedicalExpert-I\2Mild\MildG2 (57).png,MildG2 (57).png,1,2,2,True
E:\KNEE_fewshot\external\MedicalExpert-I\2Mild\MildG2 (99).png,MildG2 (99).png,1,2,2,True
E:\KNEE_fewshot\external\MedicalExpert-I\0Normal\NormalG0 (371).png,NormalG0 (371).png,1,0,0,True
E:\KNEE_fewshot\external\MedicalExpert-I\1Doubtful\DoubtfulG1 (350).png,DoubtfulG1 (350).png,1,1,1,True
E:\KNEE_fewshot\external\MedicalExpert-I\0Normal\NormalG0 (6).png,NormalG0 (6).png,1,0,0,True
E:\KNEE_fewshot\external\MedicalExpert-I\0Normal\NormalG0 (317).png,NormalG0 (317).png,1,0,0,True
E:\KNEE_fewshot\external\MedicalExpert-I\4Severe\SevereG4 (113).png,SevereG4 (113).png,1,4,4,True
E:\KNEE_fewshot\external\MedicalExpert-I\2Mild\MildG2 (24).png,MildG2 (24).png,1,2,2,True
E:\KNEE_fewshot\external\MedicalExpert-I\4Severe\SevereG4 (147).png,SevereG4 (147).png,1,4,4,True
E:\KNEE_fewshot\external\MedicalExpert-I\0Normal\NormalG0 (242).png,NormalG0 (242).png,2,0,0,True
E:\KNEE_fewshot\external\MedicalExpert-I\0Normal\NormalG0 (498).png,NormalG0 (498).png,1,0,0,True
E:\KNEE_fewshot\external\MedicalExpert-I\1Doubtful\DoubtfulG1 (264).png,DoubtfulG1 (264).png,1,1,1,True
E:\KNEE_fewshot\external\MedicalExpert-I\2Mild\MildG2 (97).png,MildG2 (97).png,1,2,2,True
E:\KNEE_fewshot\external\MedicalExpert-I\4Severe\SevereG4 (80).png,SevereG4 (80).png,1,4,4,True
E:\KNEE_fewshot\external\MedicalExpert-I\1Doubtful\DoubtfulG1 (262).png,DoubtfulG1 (262).png,1,1,1,True
E:\KNEE_fewshot\external\MedicalExpert-I\0Normal\NormalG0 (79).png,NormalG0 (79).png,1,0,0,True
E:\KNEE_fewshot\external\MedicalExpert-I\1Doubtful\DoubtfulG1 (219).png,DoubtfulG1 (219).png,1,1,1,True
E:\KNEE_fewshot\external\MedicalExpert-I\4Severe\SevereG4 (90).png,SevereG4 (90).png,1,4,4,True
E:\KNEE_fewshot\external\MedicalExpert-I\0Normal\NormalG0 (401).png,NormalG0 (401).png,1,0,0,True
E:\KNEE_fewshot\external\MedicalExpert-I\1Doubtful\DoubtfulG1 (94).png,DoubtfulG1 (94).png,1,1,1,True
E:\KNEE_fewshot\external\MedicalExpert-I\0Normal\NormalG0 (333).png,NormalG0 (333).png,1,0,0,True
E:\KNEE_fewshot\external\MedicalExpert-I\1Doubtful\DoubtfulG1 (64).png,DoubtfulG1 (64).png,1,1,1,True
E:\KNEE_fewshot\external\MedicalExpert-I\2Mild\MildG2 (169).png,MildG2 (169).png,1,2,2,True
E:\KNEE_fewshot\external\MedicalExpert-I\0Normal\NormalG0 (357).png,NormalG0 (357).png,1,0,0,True
E:\KNEE_fewshot\external\MedicalExpert-I\4Severe\SevereG4 (72).png,SevereG4 (72).png,1,4,4,True
E:\KNEE_fewshot\external\MedicalExpert-I\2Mild\MildG2 (35).png,MildG2 (35).png,1,2,2,True
E:\KNEE_fewshot\external\MedicalExpert-I\3Moderate\ModerateG3 (140).png,ModerateG3 (140).png,1,3,3,True
E:\KNEE_fewshot\external\MedicalExpert-I\4Severe\SevereG4 (1).png,SevereG4 (1).png,1,4,4,True
E:\KNEE_fewshot\external\MedicalExpert-I\4Severe\SevereG4 (195).png,SevereG4 (195).png,1,4,4,True
E:\KNEE_fewshot\external\MedicalExpert-I\0Normal\NormalG0 (266).png,NormalG0 (266).png,1,0,0,True
E:\KNEE_fewshot\external\MedicalExpert-I\2Mild\MildG2 (37).png,MildG2 (37).png,1,2,2,True
E:\KNEE_fewshot\external\MedicalExpert-I\0Normal\NormalG0 (171).png,NormalG0 (171).png,1,0,0,True
E:\KNEE_fewshot\external\MedicalExpert-I\4Severe\SevereG4 (156).png,SevereG4 (156).png,1,4,4,True
E:\KNEE_fewshot\external\MedicalExpert-I\1Doubtful\DoubtfulG1 (274).png,DoubtfulG1 (274).png,1,1,1,True
E:\KNEE_fewshot\external\MedicalExpert-I\0Normal\NormalG0 (226).png,NormalG0 (226).png,1,0,0,True
E:\KNEE_fewshot\external\MedicalExpert-I\4Severe\SevereG4 (186).png,SevereG4 (186).png,1,4,4,True
E:\KNEE_fewshot\external\MedicalExpert-I\0Normal\NormalG0 (139).png,NormalG0 (139).png,1,0,0,True
E:\KNEE_fewshot\external\MedicalExpert-I\2Mild\MildG2 (60).png,MildG2 (60).png,1,2,2,True
E:\KNEE_fewshot\external\MedicalExpert-I\1Doubtful\DoubtfulG1 (111).png,DoubtfulG1 (111).png,1,1,1,True
E:\KNEE_fewshot\external\MedicalExpert-I\0Normal\NormalG0 (331).png,NormalG0 (331).png,1,0,0,True
E:\KNEE_fewshot\external\MedicalExpert-I\2Mild\MildG2 (208).png,MildG2 (208).png,1,2,2,True
E:\KNEE_fewshot\external\MedicalExpert-I\4Severe\SevereG4 (165).png,SevereG4 (165).png,1,4,4,True
E:\KNEE_fewshot\external\MedicalExpert-I\1Doubtful\DoubtfulG1 (410).png,DoubtfulG1 (410).png,1,1,1,True
E:\KNEE_fewshot\external\MedicalExpert-I\1Doubtful\DoubtfulG1 (203).png,DoubtfulG1 (203).png,1,1,1,True
E:\KNEE_fewshot\external\MedicalExpert-I\2Mild\MildG2 (222).png,MildG2 (222).png,1,2,2,True
E:\KNEE_fewshot\external\MedicalExpert-I\4Severe\SevereG4 (70).png,SevereG4 (70).png,1,4,4,True
E:\KNEE_fewshot\external\MedicalExpert-I\0Normal\NormalG0 (435).png,NormalG0 (435).png,1,0,0,True
E:\KNEE_fewshot\external\MedicalExpert-I\2Mild\MildG2 (81).png,MildG2 (81).png,1,2,2,True
E:\KNEE_fewshot\external\MedicalExpert-I\0Normal\NormalG0 (456).png,NormalG0 (456).png,1,0,0,True
E:\KNEE_fewshot\external\MedicalExpert-I\0Normal\NormalG0 (12).png,NormalG0 (12).png,1,0,0,True
E:\KNEE_fewshot\external\MedicalExpert-I\3Moderate\ModerateG3 (105).png,ModerateG3 (105).png,1,3,3,True
E:\KNEE_fewshot\external\MedicalExpert-I\3Moderate\ModerateG3 (95).png,ModerateG3 (95).png,1,3,3,True
E:\KNEE_fewshot\external\MedicalExpert-I\0Normal\NormalG0 (117).png,NormalG0 (117).png,1,0,0,True
E:\KNEE_fewshot\external\MedicalExpert-I\1Doubtful\DoubtfulG1 (404).png,DoubtfulG1 (404).png,1,1,1,True
E:\KNEE_fewshot\external\MedicalExpert-I\1Doubtful\DoubtfulG1 (57).png,DoubtfulG1 (57).png,1,1,1,True
E:\KNEE_fewshot\external\MedicalExpert-I\0Normal\NormalG0 (33).png,NormalG0 (33).png,1,0,0,True
E:\KNEE_fewshot\external\MedicalExpert-I\0Normal\NormalG0 (216).png,NormalG0 (216).png,1,0,0,True
E:\KNEE_fewshot\external\MedicalExpert-I\3Moderate\ModerateG3 (162).png,ModerateG3 (162).png,1,3,3,True
E:\KNEE_fewshot\external\MedicalExpert-I\0Normal\NormalG0 (325).png,NormalG0 (325).png,1,0,0,True
E:\KNEE_fewshot\external\MedicalExpert-I\0Normal\NormalG0 (82).png,NormalG0 (82).png,1,0,0,True
E:\KNEE_fewshot\external\MedicalExpert-I\1Doubtful\DoubtfulG1 (405).png,DoubtfulG1 (405).png,1,1,1,True
E:\KNEE_fewshot\external\MedicalExpert-I\0Normal\NormalG0 (69).png,NormalG0 (69).png,1,0,0,True
E:\KNEE_fewshot\external\MedicalExpert-I\4Severe\SevereG4 (2).png,SevereG4 (2).png,1,4,4,True
E:\KNEE_fewshot\external\MedicalExpert-I\3Moderate\ModerateG3 (8).png,ModerateG3 (8).png,1,3,3,True
E:\KNEE_fewshot\external\MedicalExpert-I\1Doubtful\DoubtfulG1 (470).png,DoubtfulG1 (470).png,1,1,1,True
E:\KNEE_fewshot\external\MedicalExpert-I\1Doubtful\DoubtfulG1 (368).png,DoubtfulG1 (368).png,1,1,1,True
E:\KNEE_fewshot\external\MedicalExpert-I\3Moderate\ModerateG3 (16).png,ModerateG3 (16).png,1,3,3,True
E:\KNEE_fewshot\external\MedicalExpert-I\1Doubtful\DoubtfulG1 (363).png,DoubtfulG1 (363).png,1,1,1,True
E:\KNEE_fewshot\external\MedicalExpert-I\3Moderate\ModerateG3 (180).png,ModerateG3 (180).png,1,3,3,True
E:\KNEE_fewshot\external\MedicalExpert-I\1Doubtful\DoubtfulG1 (142).png,DoubtfulG1 (142).png,1,1,1,True
E:\KNEE_fewshot\external\MedicalExpert-I\3Moderate\ModerateG3 (211).png,ModerateG3 (211).png,1,3,3,True
E:\KNEE_fewshot\external\MedicalExpert-I\0Normal\NormalG0 (68).png,NormalG0 (68).png,1,0,0,True
E:\KNEE_fewshot\external\MedicalExpert-I\1Doubtful\DoubtfulG1 (138).png,DoubtfulG1 (138).png,1,1,1,True
E:\KNEE_fewshot\external\MedicalExpert-I\1Doubtful\DoubtfulG1 (434).png,DoubtfulG1 (434).png,1,1,1,True
E:\KNEE_fewshot\external\MedicalExpert-I\1Doubtful\DoubtfulG1 (448).png,DoubtfulG1 (448).png,1,1,1,True
E:\KNEE_fewshot\external\MedicalExpert-I\0Normal\NormalG0 (326).png,NormalG0 (326).png,1,0,0,True
E:\KNEE_fewshot\external\MedicalExpert-I\0Normal\NormalG0 (271).png,NormalG0 (271).png,1,0,0,True
E:\KNEE_fewshot\external\MedicalExpert-I\3Moderate\ModerateG3 (41).png,ModerateG3 (41).png,1,3,3,True
E:\KNEE_fewshot\external\MedicalExpert-I\0Normal\NormalG0 (179).png,NormalG0 (179).png,1,0,0,True
E:\KNEE_fewshot\external\MedicalExpert-I\3Moderate\ModerateG3 (166).png,ModerateG3 (166).png,1,3,3,True
E:\KNEE_fewshot\external\MedicalExpert-I\1Doubtful\DoubtfulG1 (99).png,DoubtfulG1 (99).png,1,1,1,True
E:\KNEE_fewshot\external\MedicalExpert-I\1Doubtful\DoubtfulG1 (293).png,DoubtfulG1 (293).png,1,1,1,True
E:\KNEE_fewshot\external\MedicalExpert-I\3Moderate\ModerateG3 (19).png,ModerateG3 (19).png,1,3,3,True
E:\KNEE_fewshot\external\MedicalExpert-I\0Normal\NormalG0 (155).png,NormalG0 (155).png,1,0,0,True
E:\KNEE_fewshot\external\MedicalExpert-I\4Severe\SevereG4 (177).png,SevereG4 (177).png,1,4,4,True
E:\KNEE_fewshot\external\MedicalExpert-I\3Moderate\ModerateG3 (168).png,ModerateG3 (168).png,1,3,3,True
E:\KNEE_fewshot\external\MedicalExpert-I\4Severe\SevereG4 (53).png,SevereG4 (53).png,1,4,4,True
E:\KNEE_fewshot\external\MedicalExpert-I\4Severe\SevereG4 (205).png,SevereG4 (205).png,1,4,4,True
E:\KNEE_fewshot\external\MedicalExpert-I\1Doubtful\DoubtfulG1 (178).png,DoubtfulG1 (178).png,1,1,1,True
E:\KNEE_fewshot\external\MedicalExpert-I\3Moderate\ModerateG3 (116).png,ModerateG3 (116).png,1,3,3,True
E:\KNEE_fewshot\external\MedicalExpert-I\2Mild\MildG2 (36).png,MildG2 (36).png,1,2,2,True
E:\KNEE_fewshot\external\MedicalExpert-I\2Mild\MildG2 (15).png,MildG2 (15).png,1,2,2,True
E:\KNEE_fewshot\external\MedicalExpert-I\3Moderate\ModerateG3 (156).png,ModerateG3 (156).png,1,3,3,True
E:\KNEE_fewshot\external\MedicalExpert-I\1Doubtful\DoubtfulG1 (417).png,DoubtfulG1 (417).png,1,1,1,True
E:\KNEE_fewshot\external\MedicalExpert-I\1Doubtful\DoubtfulG1 (427).png,DoubtfulG1 (427).png,1,1,1,True
E:\KNEE_fewshot\external\MedicalExpert-I\2Mild\MildG2 (138).png,MildG2 (138).png,1,2,2,True
E:\KNEE_fewshot\external\MedicalExpert-I\3Moderate\ModerateG3 (192).png,ModerateG3 (192).png,1,3,3,True
E:\KNEE_fewshot\external\MedicalExpert-I\0Normal\NormalG0 (269).png,NormalG0 (269).png,1,0,0,True
E:\KNEE_fewshot\external\MedicalExpert-I\0Normal\NormalG0 (356).png,NormalG0 (356).png,1,0,0,True
E:\KNEE_fewshot\external\MedicalExpert-I\1Doubtful\DoubtfulG1 (305).png,DoubtfulG1 (305).png,1,1,1,True
E:\KNEE_fewshot\external\MedicalExpert-I\1Doubtful\DoubtfulG1 (359).png,DoubtfulG1 (359).png,1,1,1,True
E:\KNEE_fewshot\external\MedicalExpert-I\0Normal\NormalG0 (46).png,NormalG0 (46).png,1,0,0,True
E:\KNEE_fewshot\external\MedicalExpert-I\2Mild\MildG2 (33).png,MildG2 (33).png,1,2,2,True
E:\KNEE_fewshot\external\MedicalExpert-I\4Severe\SevereG4 (95).png,SevereG4 (95).png,1,4,4,True
E:\KNEE_fewshot\external\MedicalExpert-I\1Doubtful\DoubtfulG1 (246).png,DoubtfulG1 (246).png,1,1,1,True
E:\KNEE_fewshot\external\MedicalExpert-I\0Normal\NormalG0 (259).png,NormalG0 (259).png,1,0,0,True
E:\KNEE_fewshot\external\MedicalExpert-I\0Normal\NormalG0 (487).png,NormalG0 (487).png,1,0,0,True
E:\KNEE_fewshot\external\MedicalExpert-I\0Normal\NormalG0 (305).png,NormalG0 (305).png,1,0,0,True
E:\KNEE_fewshot\external\MedicalExpert-I\1Doubtful\DoubtfulG1 (423).png,DoubtfulG1 (423).png,1,1,1,True
E:\KNEE_fewshot\external\MedicalExpert-I\3Moderate\ModerateG3 (183).png,ModerateG3 (183).png,1,3,3,True
E:\KNEE_fewshot\external\MedicalExpert-I\0Normal\NormalG0 (224).png,NormalG0 (224).png,1,0,0,True
E:\KNEE_fewshot\external\MedicalExpert-I\1Doubtful\DoubtfulG1 (406).png,DoubtfulG1 (406).png,1,1,1,True
E:\KNEE_fewshot\external\MedicalExpert-I\4Severe\SevereG4 (86).png,SevereG4 (86).png,1,4,4,True
E:\KNEE_fewshot\external\MedicalExpert-I\0Normal\NormalG0 (278).png,NormalG0 (278).png,1,0,0,True
E:\KNEE_fewshot\external\MedicalExpert-I\1Doubtful\DoubtfulG1 (9).png,DoubtfulG1 (9).png,1,1,1,True
E:\KNEE_fewshot\external\MedicalExpert-I\2Mild\MildG2 (231).png,MildG2 (231).png,1,2,2,True
E:\KNEE_fewshot\external\MedicalExpert-I\3Moderate\ModerateG3 (146).png,ModerateG3 (146).png,1,3,3,True
E:\KNEE_fewshot\external\MedicalExpert-I\0Normal\NormalG0 (275).png,NormalG0 (275).png,1,0,0,True
E:\KNEE_fewshot\external\MedicalExpert-I\2Mild\MildG2 (190).png,MildG2 (190).png,1,2,2,True
E:\KNEE_fewshot\external\MedicalExpert-I\4Severe\SevereG4 (74).png,SevereG4 (74).png,1,4,4,True
E:\KNEE_fewshot\external\MedicalExpert-I\0Normal\NormalG0 (347).png,NormalG0 (347).png,1,0,0,True
E:\KNEE_fewshot\external\MedicalExpert-I\1Doubtful\DoubtfulG1 (431).png,DoubtfulG1 (431).png,1,1,1,True
E:\KNEE_fewshot\external\MedicalExpert-I\0Normal\NormalG0 (118).png,NormalG0 (118).png,1,0,0,True
E:\KNEE_fewshot\external\MedicalExpert-I\1Doubtful\DoubtfulG1 (199).png,DoubtfulG1 (199).png,1,1,1,True
E:\KNEE_fewshot\external\MedicalExpert-I\4Severe\SevereG4 (10).png,SevereG4 (10).png,1,4,4,True
E:\KNEE_fewshot\external\MedicalExpert-I\0Normal\NormalG0 (32).png,NormalG0 (32).png,1,0,0,True
E:\KNEE_fewshot\external\MedicalExpert-I\3Moderate\ModerateG3 (72).png,ModerateG3 (72).png,1,3,3,True
E:\KNEE_fewshot\external\MedicalExpert-I\0Normal\NormalG0 (408).png,NormalG0 (408).png,1,0,0,True
E:\KNEE_fewshot\external\MedicalExpert-I\1Doubtful\DoubtfulG1 (209).png,DoubtfulG1 (209).png,1,1,1,True
E:\KNEE_fewshot\external\MedicalExpert-I\1Doubtful\DoubtfulG1 (416).png,DoubtfulG1 (416).png,1,1,1,True
E:\KNEE_fewshot\external\MedicalExpert-I\0Normal\NormalG0 (341).png,NormalG0 (341).png,1,0,0,True
E:\KNEE_fewshot\external\MedicalExpert-I\2Mild\MildG2 (72).png,MildG2 (72).png,1,2,2,True
E:\KNEE_fewshot\external\MedicalExpert-I\0Normal\NormalG0 (267).png,NormalG0 (267).png,1,0,0,True
E:\KNEE_fewshot\external\MedicalExpert-I\1Doubtful\DoubtfulG1 (226).png,DoubtfulG1 (226).png,1,1,1,True
E:\KNEE_fewshot\external\MedicalExpert-I\4Severe\SevereG4 (145).png,SevereG4 (145).png,1,4,4,True
E:\KNEE_fewshot\external\MedicalExpert-I\1Doubtful\DoubtfulG1 (5).png,DoubtfulG1 (5).png,1,1,1,True
E:\KNEE_fewshot\external\MedicalExpert-I\1Doubtful\DoubtfulG1 (229).png,DoubtfulG1 (229).png,1,1,1,True
E:\KNEE_fewshot\external\MedicalExpert-I\0Normal\NormalG0 (312).png,NormalG0 (312).png,1,0,0,True
E:\KNEE_fewshot\external\MedicalExpert-I\2Mild\MildG2 (14).png,MildG2 (14).png,1,2,2,True
E:\KNEE_fewshot\external\MedicalExpert-I\0Normal\NormalG0 (467).png,NormalG0 (467).png,1,0,0,True
E:\KNEE_fewshot\external\MedicalExpert-I\1Doubtful\DoubtfulG1 (247).png,DoubtfulG1 (247).png,1,1,1,True
E:\KNEE_fewshot\external\MedicalExpert-I\4Severe\SevereG4 (167).png,SevereG4 (167).png,1,4,4,True
E:\KNEE_fewshot\external\MedicalExpert-I\1Doubtful\DoubtfulG1 (450).png,DoubtfulG1 (450).png,2,1,1,True
E:\KNEE_fewshot\external\MedicalExpert-I\3Moderate\ModerateG3 (86).png,ModerateG3 (86).png,1,3,3,True
E:\KNEE_fewshot\external\MedicalExpert-I\3Moderate\ModerateG3 (188).png,ModerateG3 (188).png,1,3,3,True
E:\KNEE_fewshot\external\MedicalExpert-I\3Moderate\ModerateG3 (212).png,ModerateG3 (212).png,1,3,3,True
E:\KNEE_fewshot\external\MedicalExpert-I\4Severe\SevereG4 (8).png,SevereG4 (8).png,1,4,4,True
E:\KNEE_fewshot\external\MedicalExpert-I\0Normal\NormalG0 (109).png,NormalG0 (109).png,1,0,0,True
E:\KNEE_fewshot\external\MedicalExpert-I\1Doubtful\DoubtfulG1 (136).png,DoubtfulG1 (136).png,1,1,1,True
E:\KNEE_fewshot\external\MedicalExpert-I\0Normal\NormalG0 (86).png,NormalG0 (86).png,1,0,0,True
E:\KNEE_fewshot\external\MedicalExpert-I\0Normal\NormalG0 (66).png,NormalG0 (66).png,1,0,0,True
E:\KNEE_fewshot\external\MedicalExpert-I\0Normal\NormalG0 (102).png,NormalG0 (102).png,1,0,0,True
E:\KNEE_fewshot\external\MedicalExpert-I\3Moderate\ModerateG3 (36).png,ModerateG3 (36).png,1,3,3,True
E:\KNEE_fewshot\external\MedicalExpert-I\2Mild\MildG2 (91).png,MildG2 (91).png,1,2,2,True
E:\KNEE_fewshot\external\MedicalExpert-I\4Severe\SevereG4 (107).png,SevereG4 (107).png,1,4,4,True
E:\KNEE_fewshot\external\MedicalExpert-I\1Doubtful\DoubtfulG1 (96).png,DoubtfulG1 (96).png,1,1,1,True
E:\KNEE_fewshot\external\MedicalExpert-I\3Moderate\ModerateG3 (213).png,ModerateG3 (213).png,1,3,3,True
E:\KNEE_fewshot\external\MedicalExpert-I\1Doubtful\DoubtfulG1 (387).png,DoubtfulG1 (387).png,1,1,1,True
E:\KNEE_fewshot\external\MedicalExpert-I\0Normal\NormalG0 (361).png,NormalG0 (361).png,1,0,0,True
E:\KNEE_fewshot\external\MedicalExpert-I\1Doubtful\DoubtfulG1 (223).png,DoubtfulG1 (223).png,1,1,1,True
E:\KNEE_fewshot\external\MedicalExpert-I\1Doubtful\DoubtfulG1 (158).png,DoubtfulG1 (158).png,1,1,1,True
E:\KNEE_fewshot\external\MedicalExpert-I\0Normal\NormalG0 (127).png,NormalG0 (127).png,1,0,0,True
E:\KNEE_fewshot\external\MedicalExpert-I\1Doubtful\DoubtfulG1 (12).png,DoubtfulG1 (12).png,1,1,1,True
E:\KNEE_fewshot\external\MedicalExpert-I\0Normal\NormalG0 (483).png,NormalG0 (483).png,1,0,0,True
E:\KNEE_fewshot\external\MedicalExpert-I\4Severe\SevereG4 (153).png,SevereG4 (153).png,1,4,4,True
E:\KNEE_fewshot\external\MedicalExpert-I\2Mild\MildG2 (131).png,MildG2 (131).png,1,2,2,True
E:\KNEE_fewshot\external\MedicalExpert-I\3Moderate\ModerateG3 (106).png,ModerateG3 (106).png,1,3,3,True
E:\KNEE_fewshot\external\MedicalExpert-I\0Normal\NormalG0 (279).png,NormalG0 (279).png,1,0,0,True
E:\KNEE_fewshot\external\MedicalExpert-I\1Doubtful\DoubtfulG1 (224).png,DoubtfulG1 (224).png,1,1,1,True
E:\KNEE_fewshot\external\MedicalExpert-I\2Mild\MildG2 (132).png,MildG2 (132).png,1,2,2,True
E:\KNEE_fewshot\external\MedicalExpert-I\3Moderate\ModerateG3 (100).png,ModerateG3 (100).png,1,3,3,True
E:\KNEE_fewshot\external\MedicalExpert-I\1Doubtful\DoubtfulG1 (170).png,DoubtfulG1 (170).png,1,1,1,True
E:\KNEE_fewshot\external\MedicalExpert-I\3Moderate\ModerateG3 (67).png,ModerateG3 (67).png,1,3,3,True
E:\KNEE_fewshot\external\MedicalExpert-I\1Doubtful\DoubtfulG1 (471).png,DoubtfulG1 (471).png,1,1,1,True
E:\KNEE_fewshot\external\MedicalExpert-I\1Doubtful\DoubtfulG1 (132).png,DoubtfulG1 (132).png,1,1,1,True
E:\KNEE_fewshot\external\MedicalExpert-I\0Normal\NormalG0 (459).png,NormalG0 (459).png,1,0,0,True
E:\KNEE_fewshot\external\MedicalExpert-I\2Mild\MildG2 (75).png,MildG2 (75).png,1,2,2,True
E:\KNEE_fewshot\external\MedicalExpert-I\2Mild\MildG2 (137).png,MildG2 (137).png,1,2,2,True
E:\KNEE_fewshot\external\MedicalExpert-I\2Mild\MildG2 (178).png,MildG2 (178).png,1,2,2,True
E:\KNEE_fewshot\external\MedicalExpert-I\3Moderate\ModerateG3 (53).png,ModerateG3 (53).png,1,3,3,True
E:\KNEE_fewshot\external\MedicalExpert-I\2Mild\MildG2 (141).png,MildG2 (141).png,1,2,2,True
E:\KNEE_fewshot\external\MedicalExpert-I\1Doubtful\DoubtfulG1 (46).png,DoubtfulG1 (46).png,1,1,1,True
E:\KNEE_fewshot\external\MedicalExpert-I\1Doubtful\DoubtfulG1 (457).png,DoubtfulG1 (457).png,1,1,1,True
E:\KNEE_fewshot\external\MedicalExpert-I\1Doubtful\DoubtfulG1 (79).png,DoubtfulG1 (79).png,1,1,1,True
E:\KNEE_fewshot\external\MedicalExpert-I\0Normal\NormalG0 (455).png,NormalG0 (455).png,1,0,0,True
E:\KNEE_fewshot\external\MedicalExpert-I\3Moderate\ModerateG3 (176).png,ModerateG3 (176).png,1,3,3,True
E:\KNEE_fewshot\external\MedicalExpert-I\3Moderate\ModerateG3 (186).png,ModerateG3 (186).png,2,3,3,True
E:\KNEE_fewshot\external\MedicalExpert-I\2Mild\MildG2 (209).png,MildG2 (209).png,1,2,2,True
E:\KNEE_fewshot\external\MedicalExpert-I\1Doubtful\DoubtfulG1 (116).png,DoubtfulG1 (116).png,1,1,1,True
E:\KNEE_fewshot\external\MedicalExpert-I\1Doubtful\DoubtfulG1 (168).png,DoubtfulG1 (168).png,1,1,1,True
E:\KNEE_fewshot\external\MedicalExpert-I\1Doubtful\DoubtfulG1 (396).png,DoubtfulG1 (396).png,1,1,1,True
E:\KNEE_fewshot\external\MedicalExpert-I\0Normal\NormalG0 (489).png,NormalG0 (489).png,1,0,0,True
E:\KNEE_fewshot\external\MedicalExpert-I\1Doubtful\DoubtfulG1 (279).png,DoubtfulG1 (279).png,1,1,1,True
E:\KNEE_fewshot\external\MedicalExpert-I\4Severe\SevereG4 (101).png,SevereG4 (101).png,1,4,4,True
E:\KNEE_fewshot\external\MedicalExpert-I\0Normal\NormalG0 (274).png,NormalG0 (274).png,2,0,0,True
E:\KNEE_fewshot\external\MedicalExpert-I\1Doubtful\DoubtfulG1 (415).png,DoubtfulG1 (415).png,1,1,1,True
E:\KNEE_fewshot\external\MedicalExpert-I\1Doubtful\DoubtfulG1 (140).png,DoubtfulG1 (140).png,1,1,1,True
E:\KNEE_fewshot\external\MedicalExpert-I\0Normal\NormalG0 (54).png,NormalG0 (54).png,1,0,0,True
E:\KNEE_fewshot\external\MedicalExpert-I\2Mild\MildG2 (164).png,MildG2 (164).png,1,2,2,True
E:\KNEE_fewshot\external\MedicalExpert-I\0Normal\NormalG0 (161).png,NormalG0 (161).png,1,0,0,True
E:\KNEE_fewshot\external\MedicalExpert-I\2Mild\MildG2 (123).png,MildG2 (123).png,1,2,2,True
E:\KNEE_fewshot\external\MedicalExpert-I\1Doubtful\DoubtfulG1 (288).png,DoubtfulG1 (288).png,1,1,1,True
E:\KNEE_fewshot\external\MedicalExpert-I\4Severe\SevereG4 (181).png,SevereG4 (181).png,1,4,4,True
E:\KNEE_fewshot\external\MedicalExpert-I\0Normal\NormalG0 (223).png,NormalG0 (223).png,2,0,0,True
E:\KNEE_fewshot\external\MedicalExpert-I\1Doubtful\DoubtfulG1 (437).png,DoubtfulG1 (437).png,1,1,1,True
E:\KNEE_fewshot\external\MedicalExpert-I\2Mild\MildG2 (191).png,MildG2 (191).png,1,2,2,True
E:\KNEE_fewshot\external\MedicalExpert-I\4Severe\SevereG4 (116).png,SevereG4 (116).png,1,4,4,True
E:\KNEE_fewshot\external\MedicalExpert-I\0Normal\NormalG0 (190).png,NormalG0 (190).png,1,0,0,True
E:\KNEE_fewshot\external\MedicalExpert-I\1Doubtful\DoubtfulG1 (474).png,DoubtfulG1 (474).png,1,1,1,True
E:\KNEE_fewshot\external\MedicalExpert-I\0Normal\NormalG0 (52).png,NormalG0 (52).png,1,0,0,True
E:\KNEE_fewshot\external\MedicalExpert-I\0Normal\NormalG0 (276).png,NormalG0 (276).png,1,0,0,True
E:\KNEE_fewshot\external\MedicalExpert-I\1Doubtful\DoubtfulG1 (324).png,DoubtfulG1 (324).png,1,1,1,True
E:\KNEE_fewshot\external\MedicalExpert-I\1Doubtful\DoubtfulG1 (233).png,DoubtfulG1 (233).png,1,1,1,True
E:\KNEE_fewshot\external\MedicalExpert-I\1Doubtful\DoubtfulG1 (301).png,DoubtfulG1 (301).png,1,1,1,True
E:\KNEE_fewshot\external\MedicalExpert-I\0Normal\NormalG0 (405).png,NormalG0 (405).png,1,0,0,True
E:\KNEE_fewshot\external\MedicalExpert-I\2Mild\MildG2 (106).png,MildG2 (106).png,2,2,2,True
E:\KNEE_fewshot\external\MedicalExpert-I\2Mild\MildG2 (96).png,MildG2 (96).png,1,2,2,True
E:\KNEE_fewshot\external\MedicalExpert-I\3Moderate\ModerateG3 (79).png,ModerateG3 (79).png,1,3,3,True
E:\KNEE_fewshot\external\MedicalExpert-I\4Severe\SevereG4 (96).png,SevereG4 (96).png,1,4,4,True
E:\KNEE_fewshot\external\MedicalExpert-I\4Severe\SevereG4 (198).png,SevereG4 (198).png,1,4,4,True
E:\KNEE_fewshot\external\MedicalExpert-I\1Doubtful\DoubtfulG1 (239).png,DoubtfulG1 (239).png,1,1,1,True
E:\KNEE_fewshot\external\MedicalExpert-I\0Normal\NormalG0 (349).png,NormalG0 (349).png,1,0,0,True
E:\KNEE_fewshot\external\MedicalExpert-I\4Severe\SevereG4 (185).png,SevereG4 (185).png,1,4,4,True
E:\KNEE_fewshot\external\MedicalExpert-I\3Moderate\ModerateG3 (194).png,ModerateG3 (194).png,1,3,3,True
E:\KNEE_fewshot\external\MedicalExpert-I\1Doubtful\DoubtfulG1 (97).png,DoubtfulG1 (97).png,1,1,1,True
E:\KNEE_fewshot\external\MedicalExpert-I\0Normal\NormalG0 (132).png,NormalG0 (132).png,1,0,0,True
E:\KNEE_fewshot\external\MedicalExpert-I\1Doubtful\DoubtfulG1 (263).png,DoubtfulG1 (263).png,1,1,1,True
E:\KNEE_fewshot\external\MedicalExpert-I\2Mild\MildG2 (133).png,MildG2 (133).png,1,2,2,True
E:\KNEE_fewshot\external\MedicalExpert-I\0Normal\NormalG0 (254).png,NormalG0 (254).png,1,0,0,True
E:\KNEE_fewshot\external\MedicalExpert-I\1Doubtful\DoubtfulG1 (428).png,DoubtfulG1 (428).png,1,1,1,True
E:\KNEE_fewshot\external\MedicalExpert-I\4Severe\SevereG4 (133).png,SevereG4 (133).png,1,4,4,True
E:\KNEE_fewshot\external\MedicalExpert-I\1Doubtful\DoubtfulG1 (11).png,DoubtfulG1 (11).png,1,1,1,True
E:\KNEE_fewshot\external\MedicalExpert-I\2Mild\MildG2 (155).png,MildG2 (155).png,1,2,2,True
E:\KNEE_fewshot\external\MedicalExpert-I\1Doubtful\DoubtfulG1 (198).png,DoubtfulG1 (198).png,1,1,1,True
E:\KNEE_fewshot\external\MedicalExpert-I\0Normal\NormalG0 (418).png,NormalG0 (418).png,1,0,0,True
E:\KNEE_fewshot\external\MedicalExpert-I\3Moderate\ModerateG3 (74).png,ModerateG3 (74).png,1,3,3,True
E:\KNEE_fewshot\external\MedicalExpert-I\4Severe\SevereG4 (176).png,SevereG4 (176).png,1,4,4,True
E:\KNEE_fewshot\external\MedicalExpert-I\1Doubtful\DoubtfulG1 (316).png,DoubtfulG1 (316).png,1,1,1,True
E:\KNEE_fewshot\external\MedicalExpert-I\2Mild\MildG2 (183).png,MildG2 (183).png,1,2,2,True
E:\KNEE_fewshot\external\MedicalExpert-I\3Moderate\ModerateG3 (83).png,ModerateG3 (83).png,1,3,3,True
E:\KNEE_fewshot\external\MedicalExpert-I\2Mild\MildG2 (179).png,MildG2 (179).png,1,2,2,True
E:\KNEE_fewshot\external\MedicalExpert-I\0Normal\NormalG0 (63).png,NormalG0 (63).png,1,0,0,True
E:\KNEE_fewshot\external\MedicalExpert-I\3Moderate\ModerateG3 (29).png,ModerateG3 (29).png,1,3,3,True
E:\KNEE_fewshot\external\MedicalExpert-I\0Normal\NormalG0 (124).png,NormalG0 (124).png,1,0,0,True
E:\KNEE_fewshot\external\MedicalExpert-I\0Normal\NormalG0 (89).png,NormalG0 (89).png,1,0,0,True
E:\KNEE_fewshot\external\MedicalExpert-I\1Doubtful\DoubtfulG1 (90).png,DoubtfulG1 (90).png,1,1,1,True
E:\KNEE_fewshot\external\MedicalExpert-I\0Normal\NormalG0 (419).png,NormalG0 (419).png,1,0,0,True
E:\KNEE_fewshot\external\MedicalExpert-I\3Moderate\ModerateG3 (57).png,ModerateG3 (57).png,1,3,3,True
E:\KNEE_fewshot\external\MedicalExpert-I\2Mild\MildG2 (192).png,MildG2 (192).png,2,2,2,True
E:\KNEE_fewshot\external\MedicalExpert-I\0Normal\NormalG0 (57).png,NormalG0 (57).png,1,0,0,True
E:\KNEE_fewshot\external\MedicalExpert-I\1Doubtful\DoubtfulG1 (365).png,DoubtfulG1 (365).png,1,1,1,True
E:\KNEE_fewshot\external\MedicalExpert-I\1Doubtful\DoubtfulG1 (228).png,DoubtfulG1 (228).png,1,1,1,True
E:\KNEE_fewshot\external\MedicalExpert-I\2Mild\MildG2 (34).png,MildG2 (34).png,1,2,2,True
E:\KNEE_fewshot\external\MedicalExpert-I\0Normal\NormalG0 (144).png,NormalG0 (144).png,1,0,0,True
E:\KNEE_fewshot\external\MedicalExpert-I\1Doubtful\DoubtfulG1 (60).png,DoubtfulG1 (60).png,1,1,1,True
E:\KNEE_fewshot\external\MedicalExpert-I\0Normal\NormalG0 (116).png,NormalG0 (116).png,1,0,0,True
E:\KNEE_fewshot\external\MedicalExpert-I\1Doubtful\DoubtfulG1 (296).png,DoubtfulG1 (296).png,1,1,1,True
E:\KNEE_fewshot\external\MedicalExpert-I\0Normal\NormalG0 (20).png,NormalG0 (20).png,1,0,0,True
E:\KNEE_fewshot\external\MedicalExpert-I\3Moderate\ModerateG3 (70).png,ModerateG3 (70).png,1,3,3,True
E:\KNEE_fewshot\external\MedicalExpert-I\1Doubtful\DoubtfulG1 (87).png,DoubtfulG1 (87).png,1,1,1,True
E:\KNEE_fewshot\external\MedicalExpert-I\0Normal\NormalG0 (31).png,NormalG0 (31).png,1,0,0,True
E:\KNEE_fewshot\external\MedicalExpert-I\4Severe\SevereG4 (199).png,SevereG4 (199).png,1,4,4,True
E:\KNEE_fewshot\external\MedicalExpert-I\1Doubtful\DoubtfulG1 (164).png,DoubtfulG1 (164).png,1,1,1,True
E:\KNEE_fewshot\external\MedicalExpert-I\1Doubtful\DoubtfulG1 (159).png,DoubtfulG1 (159).png,1,1,1,True
E:\KNEE_fewshot\external\MedicalExpert-I\3Moderate\ModerateG3 (182).png,ModerateG3 (182).png,1,3,3,True
E:\KNEE_fewshot\external\MedicalExpert-I\0Normal\NormalG0 (91).png,NormalG0 (91).png,1,0,0,True
E:\KNEE_fewshot\external\MedicalExpert-I\2Mild\MildG2 (1).png,MildG2 (1).png,1,2,2,True
E:\KNEE_fewshot\external\MedicalExpert-I\4Severe\SevereG4 (46).png,SevereG4 (46).png,1,4,4,True
E:\KNEE_fewshot\external\MedicalExpert-I\0Normal\NormalG0 (329).png,NormalG0 (329).png,1,0,0,True
E:\KNEE_fewshot\external\MedicalExpert-I\4Severe\SevereG4 (161).png,SevereG4 (161).png,1,4,4,True
E:\KNEE_fewshot\external\MedicalExpert-I\2Mild\MildG2 (107).png,MildG2 (107).png,1,2,2,True
E:\KNEE_fewshot\external\MedicalExpert-I\1Doubtful\DoubtfulG1 (307).png,DoubtfulG1 (307).png,1,1,1,True
E:\KNEE_fewshot\external\MedicalExpert-I\2Mild\MildG2 (139).png,MildG2 (139).png,1,2,2,True
E:\KNEE_fewshot\external\MedicalExpert-I\2Mild\MildG2 (120).png,MildG2 (120).png,1,2,2,True
E:\KNEE_fewshot\external\MedicalExpert-I\1Doubtful\DoubtfulG1 (49).png,DoubtfulG1 (49).png,1,1,1,True
E:\KNEE_fewshot\external\MedicalExpert-I\0Normal\NormalG0 (512).png,NormalG0 (512).png,1,0,0,True
E:\KNEE_fewshot\external\MedicalExpert-I\3Moderate\ModerateG3 (77).png,ModerateG3 (77).png,2,3,3,True
E:\KNEE_fewshot\external\MedicalExpert-I\0Normal\NormalG0 (378).png,NormalG0 (378).png,1,0,0,True
E:\KNEE_fewshot\external\MedicalExpert-I\0Normal\NormalG0 (313).png,NormalG0 (313).png,1,0,0,True
E:\KNEE_fewshot\external\MedicalExpert-I\1Doubtful\DoubtfulG1 (319).png,DoubtfulG1 (319).png,1,1,1,True
E:\KNEE_fewshot\external\MedicalExpert-I\4Severe\SevereG4 (112).png,SevereG4 (112).png,1,4,4,True
E:\KNEE_fewshot\external\MedicalExpert-I\0Normal\NormalG0 (511).png,NormalG0 (511).png,1,0,0,True
E:\KNEE_fewshot\external\MedicalExpert-I\2Mild\MildG2 (18).png,MildG2 (18).png,1,2,2,True
E:\KNEE_fewshot\external\MedicalExpert-I\1Doubtful\DoubtfulG1 (436).png,DoubtfulG1 (436).png,1,1,1,True
E:\KNEE_fewshot\external\MedicalExpert-I\2Mild\MildG2 (113).png,MildG2 (113).png,1,2,2,True
E:\KNEE_fewshot\external\MedicalExpert-I\4Severe\SevereG4 (143).png,SevereG4 (143).png,1,4,4,True
E:\KNEE_fewshot\external\MedicalExpert-I\0Normal\NormalG0 (438).png,NormalG0 (438).png,1,0,0,True
E:\KNEE_fewshot\external\MedicalExpert-I\1Doubtful\DoubtfulG1 (291).png,DoubtfulG1 (291).png,1,1,1,True
E:\KNEE_fewshot\external\MedicalExpert-I\1Doubtful\DoubtfulG1 (258).png,DoubtfulG1 (258).png,1,1,1,True
E:\KNEE_fewshot\external\MedicalExpert-I\0Normal\NormalG0 (319).png,NormalG0 (319).png,1,0,0,True
E:\KNEE_fewshot\external\MedicalExpert-I\1Doubtful\DoubtfulG1 (166).png,DoubtfulG1 (166).png,1,1,1,True
E:\KNEE_fewshot\external\MedicalExpert-I\4Severe\SevereG4 (48).png,SevereG4 (48).png,1,4,4,True
E:\KNEE_fewshot\external\MedicalExpert-I\0Normal\NormalG0 (30).png,NormalG0 (30).png,1,0,0,True
E:\KNEE_fewshot\external\MedicalExpert-I\0Normal\NormalG0 (412).png,NormalG0 (412).png,1,0,0,True
E:\KNEE_fewshot\external\MedicalExpert-I\1Doubtful\DoubtfulG1 (282).png,DoubtfulG1 (282).png,1,1,1,True
E:\KNEE_fewshot\external\MedicalExpert-I\2Mild\MildG2 (142).png,MildG2 (142).png,1,2,2,True
E:\KNEE_fewshot\external\MedicalExpert-I\1Doubtful\DoubtfulG1 (227).png,DoubtfulG1 (227).png,1,1,1,True
E:\KNEE_fewshot\external\MedicalExpert-I\4Severe\SevereG4 (128).png,SevereG4 (128).png,1,4,4,True
E:\KNEE_fewshot\external\MedicalExpert-I\4Severe\SevereG4 (103).png,SevereG4 (103).png,1,4,4,True
E:\KNEE_fewshot\external\MedicalExpert-I\1Doubtful\DoubtfulG1 (242).png,DoubtfulG1 (242).png,1,1,1,True
E:\KNEE_fewshot\external\MedicalExpert-I\0Normal\NormalG0 (342).png,NormalG0 (342).png,1,0,0,True
E:\KNEE_fewshot\external\MedicalExpert-I\3Moderate\ModerateG3 (155).png,ModerateG3 (155).png,1,3,3,True
E:\KNEE_fewshot\external\MedicalExpert-I\3Moderate\ModerateG3 (64).png,ModerateG3 (64).png,1,3,3,True
E:\KNEE_fewshot\external\MedicalExpert-I\0Normal\NormalG0 (320).png,NormalG0 (320).png,1,0,0,True
E:\KNEE_fewshot\external\MedicalExpert-I\4Severe\SevereG4 (68).png,SevereG4 (68).png,1,4,4,True
E:\KNEE_fewshot\external\MedicalExpert-I\0Normal\NormalG0 (308).png,NormalG0 (308).png,1,0,0,True
E:\KNEE_fewshot\external\MedicalExpert-I\2Mild\MildG2 (115).png,MildG2 (115).png,1,2,2,True
E:\KNEE_fewshot\external\MedicalExpert-I\0Normal\NormalG0 (40).png,NormalG0 (40).png,1,0,0,True
E:\KNEE_fewshot\external\MedicalExpert-I\0Normal\NormalG0 (481).png,NormalG0 (481).png,1,0,0,True
E:\KNEE_fewshot\external\MedicalExpert-I\1Doubtful\DoubtfulG1 (392).png,DoubtfulG1 (392).png,1,1,1,True
E:\KNEE_fewshot\external\MedicalExpert-I\0Normal\NormalG0 (162).png,NormalG0 (162).png,1,0,0,True
E:\KNEE_fewshot\external\MedicalExpert-I\1Doubtful\DoubtfulG1 (58).png,DoubtfulG1 (58).png,1,1,1,True
E:\KNEE_fewshot\external\MedicalExpert-I\3Moderate\ModerateG3 (81).png,ModerateG3 (81).png,1,3,3,True
E:\KNEE_fewshot\external\MedicalExpert-I\2Mild\MildG2 (136).png,MildG2 (136).png,1,2,2,True
E:\KNEE_fewshot\external\MedicalExpert-I\2Mild\MildG2 (90).png,MildG2 (90).png,1,2,2,True
E:\KNEE_fewshot\external\MedicalExpert-I\0Normal\NormalG0 (29).png,NormalG0 (29).png,1,0,0,True
E:\KNEE_fewshot\external\MedicalExpert-I\4Severe\SevereG4 (51).png,SevereG4 (51).png,1,4,4,True
E:\KNEE_fewshot\external\MedicalExpert-I\1Doubtful\DoubtfulG1 (69).png,DoubtfulG1 (69).png,1,1,1,True
E:\KNEE_fewshot\external\MedicalExpert-I\3Moderate\ModerateG3 (216).png,ModerateG3 (216).png,1,3,3,True
E:\KNEE_fewshot\external\MedicalExpert-I\0Normal\NormalG0 (45).png,NormalG0 (45).png,1,0,0,True
E:\KNEE_fewshot\external\MedicalExpert-I\0Normal\NormalG0 (513).png,NormalG0 (513).png,1,0,0,True
E:\KNEE_fewshot\external\MedicalExpert-I\1Doubtful\DoubtfulG1 (122).png,DoubtfulG1 (122).png,1,1,1,True
E:\KNEE_fewshot\external\MedicalExpert-I\2Mild\MildG2 (217).png,MildG2 (217).png,1,2,2,True
E:\KNEE_fewshot\external\MedicalExpert-I\1Doubtful\DoubtfulG1 (85).png,DoubtfulG1 (85).png,1,1,1,True
E:\KNEE_fewshot\external\MedicalExpert-I\3Moderate\ModerateG3 (141).png,ModerateG3 (141).png,1,3,3,True
E:\KNEE_fewshot\external\MedicalExpert-I\1Doubtful\DoubtfulG1 (393).png,DoubtfulG1 (393).png,1,1,1,True
E:\KNEE_fewshot\external\MedicalExpert-I\0Normal\NormalG0 (321).png,NormalG0 (321).png,1,0,0,True
E:\KNEE_fewshot\external\MedicalExpert-I\1Doubtful\DoubtfulG1 (95).png,DoubtfulG1 (95).png,1,1,1,True
E:\KNEE_fewshot\external\MedicalExpert-I\0Normal\NormalG0 (18).png,NormalG0 (18).png,1,0,0,True
E:\KNEE_fewshot\external\MedicalExpert-I\1Doubtful\DoubtfulG1 (390).png,DoubtfulG1 (390).png,1,1,1,True
E:\KNEE_fewshot\external\MedicalExpert-I\1Doubtful\DoubtfulG1 (131).png,DoubtfulG1 (131).png,1,1,1,True
E:\KNEE_fewshot\external\MedicalExpert-I\3Moderate\ModerateG3 (191).png,ModerateG3 (191).png,1,3,3,True
E:\KNEE_fewshot\external\MedicalExpert-I\0Normal\NormalG0 (314).png,NormalG0 (314).png,2,0,0,True
E:\KNEE_fewshot\external\MedicalExpert-I\1Doubtful\DoubtfulG1 (334).png,DoubtfulG1 (334).png,1,1,1,True
E:\KNEE_fewshot\external\MedicalExpert-I\1Doubtful\DoubtfulG1 (317).png,DoubtfulG1 (317).png,1,1,1,True
E:\KNEE_fewshot\external\MedicalExpert-I\4Severe\SevereG4 (34).png,SevereG4 (34).png,1,4,4,True
E:\KNEE_fewshot\external\MedicalExpert-I\0Normal\NormalG0 (441).png,NormalG0 (441).png,1,0,0,True
E:\KNEE_fewshot\external\MedicalExpert-I\0Normal\NormalG0 (87).png,NormalG0 (87).png,1,0,0,True
E:\KNEE_fewshot\external\MedicalExpert-I\1Doubtful\DoubtfulG1 (93).png,DoubtfulG1 (93).png,1,1,1,True
E:\KNEE_fewshot\external\MedicalExpert-I\1Doubtful\DoubtfulG1 (302).png,DoubtfulG1 (302).png,1,1,1,True
E:\KNEE_fewshot\external\MedicalExpert-I\3Moderate\ModerateG3 (133).png,ModerateG3 (133).png,1,3,3,True
E:\KNEE_fewshot\external\MedicalExpert-I\2Mild\MildG2 (8).png,MildG2 (8).png,1,2,2,True
E:\KNEE_fewshot\external\MedicalExpert-I\0Normal\NormalG0 (153).png,NormalG0 (153).png,1,0,0,True
E:\KNEE_fewshot\external\MedicalExpert-I\2Mild\MildG2 (201).png,MildG2 (201).png,1,2,2,True
E:\KNEE_fewshot\external\MedicalExpert-I\0Normal\NormalG0 (172).png,NormalG0 (172).png,1,0,0,True
E:\KNEE_fewshot\external\MedicalExpert-I\0Normal\NormalG0 (192).png,NormalG0 (192).png,1,0,0,True
E:\KNEE_fewshot\external\MedicalExpert-I\3Moderate\ModerateG3 (117).png,ModerateG3 (117).png,1,3,3,True
E:\KNEE_fewshot\external\MedicalExpert-I\4Severe\SevereG4 (13).png,SevereG4 (13).png,1,4,4,True
E:\KNEE_fewshot\external\MedicalExpert-I\3Moderate\ModerateG3 (115).png,ModerateG3 (115).png,1,3,3,True
E:\KNEE_fewshot\external\MedicalExpert-I\0Normal\NormalG0 (306).png,NormalG0 (306).png,1,0,0,True
E:\KNEE_fewshot\external\MedicalExpert-I\1Doubtful\DoubtfulG1 (167).png,DoubtfulG1 (167).png,1,1,1,True
E:\KNEE_fewshot\external\MedicalExpert-I\1Doubtful\DoubtfulG1 (475).png,DoubtfulG1 (475).png,1,1,1,True
E:\KNEE_fewshot\external\MedicalExpert-I\3Moderate\ModerateG3 (1).png,ModerateG3 (1).png,1,3,3,True
E:\KNEE_fewshot\external\MedicalExpert-I\1Doubtful\DoubtfulG1 (418).png,DoubtfulG1 (418).png,1,1,1,True
E:\KNEE_fewshot\external\MedicalExpert-I\2Mild\MildG2 (187).png,MildG2 (187).png,1,2,2,True
E:\KNEE_fewshot\external\MedicalExpert-I\3Moderate\ModerateG3 (134).png,ModerateG3 (134).png,1,3,3,True
E:\KNEE_fewshot\external\MedicalExpert-I\0Normal\NormalG0 (150).png,NormalG0 (150).png,1,0,0,True
E:\KNEE_fewshot\external\MedicalExpert-I\1Doubtful\DoubtfulG1 (189).png,DoubtfulG1 (189).png,1,1,1,True
E:\KNEE_fewshot\external\MedicalExpert-I\1Doubtful\DoubtfulG1 (126).png,DoubtfulG1 (126).png,1,1,1,True
E:\KNEE_fewshot\external\MedicalExpert-I\1Doubtful\DoubtfulG1 (162).png,DoubtfulG1 (162).png,1,1,1,True
E:\KNEE_fewshot\external\MedicalExpert-I\0Normal\NormalG0 (93).png,NormalG0 (93).png,1,0,0,True
E:\KNEE_fewshot\external\MedicalExpert-I\4Severe\SevereG4 (4).png,SevereG4 (4).png,1,4,4,True
E:\KNEE_fewshot\external\MedicalExpert-I\1Doubtful\DoubtfulG1 (30).png,DoubtfulG1 (30).png,1,1,1,True
E:\KNEE_fewshot\external\MedicalExpert-I\1Doubtful\DoubtfulG1 (70).png,DoubtfulG1 (70).png,1,1,1,True
E:\KNEE_fewshot\external\MedicalExpert-I\3Moderate\ModerateG3 (21).png,ModerateG3 (21).png,1,3,3,True
E:\KNEE_fewshot\external\MedicalExpert-I\0Normal\NormalG0 (500).png,NormalG0 (500).png,1,0,0,True
E:\KNEE_fewshot\external\MedicalExpert-I\2Mild\MildG2 (182).png,MildG2 (182).png,1,2,2,True
E:\KNEE_fewshot\external\MedicalExpert-I\0Normal\NormalG0 (201).png,NormalG0 (201).png,1,0,0,True
E:\KNEE_fewshot\external\MedicalExpert-I\3Moderate\ModerateG3 (34).png,ModerateG3 (34).png,1,3,3,True
E:\KNEE_fewshot\external\MedicalExpert-I\3Moderate\ModerateG3 (123).png,ModerateG3 (123).png,1,3,3,True
E:\KNEE_fewshot\external\MedicalExpert-I\0Normal\NormalG0 (42).png,NormalG0 (42).png,1,0,0,True
E:\KNEE_fewshot\external\MedicalExpert-I\0Normal\NormalG0 (343).png,NormalG0 (343).png,1,0,0,True
E:\KNEE_fewshot\external\MedicalExpert-I\3Moderate\ModerateG3 (195).png,ModerateG3 (195).png,1,3,3,True
E:\KNEE_fewshot\external\MedicalExpert-I\0Normal\NormalG0 (499).png,NormalG0 (499).png,1,0,0,True
E:\KNEE_fewshot\external\MedicalExpert-I\4Severe\SevereG4 (28).png,SevereG4 (28).png,1,4,4,True
E:\KNEE_fewshot\external\MedicalExpert-I\1Doubtful\DoubtfulG1 (270).png,DoubtfulG1 (270).png,1,1,1,True
E:\KNEE_fewshot\external\MedicalExpert-I\1Doubtful\DoubtfulG1 (10).png,DoubtfulG1 (10).png,1,1,1,True
E:\KNEE_fewshot\external\MedicalExpert-I\1Doubtful\DoubtfulG1 (38).png,DoubtfulG1 (38).png,1,1,1,True
E:\KNEE_fewshot\external\MedicalExpert-I\4Severe\SevereG4 (12).png,SevereG4 (12).png,1,4,4,True
E:\KNEE_fewshot\external\MedicalExpert-I\3Moderate\ModerateG3 (154).png,ModerateG3 (154).png,1,3,3,True
E:\KNEE_fewshot\external\MedicalExpert-I\1Doubtful\DoubtfulG1 (202).png,DoubtfulG1 (202).png,1,1,1,True
E:\KNEE_fewshot\external\MedicalExpert-I\0Normal\NormalG0 (277).png,NormalG0 (277).png,1,0,0,True
E:\KNEE_fewshot\external\MedicalExpert-I\3Moderate\ModerateG3 (101).png,ModerateG3 (101).png,1,3,3,True
E:\KNEE_fewshot\external\MedicalExpert-I\2Mild\MildG2 (78).png,MildG2 (78).png,1,2,2,True
E:\KNEE_fewshot\external\MedicalExpert-I\1Doubtful\DoubtfulG1 (467).png,DoubtfulG1 (467).png,1,1,1,True
E:\KNEE_fewshot\external\MedicalExpert-I\0Normal\NormalG0 (409).png,NormalG0 (409).png,1,0,0,True
E:\KNEE_fewshot\external\MedicalExpert-I\2Mild\MildG2 (26).png,MildG2 (26).png,1,2,2,True
E:\KNEE_fewshot\external\MedicalExpert-I\1Doubtful\DoubtfulG1 (456).png,DoubtfulG1 (456).png,1,1,1,True
E:\KNEE_fewshot\external\MedicalExpert-I\3Moderate\ModerateG3 (214).png,ModerateG3 (214).png,1,3,3,True
E:\KNEE_fewshot\external\MedicalExpert-I\1Doubtful\DoubtfulG1 (451).png,DoubtfulG1 (451).png,1,1,1,True
E:\KNEE_fewshot\external\MedicalExpert-I\4Severe\SevereG4 (67).png,SevereG4 (67).png,1,4,4,True
E:\KNEE_fewshot\external\MedicalExpert-I\0Normal\NormalG0 (140).png,NormalG0 (140).png,1,0,0,True
E:\KNEE_fewshot\external\MedicalExpert-I\3Moderate\ModerateG3 (96).png,ModerateG3 (96).png,1,3,3,True
E:\KNEE_fewshot\external\MedicalExpert-I\2Mild\MildG2 (41).png,MildG2 (41).png,1,2,2,True
E:\KNEE_fewshot\external\MedicalExpert-I\1Doubtful\DoubtfulG1 (135).png,DoubtfulG1 (135).png,1,1,1,True
E:\KNEE_fewshot\external\MedicalExpert-I\0Normal\NormalG0 (112).png,NormalG0 (112).png,1,0,0,True
E:\KNEE_fewshot\external\MedicalExpert-I\4Severe\SevereG4 (17).png,SevereG4 (17).png,1,4,4,True
E:\KNEE_fewshot\external\MedicalExpert-I\4Severe\SevereG4 (179).png,SevereG4 (179).png,1,4,4,True
E:\KNEE_fewshot\external\MedicalExpert-I\1Doubtful\DoubtfulG1 (238).png,DoubtfulG1 (238).png,1,1,1,True
E:\KNEE_fewshot\external\MedicalExpert-I\2Mild\MildG2 (166).png,MildG2 (166).png,1,2,2,True
E:\KNEE_fewshot\external\MedicalExpert-I\1Doubtful\DoubtfulG1 (373).png,DoubtfulG1 (373).png,1,1,1,True
E:\KNEE_fewshot\external\MedicalExpert-I\0Normal\NormalG0 (157).png,NormalG0 (157).png,1,0,0,True
E:\KNEE_fewshot\external\MedicalExpert-I\0Normal\NormalG0 (495).png,NormalG0 (495).png,1,0,0,True
E:\KNEE_fewshot\external\MedicalExpert-I\3Moderate\ModerateG3 (49).png,ModerateG3 (49).png,1,3,3,True
E:\KNEE_fewshot\external\MedicalExpert-I\2Mild\MildG2 (194).png,MildG2 (194).png,1,2,2,True
E:\KNEE_fewshot\external\MedicalExpert-I\1Doubtful\DoubtfulG1 (210).png,DoubtfulG1 (210).png,1,1,1,True
E:\KNEE_fewshot\external\MedicalExpert-I\0Normal\NormalG0 (311).png,NormalG0 (311).png,2,0,0,True
E:\KNEE_fewshot\external\MedicalExpert-I\3Moderate\ModerateG3 (97).png,ModerateG3 (97).png,1,3,3,True
E:\KNEE_fewshot\external\MedicalExpert-I\4Severe\SevereG4 (94).png,SevereG4 (94).png,1,4,4,True
E:\KNEE_fewshot\external\MedicalExpert-I\0Normal\NormalG0 (482).png,NormalG0 (482).png,1,0,1,False
E:\KNEE_fewshot\external\MedicalExpert-I\1Doubtful\DoubtfulG1 (212).png,DoubtfulG1 (212).png,1,1,1,True
E:\KNEE_fewshot\external\MedicalExpert-I\4Severe\SevereG4 (37).png,SevereG4 (37).png,1,4,4,True
E:\KNEE_fewshot\external\MedicalExpert-I\0Normal\NormalG0 (323).png,NormalG0 (323).png,1,0,0,True
E:\KNEE_fewshot\external\MedicalExpert-I\4Severe\SevereG4 (163).png,SevereG4 (163).png,1,4,4,True
E:\KNEE_fewshot\external\MedicalExpert-I\4Severe\SevereG4 (149).png,SevereG4 (149).png,1,4,4,True
E:\KNEE_fewshot\external\MedicalExpert-I\0Normal\NormalG0 (295).png,NormalG0 (295).png,1,0,0,True
E:\KNEE_fewshot\external\MedicalExpert-I\0Normal\NormalG0 (50).png,NormalG0 (50).png,1,0,0,True
E:\KNEE_fewshot\external\MedicalExpert-I\3Moderate\ModerateG3 (109).png,ModerateG3 (109).png,1,3,3,True
E:\KNEE_fewshot\external\MedicalExpert-I\1Doubtful\DoubtfulG1 (156).png,DoubtfulG1 (156).png,1,1,1,True
E:\KNEE_fewshot\external\MedicalExpert-I\3Moderate\ModerateG3 (139).png,ModerateG3 (139).png,1,3,3,True
E:\KNEE_fewshot\external\MedicalExpert-I\1Doubtful\DoubtfulG1 (225).png,DoubtfulG1 (225).png,1,1,1,True
E:\KNEE_fewshot\external\MedicalExpert-I\0Normal\NormalG0 (53).png,NormalG0 (53).png,1,0,0,True
E:\KNEE_fewshot\external\MedicalExpert-I\0Normal\NormalG0 (184).png,NormalG0 (184).png,1,0,0,True
E:\KNEE_fewshot\external\MedicalExpert-I\0Normal\NormalG0 (119).png,NormalG0 (119).png,1,0,0,True
E:\KNEE_fewshot\external\MedicalExpert-I\1Doubtful\DoubtfulG1 (408).png,DoubtfulG1 (408).png,1,1,1,True
E:\KNEE_fewshot\external\MedicalExpert-I\0Normal\NormalG0 (335).png,NormalG0 (335).png,1,0,0,True
E:\KNEE_fewshot\external\MedicalExpert-I\1Doubtful\DoubtfulG1 (308).png,DoubtfulG1 (308).png,1,1,1,True
E:\KNEE_fewshot\external\MedicalExpert-I\0Normal\NormalG0 (176).png,NormalG0 (176).png,1,0,0,True
E:\KNEE_fewshot\external\MedicalExpert-I\3Moderate\ModerateG3 (58).png,ModerateG3 (58).png,1,3,3,True
E:\KNEE_fewshot\external\MedicalExpert-I\1Doubtful\DoubtfulG1 (120).png,DoubtfulG1 (120).png,1,1,1,True
E:\KNEE_fewshot\external\MedicalExpert-I\0Normal\NormalG0 (90).png,NormalG0 (90).png,1,0,0,True
E:\KNEE_fewshot\external\MedicalExpert-I\2Mild\MildG2 (159).png,MildG2 (159).png,1,2,2,True
E:\KNEE_fewshot\external\MedicalExpert-I\0Normal\NormalG0 (2).png,NormalG0 (2).png,1,0,0,True
E:\KNEE_fewshot\external\MedicalExpert-I\1Doubtful\DoubtfulG1 (358).png,DoubtfulG1 (358).png,1,1,1,True
E:\KNEE_fewshot\external\MedicalExpert-I\2Mild\MildG2 (39).png,MildG2 (39).png,1,2,2,True
E:\KNEE_fewshot\external\MedicalExpert-I\2Mild\MildG2 (186).png,MildG2 (186).png,1,2,2,True
E:\KNEE_fewshot\external\MedicalExpert-I\3Moderate\ModerateG3 (108).png,ModerateG3 (108).png,1,3,3,True
E:\KNEE_fewshot\external\MedicalExpert-I\4Severe\SevereG4 (190).png,SevereG4 (190).png,1,4,4,True
E:\KNEE_fewshot\external\MedicalExpert-I\0Normal\NormalG0 (252).png,NormalG0 (252).png,1,0,0,True
E:\KNEE_fewshot\external\MedicalExpert-I\1Doubtful\DoubtfulG1 (394).png,DoubtfulG1 (394).png,1,1,1,True
E:\KNEE_fewshot\external\MedicalExpert-I\1Doubtful\DoubtfulG1 (379).png,DoubtfulG1 (379).png,1,1,1,True
E:\KNEE_fewshot\external\MedicalExpert-I\0Normal\NormalG0 (407).png,NormalG0 (407).png,1,0,0,True
E:\KNEE_fewshot\external\MedicalExpert-I\2Mild\MildG2 (82).png,MildG2 (82).png,1,2,2,True
E:\KNEE_fewshot\external\MedicalExpert-I\1Doubtful\DoubtfulG1 (118).png,DoubtfulG1 (118).png,1,1,1,True
E:\KNEE_fewshot\external\MedicalExpert-I\3Moderate\ModerateG3 (25).png,ModerateG3 (25).png,1,3,3,True
E:\KNEE_fewshot\external\MedicalExpert-I\1Doubtful\DoubtfulG1 (260).png,DoubtfulG1 (260).png,1,1,1,True
E:\KNEE_fewshot\external\MedicalExpert-I\1Doubtful\DoubtfulG1 (176).png,DoubtfulG1 (176).png,1,1,1,True
E:\KNEE_fewshot\external\MedicalExpert-I\0Normal\NormalG0 (71).png,NormalG0 (71).png,1,0,0,True
E:\KNEE_fewshot\external\MedicalExpert-I\0Normal\NormalG0 (485).png,NormalG0 (485).png,1,0,0,True
E:\KNEE_fewshot\external\MedicalExpert-I\3Moderate\ModerateG3 (43).png,ModerateG3 (43).png,1,3,3,True
E:\KNEE_fewshot\external\MedicalExpert-I\0Normal\NormalG0 (501).png,NormalG0 (501).png,1,0,0,True
E:\KNEE_fewshot\external\MedicalExpert-I\4Severe\SevereG4 (158).png,SevereG4 (158).png,1,4,4,True
E:\KNEE_fewshot\external\MedicalExpert-I\2Mild\MildG2 (31).png,MildG2 (31).png,1,2,2,True
E:\KNEE_fewshot\external\MedicalExpert-I\2Mild\MildG2 (80).png,MildG2 (80).png,1,2,2,True
E:\KNEE_fewshot\external\MedicalExpert-I\2Mild\MildG2 (56).png,MildG2 (56).png,1,2,2,True
E:\KNEE_fewshot\external\MedicalExpert-I\0Normal\NormalG0 (296).png,NormalG0 (296).png,1,0,0,True
E:\KNEE_fewshot\external\MedicalExpert-I\0Normal\NormalG0 (344).png,NormalG0 (344).png,1,0,0,True
E:\KNEE_fewshot\external\MedicalExpert-I\4Severe\SevereG4 (9).png,SevereG4 (9).png,1,4,4,True
E:\KNEE_fewshot\external\MedicalExpert-I\4Severe\SevereG4 (118).png,SevereG4 (118).png,1,4,4,True
E:\KNEE_fewshot\external\MedicalExpert-I\0Normal\NormalG0 (244).png,NormalG0 (244).png,1,0,0,True
E:\KNEE_fewshot\external\MedicalExpert-I\1Doubtful\DoubtfulG1 (375).png,DoubtfulG1 (375).png,1,1,1,True
E:\KNEE_fewshot\external\MedicalExpert-I\3Moderate\ModerateG3 (35).png,ModerateG3 (35).png,1,3,3,True
E:\KNEE_fewshot\external\MedicalExpert-I\1Doubtful\DoubtfulG1 (449).png,DoubtfulG1 (449).png,1,1,1,True
E:\KNEE_fewshot\external\MedicalExpert-I\0Normal\NormalG0 (99).png,NormalG0 (99).png,1,0,0,True
E:\KNEE_fewshot\external\MedicalExpert-I\1Doubtful\DoubtfulG1 (419).png,DoubtfulG1 (419).png,1,1,1,True
E:\KNEE_fewshot\external\MedicalExpert-I\0Normal\NormalG0 (169).png,NormalG0 (169).png,1,0,0,True
E:\KNEE_fewshot\external\MedicalExpert-I\1Doubtful\DoubtfulG1 (331).png,DoubtfulG1 (331).png,1,1,1,True
E:\KNEE_fewshot\external\MedicalExpert-I\3Moderate\ModerateG3 (118).png,ModerateG3 (118).png,2,3,3,True
E:\KNEE_fewshot\external\MedicalExpert-I\1Doubtful\DoubtfulG1 (165).png,DoubtfulG1 (165).png,1,1,1,True
E:\KNEE_fewshot\external\MedicalExpert-I\1Doubtful\DoubtfulG1 (67).png,DoubtfulG1 (67).png,1,1,1,True
E:\KNEE_fewshot\external\MedicalExpert-I\2Mild\MildG2 (7).png,MildG2 (7).png,1,2,2,True
E:\KNEE_fewshot\external\MedicalExpert-I\2Mild\MildG2 (196).png,MildG2 (196).png,1,2,2,True
E:\KNEE_fewshot\external\MedicalExpert-I\3Moderate\ModerateG3 (153).png,ModerateG3 (153).png,1,3,3,True
E:\KNEE_fewshot\external\MedicalExpert-I\2Mild\MildG2 (130).png,MildG2 (130).png,1,2,2,True
E:\KNEE_fewshot\external\MedicalExpert-I\4Severe\SevereG4 (136).png,SevereG4 (136).png,1,4,4,True
E:\KNEE_fewshot\external\MedicalExpert-I\1Doubtful\DoubtfulG1 (72).png,DoubtfulG1 (72).png,1,1,1,True
E:\KNEE_fewshot\external\MedicalExpert-I\4Severe\SevereG4 (78).png,SevereG4 (78).png,1,4,4,True
E:\KNEE_fewshot\external\MedicalExpert-I\0Normal\NormalG0 (101).png,NormalG0 (101).png,1,0,0,True
E:\KNEE_fewshot\external\MedicalExpert-I\2Mild\MildG2 (108).png,MildG2 (108).png,1,2,2,True
E:\KNEE_fewshot\external\MedicalExpert-I\1Doubtful\DoubtfulG1 (409).png,DoubtfulG1 (409).png,1,1,1,True
E:\KNEE_fewshot\external\MedicalExpert-I\1Doubtful\DoubtfulG1 (337).png,DoubtfulG1 (337).png,1,1,1,True
E:\KNEE_fewshot\external\MedicalExpert-I\1Doubtful\DoubtfulG1 (297).png,DoubtfulG1 (297).png,1,1,1,True
E:\KNEE_fewshot\external\MedicalExpert-I\0Normal\NormalG0 (35).png,NormalG0 (35).png,1,0,0,True
E:\KNEE_fewshot\external\MedicalExpert-I\4Severe\SevereG4 (31).png,SevereG4 (31).png,1,4,4,True
E:\KNEE_fewshot\external\MedicalExpert-I\2Mild\MildG2 (42).png,MildG2 (42).png,1,2,2,True
E:\KNEE_fewshot\external\MedicalExpert-I\1Doubtful\DoubtfulG1 (43).png,DoubtfulG1 (43).png,1,1,1,True
E:\KNEE_fewshot\external\MedicalExpert-I\2Mild\MildG2 (45).png,MildG2 (45).png,1,2,2,True
E:\KNEE_fewshot\external\MedicalExpert-I\0Normal\NormalG0 (506).png,NormalG0 (506).png,1,0,0,True
E:\KNEE_fewshot\external\MedicalExpert-I\3Moderate\ModerateG3 (94).png,ModerateG3 (94).png,1,3,3,True
E:\KNEE_fewshot\external\MedicalExpert-I\2Mild\MildG2 (13).png,MildG2 (13).png,1,2,2,True
E:\KNEE_fewshot\external\MedicalExpert-I\0Normal\NormalG0 (152).png,NormalG0 (152).png,1,0,0,True
E:\KNEE_fewshot\external\MedicalExpert-I\3Moderate\ModerateG3 (4).png,ModerateG3 (4).png,1,3,3,True
E:\KNEE_fewshot\external\MedicalExpert-I\1Doubtful\DoubtfulG1 (6).png,DoubtfulG1 (6).png,1,1,1,True
E:\KNEE_fewshot\external\MedicalExpert-I\1Doubtful\DoubtfulG1 (129).png,DoubtfulG1 (129).png,1,1,1,True
E:\KNEE_fewshot\external\MedicalExpert-I\3Moderate\ModerateG3 (128).png,ModerateG3 (128).png,1,3,3,True
E:\KNEE_fewshot\external\MedicalExpert-I\3Moderate\ModerateG3 (125).png,ModerateG3 (125).png,1,3,3,True
E:\KNEE_fewshot\external\MedicalExpert-I\0Normal\NormalG0 (78).png,NormalG0 (78).png,1,0,0,True
E:\KNEE_fewshot\external\MedicalExpert-I\0Normal\NormalG0 (178).png,NormalG0 (178).png,1,0,0,True
E:\KNEE_fewshot\external\MedicalExpert-I\3Moderate\ModerateG3 (119).png,ModerateG3 (119).png,2,3,3,True
E:\KNEE_fewshot\external\MedicalExpert-I\0Normal\NormalG0 (402).png,NormalG0 (402).png,1,0,0,True
E:\KNEE_fewshot\external\MedicalExpert-I\0Normal\NormalG0 (197).png,NormalG0 (197).png,1,0,0,True
E:\KNEE_fewshot\external\MedicalExpert-I\0Normal\NormalG0 (138).png,NormalG0 (138).png,1,0,0,True
E:\KNEE_fewshot\external\MedicalExpert-I\3Moderate\ModerateG3 (47).png,ModerateG3 (47).png,2,3,3,True
E:\KNEE_fewshot\external\MedicalExpert-I\2Mild\MildG2 (181).png,MildG2 (181).png,1,2,2,True
E:\KNEE_fewshot\external\MedicalExpert-I\0Normal\NormalG0 (369).png,NormalG0 (369).png,1,0,0,True
E:\KNEE_fewshot\external\MedicalExpert-I\0Normal\NormalG0 (41).png,NormalG0 (41).png,1,0,0,True
E:\KNEE_fewshot\external\MedicalExpert-I\1Doubtful\DoubtfulG1 (154).png,DoubtfulG1 (154).png,1,1,1,True
E:\KNEE_fewshot\external\MedicalExpert-I\0Normal\NormalG0 (246).png,NormalG0 (246).png,1,0,0,True
E:\KNEE_fewshot\external\MedicalExpert-I\0Normal\NormalG0 (375).png,NormalG0 (375).png,1,0,0,True
E:\KNEE_fewshot\external\MedicalExpert-I\0Normal\NormalG0 (451).png,NormalG0 (451).png,1,0,0,True
E:\KNEE_fewshot\external\MedicalExpert-I\3Moderate\ModerateG3 (80).png,ModerateG3 (80).png,1,3,3,True
E:\KNEE_fewshot\external\MedicalExpert-I\1Doubtful\DoubtfulG1 (52).png,DoubtfulG1 (52).png,1,1,1,True
E:\KNEE_fewshot\external\MedicalExpert-I\0Normal\NormalG0 (315).png,NormalG0 (315).png,1,0,0,True
E:\KNEE_fewshot\external\MedicalExpert-I\4Severe\SevereG4 (39).png,SevereG4 (39).png,1,4,4,True
E:\KNEE_fewshot\external\MedicalExpert-I\1Doubtful\DoubtfulG1 (298).png,DoubtfulG1 (298).png,1,1,1,True
E:\KNEE_fewshot\external\MedicalExpert-I\2Mild\MildG2 (27).png,MildG2 (27).png,1,2,2,True
E:\KNEE_fewshot\external\MedicalExpert-I\1Doubtful\DoubtfulG1 (413).png,DoubtfulG1 (413).png,1,1,1,True
E:\KNEE_fewshot\external\MedicalExpert-I\0Normal\NormalG0 (214).png,NormalG0 (214).png,1,0,0,True
E:\KNEE_fewshot\external\MedicalExpert-I\4Severe\SevereG4 (131).png,SevereG4 (131).png,1,4,4,True
E:\KNEE_fewshot\external\MedicalExpert-I\2Mild\MildG2 (9).png,MildG2 (9).png,1,2,2,True
E:\KNEE_fewshot\external\MedicalExpert-I\2Mild\MildG2 (76).png,MildG2 (76).png,1,2,2,True
E:\KNEE_fewshot\external\MedicalExpert-I\0Normal\NormalG0 (453).png,NormalG0 (453).png,1,0,0,True
E:\KNEE_fewshot\external\MedicalExpert-I\3Moderate\ModerateG3 (82).png,ModerateG3 (82).png,1,3,3,True
E:\KNEE_fewshot\external\MedicalExpert-I\0Normal\NormalG0 (125).png,NormalG0 (125).png,1,0,0,True
E:\KNEE_fewshot\external\MedicalExpert-I\3Moderate\ModerateG3 (78).png,ModerateG3 (78).png,1,3,3,True
E:\KNEE_fewshot\external\MedicalExpert-I\2Mild\MildG2 (43).png,MildG2 (43).png,1,2,2,True
E:\KNEE_fewshot\external\MedicalExpert-I\1Doubtful\DoubtfulG1 (371).png,DoubtfulG1 (371).png,1,1,1,True
E:\KNEE_fewshot\external\MedicalExpert-I\2Mild\MildG2 (112).png,MildG2 (112).png,1,2,2,True
E:\KNEE_fewshot\external\MedicalExpert-I\4Severe\SevereG4 (62).png,SevereG4 (62).png,1,4,4,True
E:\KNEE_fewshot\external\MedicalExpert-I\0Normal\NormalG0 (187).png,NormalG0 (187).png,1,0,0,True
E:\KNEE_fewshot\external\MedicalExpert-I\0Normal\NormalG0 (83).png,NormalG0 (83).png,1,0,0,True
E:\KNEE_fewshot\external\MedicalExpert-I\1Doubtful\DoubtfulG1 (235).png,DoubtfulG1 (235).png,1,1,1,True
E:\KNEE_fewshot\external\MedicalExpert-I\1Doubtful\DoubtfulG1 (476).png,DoubtfulG1 (476).png,1,1,1,True
E:\KNEE_fewshot\external\MedicalExpert-I\1Doubtful\DoubtfulG1 (361).png,DoubtfulG1 (361).png,1,1,1,True
E:\KNEE_fewshot\external\MedicalExpert-I\4Severe\SevereG4 (108).png,SevereG4 (108).png,1,4,4,True
E:\KNEE_fewshot\external\MedicalExpert-I\1Doubtful\DoubtfulG1 (82).png,DoubtfulG1 (82).png,1,1,1,True
E:\KNEE_fewshot\external\MedicalExpert-I\1Doubtful\DoubtfulG1 (322).png,DoubtfulG1 (322).png,1,1,1,True
E:\KNEE_fewshot\external\MedicalExpert-I\2Mild\MildG2 (100).png,MildG2 (100).png,1,2,2,True
E:\KNEE_fewshot\external\MedicalExpert-I\0Normal\NormalG0 (273).png,NormalG0 (273).png,1,0,0,True
E:\KNEE_fewshot\external\MedicalExpert-I\2Mild\MildG2 (154).png,MildG2 (154).png,1,2,2,True
E:\KNEE_fewshot\external\MedicalExpert-I\4Severe\SevereG4 (23).png,SevereG4 (23).png,1,4,4,True
E:\KNEE_fewshot\external\MedicalExpert-I\0Normal\NormalG0 (218).png,NormalG0 (218).png,2,0,0,True
E:\KNEE_fewshot\external\MedicalExpert-I\2Mild\MildG2 (202).png,MildG2 (202).png,1,2,2,True
E:\KNEE_fewshot\external\MedicalExpert-I\1Doubtful\DoubtfulG1 (328).png,DoubtfulG1 (328).png,1,1,1,True
E:\KNEE_fewshot\external\MedicalExpert-I\3Moderate\ModerateG3 (219).png,ModerateG3 (219).png,1,3,3,True
E:\KNEE_fewshot\external\MedicalExpert-I\0Normal\NormalG0 (354).png,NormalG0 (354).png,2,0,0,True
E:\KNEE_fewshot\external\MedicalExpert-I\0Normal\NormalG0 (213).png,NormalG0 (213).png,2,0,0,True
E:\KNEE_fewshot\external\MedicalExpert-I\2Mild\MildG2 (114).png,MildG2 (114).png,1,2,2,True
E:\KNEE_fewshot\external\MedicalExpert-I\4Severe\SevereG4 (111).png,SevereG4 (111).png,1,4,4,True
E:\KNEE_fewshot\external\MedicalExpert-I\3Moderate\ModerateG3 (28).png,ModerateG3 (28).png,1,3,3,True
E:\KNEE_fewshot\external\MedicalExpert-I\1Doubtful\DoubtfulG1 (273).png,DoubtfulG1 (273).png,1,1,1,True
E:\KNEE_fewshot\external\MedicalExpert-I\0Normal\NormalG0 (221).png,NormalG0 (221).png,2,0,0,True
E:\KNEE_fewshot\external\MedicalExpert-I\1Doubtful\DoubtfulG1 (300).png,DoubtfulG1 (300).png,1,1,1,True
E:\KNEE_fewshot\external\MedicalExpert-I\1Doubtful\DoubtfulG1 (37).png,DoubtfulG1 (37).png,1,1,1,True
E:\KNEE_fewshot\external\MedicalExpert-I\0Normal\NormalG0 (310).png,NormalG0 (310).png,1,0,0,True
E:\KNEE_fewshot\external\MedicalExpert-I\0Normal\NormalG0 (301).png,NormalG0 (301).png,2,0,0,True
E:\KNEE_fewshot\external\MedicalExpert-I\0Normal\NormalG0 (432).png,NormalG0 (432).png,1,0,0,True
E:\KNEE_fewshot\external\MedicalExpert-I\0Normal\NormalG0 (62).png,NormalG0 (62).png,1,0,0,True
E:\KNEE_fewshot\external\MedicalExpert-I\4Severe\SevereG4 (188).png,SevereG4 (188).png,1,4,4,True
E:\KNEE_fewshot\external\MedicalExpert-I\3Moderate\ModerateG3 (30).png,ModerateG3 (30).png,1,3,3,True
E:\KNEE_fewshot\external\MedicalExpert-I\2Mild\MildG2 (105).png,MildG2 (105).png,4,2,2,True
E:\KNEE_fewshot\external\MedicalExpert-I\1Doubtful\DoubtfulG1 (414).png,DoubtfulG1 (414).png,1,1,1,True
E:\KNEE_fewshot\external\MedicalExpert-I\2Mild\MildG2 (210).png,MildG2 (210).png,1,2,2,True
E:\KNEE_fewshot\external\MedicalExpert-I\3Moderate\ModerateG3 (40).png,ModerateG3 (40).png,1,3,3,True
E:\KNEE_fewshot\external\MedicalExpert-I\1Doubtful\DoubtfulG1 (257).png,DoubtfulG1 (257).png,1,1,1,True
E:\KNEE_fewshot\external\MedicalExpert-I\0Normal\NormalG0 (256).png,NormalG0 (256).png,1,0,0,True
E:\KNEE_fewshot\external\MedicalExpert-I\3Moderate\ModerateG3 (114).png,ModerateG3 (114).png,1,3,3,True
E:\KNEE_fewshot\external\MedicalExpert-I\3Moderate\ModerateG3 (76).png,ModerateG3 (76).png,1,3,3,True
E:\KNEE_fewshot\external\MedicalExpert-I\2Mild\MildG2 (214).png,MildG2 (214).png,1,2,2,True
E:\KNEE_fewshot\external\MedicalExpert-I\1Doubtful\DoubtfulG1 (62).png,DoubtfulG1 (62).png,1,1,1,True
E:\KNEE_fewshot\external\MedicalExpert-I\1Doubtful\DoubtfulG1 (51).png,DoubtfulG1 (51).png,1,1,1,True
E:\KNEE_fewshot\external\MedicalExpert-I\1Doubtful\DoubtfulG1 (477).png,DoubtfulG1 (477).png,1,1,1,True
E:\KNEE_fewshot\external\MedicalExpert-I\0Normal\NormalG0 (358).png,NormalG0 (358).png,1,0,0,True
E:\KNEE_fewshot\external\MedicalExpert-I\0Normal\NormalG0 (208).png,NormalG0 (208).png,2,0,0,True
E:\KNEE_fewshot\external\MedicalExpert-I\1Doubtful\DoubtfulG1 (191).png,DoubtfulG1 (191).png,1,1,1,True
E:\KNEE_fewshot\external\MedicalExpert-I\0Normal\NormalG0 (133).png,NormalG0 (133).png,1,0,0,True
E:\KNEE_fewshot\external\MedicalExpert-I\3Moderate\ModerateG3 (174).png,ModerateG3 (174).png,1,3,3,True
E:\KNEE_fewshot\external\MedicalExpert-I\0Normal\NormalG0 (28).png,NormalG0 (28).png,1,0,0,True
E:\KNEE_fewshot\external\MedicalExpert-I\1Doubtful\DoubtfulG1 (378).png,DoubtfulG1 (378).png,1,1,1,True
E:\KNEE_fewshot\external\MedicalExpert-I\0Normal\NormalG0 (307).png,NormalG0 (307).png,1,0,0,True
E:\KNEE_fewshot\external\MedicalExpert-I\2Mild\MildG2 (226).png,MildG2 (226).png,1,2,2,True
E:\KNEE_fewshot\external\MedicalExpert-I\1Doubtful\DoubtfulG1 (19).png,DoubtfulG1 (19).png,1,1,1,True
E:\KNEE_fewshot\external\MedicalExpert-I\1Doubtful\DoubtfulG1 (169).png,DoubtfulG1 (169).png,1,1,1,True
E:\KNEE_fewshot\external\MedicalExpert-I\1Doubtful\DoubtfulG1 (313).png,DoubtfulG1 (313).png,1,1,1,True
E:\KNEE_fewshot\external\MedicalExpert-I\0Normal\NormalG0 (270).png,NormalG0 (270).png,1,0,0,True
E:\KNEE_fewshot\external\MedicalExpert-I\4Severe\SevereG4 (43).png,SevereG4 (43).png,1,4,4,True
E:\KNEE_fewshot\external\MedicalExpert-I\3Moderate\ModerateG3 (199).png,ModerateG3 (199).png,1,3,3,True
E:\KNEE_fewshot\external\MedicalExpert-I\1Doubtful\DoubtfulG1 (145).png,DoubtfulG1 (145).png,1,1,1,True
E:\KNEE_fewshot\external\MedicalExpert-I\2Mild\MildG2 (21).png,MildG2 (21).png,1,2,2,True
E:\KNEE_fewshot\external\MedicalExpert-I\1Doubtful\DoubtfulG1 (465).png,DoubtfulG1 (465).png,1,1,1,True
E:\KNEE_fewshot\external\MedicalExpert-I\0Normal\NormalG0 (88).png,NormalG0 (88).png,1,0,0,True
E:\KNEE_fewshot\external\MedicalExpert-I\0Normal\NormalG0 (238).png,NormalG0 (238).png,1,0,0,True
E:\KNEE_fewshot\external\MedicalExpert-I\0Normal\NormalG0 (462).png,NormalG0 (462).png,2,0,0,True
E:\KNEE_fewshot\external\MedicalExpert-I\4Severe\SevereG4 (49).png,SevereG4 (49).png,1,4,4,True
E:\KNEE_fewshot\external\MedicalExpert-I\0Normal\NormalG0 (149).png,NormalG0 (149).png,1,0,0,True
E:\KNEE_fewshot\external\MedicalExpert-I\1Doubtful\DoubtfulG1 (395).png,DoubtfulG1 (395).png,1,1,1,True
E:\KNEE_fewshot\external\MedicalExpert-I\1Doubtful\DoubtfulG1 (117).png,DoubtfulG1 (117).png,1,1,1,True
E:\KNEE_fewshot\external\MedicalExpert-I\1Doubtful\DoubtfulG1 (369).png,DoubtfulG1 (369).png,1,1,1,True
E:\KNEE_fewshot\external\MedicalExpert-I\2Mild\MildG2 (172).png,MildG2 (172).png,1,2,2,True
E:\KNEE_fewshot\external\MedicalExpert-I\2Mild\MildG2 (204).png,MildG2 (204).png,2,2,2,True
E:\KNEE_fewshot\external\MedicalExpert-I\2Mild\MildG2 (126).png,MildG2 (126).png,1,2,2,True
E:\KNEE_fewshot\external\MedicalExpert-I\1Doubtful\DoubtfulG1 (200).png,DoubtfulG1 (200).png,1,1,1,True
E:\KNEE_fewshot\external\MedicalExpert-I\1Doubtful\DoubtfulG1 (443).png,DoubtfulG1 (443).png,1,1,1,True
E:\KNEE_fewshot\external\MedicalExpert-I\1Doubtful\DoubtfulG1 (137).png,DoubtfulG1 (137).png,1,1,1,True
E:\KNEE_fewshot\external\MedicalExpert-I\3Moderate\ModerateG3 (2).png,ModerateG3 (2).png,2,3,3,True
E:\KNEE_fewshot\external\MedicalExpert-I\3Moderate\ModerateG3 (75).png,ModerateG3 (75).png,1,3,3,True
E:\KNEE_fewshot\external\MedicalExpert-I\1Doubtful\DoubtfulG1 (272).png,DoubtfulG1 (272).png,1,1,1,True
E:\KNEE_fewshot\external\MedicalExpert-I\1Doubtful\DoubtfulG1 (100).png,DoubtfulG1 (100).png,1,1,1,True
E:\KNEE_fewshot\external\MedicalExpert-I\1Doubtful\DoubtfulG1 (213).png,DoubtfulG1 (213).png,1,1,1,True
E:\KNEE_fewshot\external\MedicalExpert-I\1Doubtful\DoubtfulG1 (153).png,DoubtfulG1 (153).png,1,1,1,True
E:\KNEE_fewshot\external\MedicalExpert-I\1Doubtful\DoubtfulG1 (442).png,DoubtfulG1 (442).png,1,1,1,True
E:\KNEE_fewshot\external\MedicalExpert-I\1Doubtful\DoubtfulG1 (78).png,DoubtfulG1 (78).png,1,1,1,True
E:\KNEE_fewshot\external\MedicalExpert-I\3Moderate\ModerateG3 (110).png,ModerateG3 (110).png,1,3,3,True
E:\KNEE_fewshot\external\MedicalExpert-I\2Mild\MildG2 (147).png,MildG2 (147).png,1,2,2,True
E:\KNEE_fewshot\external\MedicalExpert-I\2Mild\MildG2 (62).png,MildG2 (62).png,1,2,2,True
E:\KNEE_fewshot\external\MedicalExpert-I\2Mild\MildG2 (206).png,MildG2 (206).png,2,2,2,True
E:\KNEE_fewshot\external\MedicalExpert-I\4Severe\SevereG4 (22).png,SevereG4 (22).png,1,4,4,True
E:\KNEE_fewshot\external\MedicalExpert-I\2Mild\MildG2 (197).png,MildG2 (197).png,1,2,2,True
E:\KNEE_fewshot\external\MedicalExpert-I\1Doubtful\DoubtfulG1 (39).png,DoubtfulG1 (39).png,1,1,1,True
E:\KNEE_fewshot\external\MedicalExpert-I\0Normal\NormalG0 (164).png,NormalG0 (164).png,1,0,0,True
E:\KNEE_fewshot\external\MedicalExpert-I\3Moderate\ModerateG3 (31).png,ModerateG3 (31).png,1,3,3,True
E:\KNEE_fewshot\external\MedicalExpert-I\0Normal\NormalG0 (44).png,NormalG0 (44).png,1,0,0,True
E:\KNEE_fewshot\external\MedicalExpert-I\0Normal\NormalG0 (346).png,NormalG0 (346).png,1,0,0,True
E:\KNEE_fewshot\external\MedicalExpert-I\2Mild\MildG2 (71).png,MildG2 (71).png,1,2,2,True
E:\KNEE_fewshot\external\MedicalExpert-I\3Moderate\ModerateG3 (190).png,ModerateG3 (190).png,1,3,3,True
E:\KNEE_fewshot\external\MedicalExpert-I\0Normal\NormalG0 (463).png,NormalG0 (463).png,1,0,0,True
E:\KNEE_fewshot\external\MedicalExpert-I\4Severe\SevereG4 (100).png,SevereG4 (100).png,1,4,4,True
E:\KNEE_fewshot\external\MedicalExpert-I\4Severe\SevereG4 (130).png,SevereG4 (130).png,1,4,4,True
E:\KNEE_fewshot\external\MedicalExpert-I\1Doubtful\DoubtfulG1 (323).png,DoubtfulG1 (323).png,1,1,1,True
E:\KNEE_fewshot\external\MedicalExpert-I\1Doubtful\DoubtfulG1 (343).png,DoubtfulG1 (343).png,1,1,1,True
E:\KNEE_fewshot\external\MedicalExpert-I\4Severe\SevereG4 (183).png,SevereG4 (183).png,1,4,4,True
E:\KNEE_fewshot\external\MedicalExpert-I\0Normal\NormalG0 (180).png,NormalG0 (180).png,1,0,0,True
E:\KNEE_fewshot\external\MedicalExpert-I\3Moderate\ModerateG3 (126).png,ModerateG3 (126).png,1,3,3,True
E:\KNEE_fewshot\external\MedicalExpert-I\1Doubtful\DoubtfulG1 (35).png,DoubtfulG1 (35).png,1,1,1,True
E:\KNEE_fewshot\external\MedicalExpert-I\1Doubtful\DoubtfulG1 (103).png,DoubtfulG1 (103).png,1,1,1,True
E:\KNEE_fewshot\external\MedicalExpert-I\0Normal\NormalG0 (316).png,NormalG0 (316).png,1,0,0,True
E:\KNEE_fewshot\external\MedicalExpert-I\1Doubtful\DoubtfulG1 (215).png,DoubtfulG1 (215).png,1,1,1,True
E:\KNEE_fewshot\external\MedicalExpert-I\1Doubtful\DoubtfulG1 (380).png,DoubtfulG1 (380).png,1,1,1,True
E:\KNEE_fewshot\external\MedicalExpert-I\4Severe\SevereG4 (124).png,SevereG4 (124).png,1,4,4,True
E:\KNEE_fewshot\external\MedicalExpert-I\0Normal\NormalG0 (380).png,NormalG0 (380).png,1,0,1,False
E:\KNEE_fewshot\external\MedicalExpert-I\0Normal\NormalG0 (159).png,NormalG0 (159).png,1,0,0,True
E:\KNEE_fewshot\external\MedicalExpert-I\0Normal\NormalG0 (77).png,NormalG0 (77).png,1,0,0,True
E:\KNEE_fewshot\external\MedicalExpert-I\0Normal\NormalG0 (212).png,NormalG0 (212).png,2,0,0,True
E:\KNEE_fewshot\external\MedicalExpert-I\1Doubtful\DoubtfulG1 (403).png,DoubtfulG1 (403).png,1,1,1,True
E:\KNEE_fewshot\external\MedicalExpert-I\1Doubtful\DoubtfulG1 (48).png,DoubtfulG1 (48).png,1,1,1,True
E:\KNEE_fewshot\external\MedicalExpert-I\4Severe\SevereG4 (16).png,SevereG4 (16).png,1,4,4,True
E:\KNEE_fewshot\external\MedicalExpert-I\2Mild\MildG2 (111).png,MildG2 (111).png,1,2,2,True
E:\KNEE_fewshot\external\MedicalExpert-I\0Normal\NormalG0 (10).png,NormalG0 (10).png,1,0,0,True
E:\KNEE_fewshot\external\MedicalExpert-I\1Doubtful\DoubtfulG1 (325).png,DoubtfulG1 (325).png,1,1,1,True
E:\KNEE_fewshot\external\MedicalExpert-I\3Moderate\ModerateG3 (164).png,ModerateG3 (164).png,1,3,3,True
E:\KNEE_fewshot\external\MedicalExpert-I\4Severe\SevereG4 (152).png,SevereG4 (152).png,1,4,4,True
E:\KNEE_fewshot\external\MedicalExpert-I\0Normal\NormalG0 (24).png,NormalG0 (24).png,1,0,0,True
E:\KNEE_fewshot\external\MedicalExpert-I\2Mild\MildG2 (53).png,MildG2 (53).png,1,2,2,True
E:\KNEE_fewshot\external\MedicalExpert-I\4Severe\SevereG4 (44).png,SevereG4 (44).png,1,4,4,True
E:\KNEE_fewshot\external\MedicalExpert-I\1Doubtful\DoubtfulG1 (445).png,DoubtfulG1 (445).png,1,1,1,True
E:\KNEE_fewshot\external\MedicalExpert-I\4Severe\SevereG4 (194).png,SevereG4 (194).png,1,4,4,True
E:\KNEE_fewshot\external\MedicalExpert-I\1Doubtful\DoubtfulG1 (230).png,DoubtfulG1 (230).png,1,1,1,True
E:\KNEE_fewshot\external\MedicalExpert-I\0Normal\NormalG0 (491).png,NormalG0 (491).png,1,0,0,True
E:\KNEE_fewshot\external\MedicalExpert-I\0Normal\NormalG0 (137).png,NormalG0 (137).png,1,0,0,True
E:\KNEE_fewshot\external\MedicalExpert-I\3Moderate\ModerateG3 (136).png,ModerateG3 (136).png,1,3,3,True
E:\KNEE_fewshot\external\MedicalExpert-I\1Doubtful\DoubtfulG1 (86).png,DoubtfulG1 (86).png,1,1,1,True
E:\KNEE_fewshot\external\MedicalExpert-I\3Moderate\ModerateG3 (18).png,ModerateG3 (18).png,1,3,3,True
E:\KNEE_fewshot\external\MedicalExpert-I\4Severe\SevereG4 (206).png,SevereG4 (206).png,1,4,4,True
E:\KNEE_fewshot\external\MedicalExpert-I\4Severe\SevereG4 (119).png,SevereG4 (119).png,1,4,4,True
E:\KNEE_fewshot\external\MedicalExpert-I\2Mild\MildG2 (52).png,MildG2 (52).png,1,2,2,True
E:\KNEE_fewshot\external\MedicalExpert-I\0Normal\NormalG0 (17).png,NormalG0 (17).png,1,0,0,True
E:\KNEE_fewshot\external\MedicalExpert-I\4Severe\SevereG4 (203).png,SevereG4 (203).png,1,4,4,True
E:\KNEE_fewshot\external\MedicalExpert-I\1Doubtful\DoubtfulG1 (123).png,DoubtfulG1 (123).png,1,1,1,True
E:\KNEE_fewshot\external\MedicalExpert-I\0Normal\NormalG0 (384).png,NormalG0 (384).png,1,0,0,True
E:\KNEE_fewshot\external\MedicalExpert-I\0Normal\NormalG0 (8).png,NormalG0 (8).png,1,0,0,True
E:\KNEE_fewshot\external\MedicalExpert-I\0Normal\NormalG0 (16).png,NormalG0 (16).png,1,0,0,True
E:\KNEE_fewshot\external\MedicalExpert-I\0Normal\NormalG0 (454).png,NormalG0 (454).png,1,0,0,True
E:\KNEE_fewshot\external\MedicalExpert-I\0Normal\NormalG0 (397).png,NormalG0 (397).png,1,0,0,True
E:\KNEE_fewshot\external\MedicalExpert-I\1Doubtful\DoubtfulG1 (249).png,DoubtfulG1 (249).png,1,1,1,True
E:\KNEE_fewshot\external\MedicalExpert-I\1Doubtful\DoubtfulG1 (196).png,DoubtfulG1 (196).png,1,1,1,True
E:\KNEE_fewshot\external\MedicalExpert-I\0Normal\NormalG0 (360).png,NormalG0 (360).png,1,0,0,True
E:\KNEE_fewshot\external\MedicalExpert-I\0Normal\NormalG0 (303).png,NormalG0 (303).png,2,0,0,True
E:\KNEE_fewshot\external\MedicalExpert-I\2Mild\MildG2 (220).png,MildG2 (220).png,1,2,2,True
E:\KNEE_fewshot\external\MedicalExpert-I\1Doubtful\DoubtfulG1 (426).png,DoubtfulG1 (426).png,1,1,1,True
E:\KNEE_fewshot\external\MedicalExpert-I\1Doubtful\DoubtfulG1 (441).png,DoubtfulG1 (441).png,1,1,1,True
E:\KNEE_fewshot\external\MedicalExpert-I\0Normal\NormalG0 (215).png,NormalG0 (215).png,1,0,0,True
E:\KNEE_fewshot\external\MedicalExpert-I\2Mild\MildG2 (55).png,MildG2 (55).png,1,2,2,True
E:\KNEE_fewshot\external\MedicalExpert-I\3Moderate\ModerateG3 (209).png,ModerateG3 (209).png,1,3,3,True
E:\KNEE_fewshot\external\MedicalExpert-I\0Normal\NormalG0 (194).png,NormalG0 (194).png,1,0,0,True
E:\KNEE_fewshot\external\MedicalExpert-I\3Moderate\ModerateG3 (130).png,ModerateG3 (130).png,1,3,3,True
E:\KNEE_fewshot\external\MedicalExpert-I\2Mild\MildG2 (171).png,MildG2 (171).png,1,2,2,True
E:\KNEE_fewshot\external\MedicalExpert-I\0Normal\NormalG0 (182).png,NormalG0 (182).png,1,0,0,True
E:\KNEE_fewshot\external\MedicalExpert-I\1Doubtful\DoubtfulG1 (357).png,DoubtfulG1 (357).png,1,1,1,True
E:\KNEE_fewshot\external\MedicalExpert-I\1Doubtful\DoubtfulG1 (283).png,DoubtfulG1 (283).png,1,1,1,True
E:\KNEE_fewshot\external\MedicalExpert-I\1Doubtful\DoubtfulG1 (50).png,DoubtfulG1 (50).png,1,1,1,True
E:\KNEE_fewshot\external\MedicalExpert-I\4Severe\SevereG4 (117).png,SevereG4 (117).png,1,4,4,True
E:\KNEE_fewshot\external\MedicalExpert-I\1Doubtful\DoubtfulG1 (402).png,DoubtfulG1 (402).png,1,1,1,True
E:\KNEE_fewshot\external\MedicalExpert-I\1Doubtful\DoubtfulG1 (216).png,DoubtfulG1 (216).png,1,1,1,True
E:\KNEE_fewshot\external\MedicalExpert-I\0Normal\NormalG0 (241).png,NormalG0 (241).png,1,0,0,True
E:\KNEE_fewshot\external\MedicalExpert-I\1Doubtful\DoubtfulG1 (245).png,DoubtfulG1 (245).png,1,1,1,True
E:\KNEE_fewshot\external\MedicalExpert-I\1Doubtful\DoubtfulG1 (128).png,DoubtfulG1 (128).png,1,1,1,True
E:\KNEE_fewshot\external\MedicalExpert-I\0Normal\NormalG0 (193).png,NormalG0 (193).png,1,0,0,True
E:\KNEE_fewshot\external\MedicalExpert-I\2Mild\MildG2 (5).png,MildG2 (5).png,1,2,2,True
E:\KNEE_fewshot\external\MedicalExpert-I\1Doubtful\DoubtfulG1 (255).png,DoubtfulG1 (255).png,1,1,1,True
E:\KNEE_fewshot\external\MedicalExpert-I\0Normal\NormalG0 (348).png,NormalG0 (348).png,1,0,0,True
E:\KNEE_fewshot\external\MedicalExpert-I\0Normal\NormalG0 (154).png,NormalG0 (154).png,1,0,0,True
E:\KNEE_fewshot\external\MedicalExpert-I\1Doubtful\DoubtfulG1 (259).png,DoubtfulG1 (259).png,1,1,1,True
E:\KNEE_fewshot\external\MedicalExpert-I\1Doubtful\DoubtfulG1 (252).png,DoubtfulG1 (252).png,1,1,1,True
E:\KNEE_fewshot\external\MedicalExpert-I\1Doubtful\DoubtfulG1 (435).png,DoubtfulG1 (435).png,1,1,1,True
E:\KNEE_fewshot\external\MedicalExpert-I\1Doubtful\DoubtfulG1 (364).png,DoubtfulG1 (364).png,1,1,1,True
E:\KNEE_fewshot\external\MedicalExpert-I\0Normal\NormalG0 (340).png,NormalG0 (340).png,1,0,0,True
E:\KNEE_fewshot\external\MedicalExpert-I\0Normal\NormalG0 (70).png,NormalG0 (70).png,1,0,0,True
E:\KNEE_fewshot\external\MedicalExpert-I\0Normal\NormalG0 (297).png,NormalG0 (297).png,1,0,0,True
E:\KNEE_fewshot\external\MedicalExpert-I\0Normal\NormalG0 (490).png,NormalG0 (490).png,1,0,0,True
E:\KNEE_fewshot\external\MedicalExpert-I\1Doubtful\DoubtfulG1 (148).png,DoubtfulG1 (148).png,1,1,1,True
E:\KNEE_fewshot\external\MedicalExpert-I\4Severe\SevereG4 (123).png,SevereG4 (123).png,1,4,4,True
E:\KNEE_fewshot\external\MedicalExpert-I\4Severe\SevereG4 (154).png,SevereG4 (154).png,1,4,4,True
E:\KNEE_fewshot\external\MedicalExpert-I\4Severe\SevereG4 (66).png,SevereG4 (66).png,1,4,4,True
E:\KNEE_fewshot\external\MedicalExpert-I\3Moderate\ModerateG3 (68).png,ModerateG3 (68).png,1,3,3,True
E:\KNEE_fewshot\external\MedicalExpert-I\4Severe\SevereG4 (129).png,SevereG4 (129).png,1,4,4,True
E:\KNEE_fewshot\external\MedicalExpert-I\0Normal\NormalG0 (160).png,NormalG0 (160).png,1,0,0,True
E:\KNEE_fewshot\external\MedicalExpert-I\2Mild\MildG2 (163).png,MildG2 (163).png,1,2,2,True
E:\KNEE_fewshot\external\MedicalExpert-I\1Doubtful\DoubtfulG1 (105).png,DoubtfulG1 (105).png,1,1,1,True
E:\KNEE_fewshot\external\MedicalExpert-I\1Doubtful\DoubtfulG1 (424).png,DoubtfulG1 (424).png,1,1,1,True
E:\KNEE_fewshot\external\MedicalExpert-I\4Severe\SevereG4 (52).png,SevereG4 (52).png,1,4,4,True
E:\KNEE_fewshot\external\MedicalExpert-I\2Mild\MildG2 (98).png,MildG2 (98).png,1,2,2,True
E:\KNEE_fewshot\external\MedicalExpert-I\4Severe\SevereG4 (84).png,SevereG4 (84).png,1,4,4,True
E:\KNEE_fewshot\external\MedicalExpert-I\1Doubtful\DoubtfulG1 (292).png,DoubtfulG1 (292).png,1,1,1,True
E:\KNEE_fewshot\external\MedicalExpert-I\0Normal\NormalG0 (370).png,NormalG0 (370).png,1,0,0,True
E:\KNEE_fewshot\external\MedicalExpert-I\1Doubtful\DoubtfulG1 (429).png,DoubtfulG1 (429).png,1,1,1,True
E:\KNEE_fewshot\external\MedicalExpert-I\3Moderate\ModerateG3 (88).png,ModerateG3 (88).png,2,3,3,True
E:\KNEE_fewshot\external\MedicalExpert-I\4Severe\SevereG4 (19).png,SevereG4 (19).png,1,4,4,True
E:\KNEE_fewshot\external\MedicalExpert-I\2Mild\MildG2 (66).png,MildG2 (66).png,1,2,2,True
E:\KNEE_fewshot\external\MedicalExpert-I\4Severe\SevereG4 (134).png,SevereG4 (134).png,1,4,4,True
E:\KNEE_fewshot\external\MedicalExpert-I\1Doubtful\DoubtfulG1 (172).png,DoubtfulG1 (172).png,1,1,1,True
E:\KNEE_fewshot\external\MedicalExpert-I\2Mild\MildG2 (92).png,MildG2 (92).png,1,2,2,True
E:\KNEE_fewshot\external\MedicalExpert-I\0Normal\NormalG0 (43).png,NormalG0 (43).png,1,0,0,True
E:\KNEE_fewshot\external\MedicalExpert-I\4Severe\SevereG4 (175).png,SevereG4 (175).png,1,4,4,True
E:\KNEE_fewshot\external\MedicalExpert-I\0Normal\NormalG0 (268).png,NormalG0 (268).png,1,0,0,True
E:\KNEE_fewshot\external\MedicalExpert-I\1Doubtful\DoubtfulG1 (287).png,DoubtfulG1 (287).png,1,1,1,True
E:\KNEE_fewshot\external\MedicalExpert-I\4Severe\SevereG4 (109).png,SevereG4 (109).png,1,4,4,True
E:\KNEE_fewshot\external\MedicalExpert-I\1Doubtful\DoubtfulG1 (250).png,DoubtfulG1 (250).png,1,1,1,True
E:\KNEE_fewshot\external\MedicalExpert-I\2Mild\MildG2 (29).png,MildG2 (29).png,1,2,2,True
E:\KNEE_fewshot\external\MedicalExpert-I\4Severe\SevereG4 (24).png,SevereG4 (24).png,1,4,4,True
E:\KNEE_fewshot\external\MedicalExpert-I\2Mild\MildG2 (73).png,MildG2 (73).png,1,2,2,True
E:\KNEE_fewshot\external\MedicalExpert-I\0Normal\NormalG0 (304).png,NormalG0 (304).png,1,0,0,True
E:\KNEE_fewshot\external\MedicalExpert-I\0Normal\NormalG0 (345).png,NormalG0 (345).png,1,0,0,True
E:\KNEE_fewshot\external\MedicalExpert-I\0Normal\NormalG0 (339).png,NormalG0 (339).png,1,0,0,True
E:\KNEE_fewshot\external\MedicalExpert-I\1Doubtful\DoubtfulG1 (254).png,DoubtfulG1 (254).png,1,1,1,True
E:\KNEE_fewshot\external\MedicalExpert-I\2Mild\MildG2 (157).png,MildG2 (157).png,1,2,2,True
E:\KNEE_fewshot\external\MedicalExpert-I\0Normal\NormalG0 (5).png,NormalG0 (5).png,1,0,0,True
E:\KNEE_fewshot\external\MedicalExpert-I\1Doubtful\DoubtfulG1 (32).png,DoubtfulG1 (32).png,1,1,1,True
E:\KNEE_fewshot\external\MedicalExpert-I\1Doubtful\DoubtfulG1 (13).png,DoubtfulG1 (13).png,1,1,1,True
E:\KNEE_fewshot\external\MedicalExpert-I\0Normal\NormalG0 (148).png,NormalG0 (148).png,1,0,0,True
E:\KNEE_fewshot\external\MedicalExpert-I\3Moderate\ModerateG3 (27).png,ModerateG3 (27).png,1,3,3,True
E:\KNEE_fewshot\external\MedicalExpert-I\0Normal\NormalG0 (106).png,NormalG0 (106).png,1,0,0,True
E:\KNEE_fewshot\external\MedicalExpert-I\4Severe\SevereG4 (114).png,SevereG4 (114).png,1,4,4,True
E:\KNEE_fewshot\external\MedicalExpert-I\3Moderate\ModerateG3 (14).png,ModerateG3 (14).png,1,3,3,True
E:\KNEE_fewshot\external\MedicalExpert-I\1Doubtful\DoubtfulG1 (271).png,DoubtfulG1 (271).png,1,1,1,True
E:\KNEE_fewshot\external\MedicalExpert-I\0Normal\NormalG0 (460).png,NormalG0 (460).png,2,0,0,True
E:\KNEE_fewshot\external\MedicalExpert-I\1Doubtful\DoubtfulG1 (374).png,DoubtfulG1 (374).png,1,1,1,True
E:\KNEE_fewshot\external\MedicalExpert-I\1Doubtful\DoubtfulG1 (446).png,DoubtfulG1 (446).png,1,1,1,True
E:\KNEE_fewshot\external\MedicalExpert-I\1Doubtful\DoubtfulG1 (144).png,DoubtfulG1 (144).png,1,1,1,True
E:\KNEE_fewshot\external\MedicalExpert-I\0Normal\NormalG0 (452).png,NormalG0 (452).png,1,0,0,True
E:\KNEE_fewshot\external\MedicalExpert-I\1Doubtful\DoubtfulG1 (346).png,DoubtfulG1 (346).png,1,1,1,True
E:\KNEE_fewshot\external\MedicalExpert-I\4Severe\SevereG4 (166).png,SevereG4 (166).png,1,4,4,True
E:\KNEE_fewshot\external\MedicalExpert-I\0Normal\NormalG0 (189).png,NormalG0 (189).png,1,0,0,True
E:\KNEE_fewshot\external\MedicalExpert-I\1Doubtful\DoubtfulG1 (36).png,DoubtfulG1 (36).png,1,1,1,True
E:\KNEE_fewshot\external\MedicalExpert-I\2Mild\MildG2 (219).png,MildG2 (219).png,1,2,2,True
E:\KNEE_fewshot\external\MedicalExpert-I\3Moderate\ModerateG3 (24).png,ModerateG3 (24).png,1,3,3,True
E:\KNEE_fewshot\external\MedicalExpert-I\3Moderate\ModerateG3 (129).png,ModerateG3 (129).png,1,3,3,True
E:\KNEE_fewshot\external\MedicalExpert-I\1Doubtful\DoubtfulG1 (181).png,DoubtfulG1 (181).png,1,1,1,True
E:\KNEE_fewshot\external\MedicalExpert-I\3Moderate\ModerateG3 (91).png,ModerateG3 (91).png,1,3,3,True
E:\KNEE_fewshot\external\MedicalExpert-I\1Doubtful\DoubtfulG1 (188).png,DoubtfulG1 (188).png,1,1,1,True
E:\KNEE_fewshot\external\MedicalExpert-I\4Severe\SevereG4 (30).png,SevereG4 (30).png,1,4,4,True
E:\KNEE_fewshot\external\MedicalExpert-I\1Doubtful\DoubtfulG1 (303).png,DoubtfulG1 (303).png,1,1,1,True
E:\KNEE_fewshot\external\MedicalExpert-I\1Doubtful\DoubtfulG1 (26).png,DoubtfulG1 (26).png,1,1,1,True
E:\KNEE_fewshot\external\MedicalExpert-I\0Normal\NormalG0 (377).png,NormalG0 (377).png,1,0,0,True
E:\KNEE_fewshot\external\MedicalExpert-I\0Normal\NormalG0 (414).png,NormalG0 (414).png,1,0,0,True
E:\KNEE_fewshot\external\MedicalExpert-I\3Moderate\ModerateG3 (152).png,ModerateG3 (152).png,1,3,3,True
E:\KNEE_fewshot\external\MedicalExpert-I\1Doubtful\DoubtfulG1 (382).png,DoubtfulG1 (382).png,1,1,1,True
E:\KNEE_fewshot\external\MedicalExpert-I\1Doubtful\DoubtfulG1 (4).png,DoubtfulG1 (4).png,1,1,1,True
E:\KNEE_fewshot\external\MedicalExpert-I\3Moderate\ModerateG3 (73).png,ModerateG3 (73).png,1,3,3,True
E:\KNEE_fewshot\external\MedicalExpert-I\2Mild\MildG2 (215).png,MildG2 (215).png,1,2,2,True
E:\KNEE_fewshot\external\MedicalExpert-I\2Mild\MildG2 (3).png,MildG2 (3).png,1,2,2,True
E:\KNEE_fewshot\external\MedicalExpert-I\2Mild\MildG2 (48).png,MildG2 (48).png,1,2,2,True
E:\KNEE_fewshot\external\MedicalExpert-I\2Mild\MildG2 (198).png,MildG2 (198).png,1,2,2,True
E:\KNEE_fewshot\external\MedicalExpert-I\1Doubtful\DoubtfulG1 (473).png,DoubtfulG1 (473).png,1,1,1,True
E:\KNEE_fewshot\external\MedicalExpert-I\3Moderate\ModerateG3 (107).png,ModerateG3 (107).png,1,3,3,True
E:\KNEE_fewshot\external\MedicalExpert-I\0Normal\NormalG0 (205).png,NormalG0 (205).png,1,0,0,True
E:\KNEE_fewshot\external\MedicalExpert-I\1Doubtful\DoubtfulG1 (265).png,DoubtfulG1 (265).png,1,1,1,True
E:\KNEE_fewshot\external\MedicalExpert-I\1Doubtful\DoubtfulG1 (295).png,DoubtfulG1 (295).png,1,1,1,True
E:\KNEE_fewshot\external\MedicalExpert-I\4Severe\SevereG4 (171).png,SevereG4 (171).png,1,4,4,True
E:\KNEE_fewshot\external\MedicalExpert-I\2Mild\MildG2 (158).png,MildG2 (158).png,1,2,2,True
E:\KNEE_fewshot\external\MedicalExpert-I\3Moderate\ModerateG3 (20).png,ModerateG3 (20).png,1,3,3,True
E:\KNEE_fewshot\external\MedicalExpert-I\0Normal\NormalG0 (175).png,NormalG0 (175).png,1,0,0,True
E:\KNEE_fewshot\external\MedicalExpert-I\0Normal\NormalG0 (250).png,NormalG0 (250).png,1,0,0,True
E:\KNEE_fewshot\external\MedicalExpert-I\0Normal\NormalG0 (398).png,NormalG0 (398).png,2,0,0,True
E:\KNEE_fewshot\external\MedicalExpert-I\1Doubtful\DoubtfulG1 (73).png,DoubtfulG1 (73).png,2,1,1,True
E:\KNEE_fewshot\external\MedicalExpert-I\1Doubtful\DoubtfulG1 (150).png,DoubtfulG1 (150).png,1,1,1,True
E:\KNEE_fewshot\external\MedicalExpert-I\0Normal\NormalG0 (383).png,NormalG0 (383).png,1,0,0,True
E:\KNEE_fewshot\external\MedicalExpert-I\1Doubtful\DoubtfulG1 (44).png,DoubtfulG1 (44).png,1,1,1,True
E:\KNEE_fewshot\external\MedicalExpert-I\3Moderate\ModerateG3 (158).png,ModerateG3 (158).png,1,3,3,True
E:\KNEE_fewshot\external\MedicalExpert-I\2Mild\MildG2 (63).png,MildG2 (63).png,1,2,2,True
E:\KNEE_fewshot\external\MedicalExpert-I\4Severe\SevereG4 (173).png,SevereG4 (173).png,1,4,4,True
E:\KNEE_fewshot\external\MedicalExpert-I\3Moderate\ModerateG3 (163).png,ModerateG3 (163).png,1,3,3,True
E:\KNEE_fewshot\external\MedicalExpert-I\0Normal\NormalG0 (47).png,NormalG0 (47).png,1,0,0,True
E:\KNEE_fewshot\external\MedicalExpert-I\1Doubtful\DoubtfulG1 (134).png,DoubtfulG1 (134).png,1,1,1,True
E:\KNEE_fewshot\external\MedicalExpert-I\0Normal\NormalG0 (145).png,NormalG0 (145).png,1,0,0,True
E:\KNEE_fewshot\external\MedicalExpert-I\1Doubtful\DoubtfulG1 (182).png,DoubtfulG1 (182).png,1,1,1,True
E:\KNEE_fewshot\external\MedicalExpert-I\1Doubtful\DoubtfulG1 (240).png,DoubtfulG1 (240).png,1,1,1,True
E:\KNEE_fewshot\external\MedicalExpert-I\2Mild\MildG2 (195).png,MildG2 (195).png,1,2,2,True
E:\KNEE_fewshot\external\MedicalExpert-I\3Moderate\ModerateG3 (121).png,ModerateG3 (121).png,2,3,3,True
E:\KNEE_fewshot\external\MedicalExpert-I\2Mild\MildG2 (101).png,MildG2 (101).png,4,2,2,True
E:\KNEE_fewshot\external\MedicalExpert-I\1Doubtful\DoubtfulG1 (77).png,DoubtfulG1 (77).png,1,1,1,True
E:\KNEE_fewshot\external\MedicalExpert-I\2Mild\MildG2 (128).png,MildG2 (128).png,1,2,2,True
E:\KNEE_fewshot\external\MedicalExpert-I\1Doubtful\DoubtfulG1 (208).png,DoubtfulG1 (208).png,1,1,1,True
E:\KNEE_fewshot\external\MedicalExpert-I\2Mild\MildG2 (232).png,MildG2 (232).png,1,2,2,True
E:\KNEE_fewshot\external\MedicalExpert-I\3Moderate\ModerateG3 (165).png,ModerateG3 (165).png,1,3,3,True
E:\KNEE_fewshot\external\MedicalExpert-I\0Normal\NormalG0 (97).png,NormalG0 (97).png,1,0,0,True
E:\KNEE_fewshot\external\MedicalExpert-I\0Normal\NormalG0 (55).png,NormalG0 (55).png,1,0,0,True
E:\KNEE_fewshot\external\MedicalExpert-I\0Normal\NormalG0 (198).png,NormalG0 (198).png,1,0,0,True
E:\KNEE_fewshot\external\MedicalExpert-I\1Doubtful\DoubtfulG1 (80).png,DoubtfulG1 (80).png,1,1,1,True
E:\KNEE_fewshot\external\MedicalExpert-I\2Mild\MildG2 (124).png,MildG2 (124).png,1,2,2,True
E:\KNEE_fewshot\external\MedicalExpert-I\0Normal\NormalG0 (367).png,NormalG0 (367).png,1,0,0,True
E:\KNEE_fewshot\external\MedicalExpert-I\2Mild\MildG2 (19).png,MildG2 (19).png,1,2,2,True
E:\KNEE_fewshot\external\MedicalExpert-I\0Normal\NormalG0 (337).png,NormalG0 (337).png,1,0,0,True
E:\KNEE_fewshot\external\MedicalExpert-I\0Normal\NormalG0 (411).png,NormalG0 (411).png,1,0,0,True
E:\KNEE_fewshot\external\MedicalExpert-I\2Mild\MildG2 (127).png,MildG2 (127).png,1,2,2,True
E:\KNEE_fewshot\external\MedicalExpert-I\2Mild\MildG2 (175).png,MildG2 (175).png,1,2,2,True
E:\KNEE_fewshot\external\MedicalExpert-I\3Moderate\ModerateG3 (160).png,ModerateG3 (160).png,1,3,3,True
E:\KNEE_fewshot\external\MedicalExpert-I\2Mild\MildG2 (180).png,MildG2 (180).png,1,2,2,True
E:\KNEE_fewshot\external\MedicalExpert-I\4Severe\SevereG4 (191).png,SevereG4 (191).png,1,4,4,True
E:\KNEE_fewshot\external\MedicalExpert-I\4Severe\SevereG4 (71).png,SevereG4 (71).png,1,4,4,True
E:\KNEE_fewshot\external\MedicalExpert-I\4Severe\SevereG4 (64).png,SevereG4 (64).png,1,4,4,True
E:\KNEE_fewshot\external\MedicalExpert-I\4Severe\SevereG4 (29).png,SevereG4 (29).png,1,4,4,True
E:\KNEE_fewshot\external\MedicalExpert-I\4Severe\SevereG4 (18).png,SevereG4 (18).png,1,4,4,True
E:\KNEE_fewshot\external\MedicalExpert-I\1Doubtful\DoubtfulG1 (253).png,DoubtfulG1 (253).png,1,1,1,True
E:\KNEE_fewshot\external\MedicalExpert-I\4Severe\SevereG4 (99).png,SevereG4 (99).png,1,4,4,True
E:\KNEE_fewshot\external\MedicalExpert-I\3Moderate\ModerateG3 (202).png,ModerateG3 (202).png,1,3,3,True
E:\KNEE_fewshot\external\MedicalExpert-I\0Normal\NormalG0 (353).png,NormalG0 (353).png,1,0,0,True
E:\KNEE_fewshot\external\MedicalExpert-I\3Moderate\ModerateG3 (172).png,ModerateG3 (172).png,1,3,3,True
E:\KNEE_fewshot\external\MedicalExpert-I\3Moderate\ModerateG3 (26).png,ModerateG3 (26).png,1,3,3,True
E:\KNEE_fewshot\external\MedicalExpert-I\0Normal\NormalG0 (7).png,NormalG0 (7).png,1,0,0,True
E:\KNEE_fewshot\external\MedicalExpert-I\2Mild\MildG2 (49).png,MildG2 (49).png,1,2,2,True
E:\KNEE_fewshot\external\MedicalExpert-I\2Mild\MildG2 (77).png,MildG2 (77).png,1,2,2,True
E:\KNEE_fewshot\external\MedicalExpert-I\2Mild\MildG2 (125).png,MildG2 (125).png,1,2,2,True
E:\KNEE_fewshot\external\MedicalExpert-I\1Doubtful\DoubtfulG1 (173).png,DoubtfulG1 (173).png,1,1,1,True
E:\KNEE_fewshot\external\MedicalExpert-I\1Doubtful\DoubtfulG1 (320).png,DoubtfulG1 (320).png,1,1,1,True
E:\KNEE_fewshot\external\MedicalExpert-I\4Severe\SevereG4 (36).png,SevereG4 (36).png,1,4,4,True
E:\KNEE_fewshot\external\MedicalExpert-I\1Doubtful\DoubtfulG1 (304).png,DoubtfulG1 (304).png,1,1,1,True
E:\KNEE_fewshot\external\MedicalExpert-I\0Normal\NormalG0 (72).png,NormalG0 (72).png,1,0,0,True
E:\KNEE_fewshot\external\MedicalExpert-I\0Normal\NormalG0 (126).png,NormalG0 (126).png,1,0,0,True
E:\KNEE_fewshot\external\MedicalExpert-I\4Severe\SevereG4 (21).png,SevereG4 (21).png,1,4,4,True
E:\KNEE_fewshot\external\MedicalExpert-I\4Severe\SevereG4 (184).png,SevereG4 (184).png,1,4,4,True
E:\KNEE_fewshot\external\MedicalExpert-I\3Moderate\ModerateG3 (178).png,ModerateG3 (178).png,1,3,3,True
E:\KNEE_fewshot\external\MedicalExpert-I\0Normal\NormalG0 (431).png,NormalG0 (431).png,1,0,0,True
E:\KNEE_fewshot\external\MedicalExpert-I\1Doubtful\DoubtfulG1 (381).png,DoubtfulG1 (381).png,1,1,1,True
E:\KNEE_fewshot\external\MedicalExpert-I\0Normal\NormalG0 (368).png,NormalG0 (368).png,1,0,0,True
E:\KNEE_fewshot\external\MedicalExpert-I\0Normal\NormalG0 (468).png,NormalG0 (468).png,1,0,1,False
E:\KNEE_fewshot\external\MedicalExpert-I\1Doubtful\DoubtfulG1 (17).png,DoubtfulG1 (17).png,1,1,1,True
E:\KNEE_fewshot\external\MedicalExpert-I\1Doubtful\DoubtfulG1 (243).png,DoubtfulG1 (243).png,1,1,1,True
E:\KNEE_fewshot\external\MedicalExpert-I\0Normal\NormalG0 (364).png,NormalG0 (364).png,1,0,0,True
E:\KNEE_fewshot\external\MedicalExpert-I\2Mild\MildG2 (89).png,MildG2 (89).png,1,2,2,True
E:\KNEE_fewshot\external\MedicalExpert-I\4Severe\SevereG4 (38).png,SevereG4 (38).png,1,4,4,True
E:\KNEE_fewshot\external\MedicalExpert-I\2Mild\MildG2 (20).png,MildG2 (20).png,1,2,2,True
E:\KNEE_fewshot\external\MedicalExpert-I\1Doubtful\DoubtfulG1 (354).png,DoubtfulG1 (354).png,1,1,1,True
E:\KNEE_fewshot\external\MedicalExpert-I\3Moderate\ModerateG3 (13).png,ModerateG3 (13).png,1,3,3,True
E:\KNEE_fewshot\external\MedicalExpert-I\0Normal\NormalG0 (122).png,NormalG0 (122).png,1,0,0,True
E:\KNEE_fewshot\external\MedicalExpert-I\3Moderate\ModerateG3 (185).png,ModerateG3 (185).png,1,3,3,True
E:\KNEE_fewshot\external\MedicalExpert-I\4Severe\SevereG4 (20).png,SevereG4 (20).png,1,4,4,True
E:\KNEE_fewshot\external\MedicalExpert-I\0Normal\NormalG0 (458).png,NormalG0 (458).png,1,0,0,True
E:\KNEE_fewshot\external\MedicalExpert-I\0Normal\NormalG0 (421).png,NormalG0 (421).png,1,0,0,True
E:\KNEE_fewshot\external\MedicalExpert-I\2Mild\MildG2 (212).png,MildG2 (212).png,1,2,2,True
E:\KNEE_fewshot\external\MedicalExpert-I\1Doubtful\DoubtfulG1 (163).png,DoubtfulG1 (163).png,1,1,1,True
E:\KNEE_fewshot\external\MedicalExpert-I\1Doubtful\DoubtfulG1 (399).png,DoubtfulG1 (399).png,1,1,1,True
E:\KNEE_fewshot\external\MedicalExpert-I\1Doubtful\DoubtfulG1 (61).png,DoubtfulG1 (61).png,1,1,1,True
E:\KNEE_fewshot\external\MedicalExpert-I\4Severe\SevereG4 (168).png,SevereG4 (168).png,1,4,4,True
E:\KNEE_fewshot\external\MedicalExpert-I\1Doubtful\DoubtfulG1 (194).png,DoubtfulG1 (194).png,1,1,1,True
E:\KNEE_fewshot\external\MedicalExpert-I\4Severe\SevereG4 (15).png,SevereG4 (15).png,1,4,4,True
E:\KNEE_fewshot\external\MedicalExpert-I\2Mild\MildG2 (161).png,MildG2 (161).png,1,2,2,True
E:\KNEE_fewshot\external\MedicalExpert-I\1Doubtful\DoubtfulG1 (107).png,DoubtfulG1 (107).png,1,1,1,True
E:\KNEE_fewshot\external\MedicalExpert-I\0Normal\NormalG0 (231).png,NormalG0 (231).png,1,0,0,True
E:\KNEE_fewshot\external\MedicalExpert-I\2Mild\MildG2 (4).png,MildG2 (4).png,1,2,2,True
E:\KNEE_fewshot\external\MedicalExpert-I\0Normal\NormalG0 (355).png,NormalG0 (355).png,1,0,0,True
E:\KNEE_fewshot\external\MedicalExpert-I\0Normal\NormalG0 (9).png,NormalG0 (9).png,1,0,0,True
E:\KNEE_fewshot\external\MedicalExpert-I\1Doubtful\DoubtfulG1 (112).png,DoubtfulG1 (112).png,1,1,1,True
E:\KNEE_fewshot\external\MedicalExpert-I\3Moderate\ModerateG3 (205).png,ModerateG3 (205).png,5,3,3,True
E:\KNEE_fewshot\external\MedicalExpert-I\1Doubtful\DoubtfulG1 (277).png,DoubtfulG1 (277).png,1,1,1,True
E:\KNEE_fewshot\external\MedicalExpert-I\0Normal\NormalG0 (195).png,NormalG0 (195).png,1,0,0,True
E:\KNEE_fewshot\external\MedicalExpert-I\1Doubtful\DoubtfulG1 (345).png,DoubtfulG1 (345).png,1,1,1,True
E:\KNEE_fewshot\external\MedicalExpert-I\2Mild\MildG2 (95).png,MildG2 (95).png,1,2,2,True
E:\KNEE_fewshot\external\MedicalExpert-I\0Normal\NormalG0 (73).png,NormalG0 (73).png,1,0,0,True
E:\KNEE_fewshot\external\MedicalExpert-I\1Doubtful\DoubtfulG1 (104).png,DoubtfulG1 (104).png,1,1,1,True
E:\KNEE_fewshot\external\MedicalExpert-I\0Normal\NormalG0 (486).png,NormalG0 (486).png,1,0,0,True
E:\KNEE_fewshot\external\MedicalExpert-I\1Doubtful\DoubtfulG1 (211).png,DoubtfulG1 (211).png,1,1,1,True
E:\KNEE_fewshot\external\MedicalExpert-I\1Doubtful\DoubtfulG1 (430).png,DoubtfulG1 (430).png,1,1,1,True
E:\KNEE_fewshot\external\MedicalExpert-I\2Mild\MildG2 (229).png,MildG2 (229).png,1,2,2,True
E:\KNEE_fewshot\external\MedicalExpert-I\4Severe\SevereG4 (142).png,SevereG4 (142).png,1,4,4,True
E:\KNEE_fewshot\external\MedicalExpert-I\0Normal\NormalG0 (14).png,NormalG0 (14).png,1,0,0,True
E:\KNEE_fewshot\external\MedicalExpert-I\4Severe\SevereG4 (55).png,SevereG4 (55).png,1,4,4,True
E:\KNEE_fewshot\external\MedicalExpert-I\1Doubtful\DoubtfulG1 (284).png,DoubtfulG1 (284).png,1,1,1,True
E:\KNEE_fewshot\external\MedicalExpert-I\1Doubtful\DoubtfulG1 (440).png,DoubtfulG1 (440).png,1,1,1,True
E:\KNEE_fewshot\external\MedicalExpert-I\1Doubtful\DoubtfulG1 (461).png,DoubtfulG1 (461).png,1,1,1,True
E:\KNEE_fewshot\external\MedicalExpert-I\0Normal\NormalG0 (85).png,NormalG0 (85).png,1,0,0,True
E:\KNEE_fewshot\external\MedicalExpert-I\0Normal\NormalG0 (448).png,NormalG0 (448).png,1,0,0,True
E:\KNEE_fewshot\external\MedicalExpert-I\0Normal\NormalG0 (129).png,NormalG0 (129).png,1,0,0,True
E:\KNEE_fewshot\external\MedicalExpert-I\0Normal\NormalG0 (327).png,NormalG0 (327).png,1,0,0,True
E:\KNEE_fewshot\external\MedicalExpert-I\2Mild\MildG2 (152).png,MildG2 (152).png,1,2,2,True
E:\KNEE_fewshot\external\MedicalExpert-I\4Severe\SevereG4 (169).png,SevereG4 (169).png,1,4,4,True
E:\KNEE_fewshot\external\MedicalExpert-I\0Normal\NormalG0 (257).png,NormalG0 (257).png,1,0,0,True
E:\KNEE_fewshot\external\MedicalExpert-I\1Doubtful\DoubtfulG1 (314).png,DoubtfulG1 (314).png,1,1,1,True
E:\KNEE_fewshot\external\MedicalExpert-I\4Severe\SevereG4 (106).png,SevereG4 (106).png,1,4,4,True
E:\KNEE_fewshot\external\MedicalExpert-I\1Doubtful\DoubtfulG1 (180).png,DoubtfulG1 (180).png,1,1,1,True
E:\KNEE_fewshot\external\MedicalExpert-I\1Doubtful\DoubtfulG1 (8).png,DoubtfulG1 (8).png,1,1,1,True
E:\KNEE_fewshot\external\MedicalExpert-I\1Doubtful\DoubtfulG1 (195).png,DoubtfulG1 (195).png,1,1,1,True
E:\KNEE_fewshot\external\MedicalExpert-I\0Normal\NormalG0 (22).png,NormalG0 (22).png,1,0,0,True
E:\KNEE_fewshot\external\MedicalExpert-I\0Normal\NormalG0 (243).png,NormalG0 (243).png,1,0,0,True
E:\KNEE_fewshot\external\MedicalExpert-I\4Severe\SevereG4 (7).png,SevereG4 (7).png,1,4,4,True
E:\KNEE_fewshot\external\MedicalExpert-I\2Mild\MildG2 (162).png,MildG2 (162).png,1,2,2,True
E:\KNEE_fewshot\external\MedicalExpert-I\0Normal\NormalG0 (350).png,NormalG0 (350).png,1,0,0,True
E:\KNEE_fewshot\external\MedicalExpert-I\2Mild\MildG2 (135).png,MildG2 (135).png,1,2,2,True
E:\KNEE_fewshot\external\MedicalExpert-I\0Normal\NormalG0 (416).png,NormalG0 (416).png,1,0,0,True
E:\KNEE_fewshot\external\MedicalExpert-I\0Normal\NormalG0 (245).png,NormalG0 (245).png,1,0,0,True
E:\KNEE_fewshot\external\MedicalExpert-I\1Doubtful\DoubtfulG1 (125).png,DoubtfulG1 (125).png,1,1,1,True
E:\KNEE_fewshot\external\MedicalExpert-I\0Normal\NormalG0 (415).png,NormalG0 (415).png,1,0,0,True
E:\KNEE_fewshot\external\MedicalExpert-I\1Doubtful\DoubtfulG1 (183).png,DoubtfulG1 (183).png,1,1,1,True
E:\KNEE_fewshot\external\MedicalExpert-I\0Normal\NormalG0 (100).png,NormalG0 (100).png,1,0,0,True
E:\KNEE_fewshot\external\MedicalExpert-I\0Normal\NormalG0 (400).png,NormalG0 (400).png,1,0,0,True
E:\KNEE_fewshot\external\MedicalExpert-I\3Moderate\ModerateG3 (189).png,ModerateG3 (189).png,1,3,3,True
E:\KNEE_fewshot\external\MedicalExpert-I\0Normal\NormalG0 (230).png,NormalG0 (230).png,1,0,0,True
E:\KNEE_fewshot\external\MedicalExpert-I\2Mild\MildG2 (28).png,MildG2 (28).png,1,2,2,True
E:\KNEE_fewshot\external\MedicalExpert-I\1Doubtful\DoubtfulG1 (184).png,DoubtfulG1 (184).png,1,1,1,True
E:\KNEE_fewshot\external\MedicalExpert-I\3Moderate\ModerateG3 (196).png,ModerateG3 (196).png,1,3,3,True
E:\KNEE_fewshot\external\MedicalExpert-I\1Doubtful\DoubtfulG1 (119).png,DoubtfulG1 (119).png,1,1,1,True
E:\KNEE_fewshot\external\MedicalExpert-I\1Doubtful\DoubtfulG1 (232).png,DoubtfulG1 (232).png,1,1,1,True
E:\KNEE_fewshot\external\MedicalExpert-I\1Doubtful\DoubtfulG1 (1).png,DoubtfulG1 (1).png,1,1,1,True
E:\KNEE_fewshot\external\MedicalExpert-I\0Normal\NormalG0 (58).png,NormalG0 (58).png,1,0,0,True
E:\KNEE_fewshot\external\MedicalExpert-I\0Normal\NormalG0 (25).png,NormalG0 (25).png,1,0,0,True
E:\KNEE_fewshot\external\MedicalExpert-I\2Mild\MildG2 (103).png,MildG2 (103).png,1,2,2,True
E:\KNEE_fewshot\external\MedicalExpert-I\3Moderate\ModerateG3 (12).png,ModerateG3 (12).png,1,3,3,True
E:\KNEE_fewshot\external\MedicalExpert-I\1Doubtful\DoubtfulG1 (14).png,DoubtfulG1 (14).png,1,1,1,True
E:\KNEE_fewshot\external\MedicalExpert-I\2Mild\MildG2 (86).png,MildG2 (86).png,1,2,2,True
E:\KNEE_fewshot\external\MedicalExpert-I\0Normal\NormalG0 (299).png,NormalG0 (299).png,2,0,0,True
E:\KNEE_fewshot\external\MedicalExpert-I\1Doubtful\DoubtfulG1 (421).png,DoubtfulG1 (421).png,1,1,1,True
E:\KNEE_fewshot\external\MedicalExpert-I\1Doubtful\DoubtfulG1 (336).png,DoubtfulG1 (336).png,1,1,1,True
E:\KNEE_fewshot\external\MedicalExpert-I\1Doubtful\DoubtfulG1 (187).png,DoubtfulG1 (187).png,1,1,1,True
E:\KNEE_fewshot\external\MedicalExpert-I\0Normal\NormalG0 (470).png,NormalG0 (470).png,1,0,0,True
E:\KNEE_fewshot\external\MedicalExpert-I\0Normal\NormalG0 (136).png,NormalG0 (136).png,1,0,0,True
E:\KNEE_fewshot\external\MedicalExpert-I\1Doubtful\DoubtfulG1 (41).png,DoubtfulG1 (41).png,1,1,1,True
E:\KNEE_fewshot\external\MedicalExpert-I\3Moderate\ModerateG3 (147).png,ModerateG3 (147).png,1,3,3,True
E:\KNEE_fewshot\external\MedicalExpert-I\1Doubtful\DoubtfulG1 (143).png,DoubtfulG1 (143).png,1,1,1,True
E:\KNEE_fewshot\external\MedicalExpert-I\1Doubtful\DoubtfulG1 (234).png,DoubtfulG1 (234).png,1,1,1,True
E:\KNEE_fewshot\external\MedicalExpert-I\1Doubtful\DoubtfulG1 (463).png,DoubtfulG1 (463).png,1,1,1,True
E:\KNEE_fewshot\external\MedicalExpert-I\1Doubtful\DoubtfulG1 (422).png,DoubtfulG1 (422).png,1,1,1,True
E:\KNEE_fewshot\external\MedicalExpert-I\0Normal\NormalG0 (183).png,NormalG0 (183).png,1,0,0,True
E:\KNEE_fewshot\external\MedicalExpert-I\3Moderate\ModerateG3 (132).png,ModerateG3 (132).png,1,3,3,True
E:\KNEE_fewshot\external\MedicalExpert-I\0Normal\NormalG0 (253).png,NormalG0 (253).png,1,0,0,True
E:\KNEE_fewshot\external\MedicalExpert-I\4Severe\SevereG4 (85).png,SevereG4 (85).png,1,4,4,True
E:\KNEE_fewshot\external\MedicalExpert-I\1Doubtful\DoubtfulG1 (231).png,DoubtfulG1 (231).png,1,1,1,True
E:\KNEE_fewshot\external\MedicalExpert-I\1Doubtful\DoubtfulG1 (31).png,DoubtfulG1 (31).png,1,1,1,True
E:\KNEE_fewshot\external\MedicalExpert-I\1Doubtful\DoubtfulG1 (89).png,DoubtfulG1 (89).png,1,1,1,True
E:\KNEE_fewshot\external\MedicalExpert-I\3Moderate\ModerateG3 (181).png,ModerateG3 (181).png,1,3,3,True
E:\KNEE_fewshot\external\MedicalExpert-I\1Doubtful\DoubtfulG1 (347).png,DoubtfulG1 (347).png,1,1,1,True
E:\KNEE_fewshot\external\MedicalExpert-I\3Moderate\ModerateG3 (198).png,ModerateG3 (198).png,1,3,3,True
E:\KNEE_fewshot\external\MedicalExpert-I\0Normal\NormalG0 (165).png,NormalG0 (165).png,1,0,0,True
E:\KNEE_fewshot\external\MedicalExpert-I\4Severe\SevereG4 (197).png,SevereG4 (197).png,1,4,4,True
E:\KNEE_fewshot\external\MedicalExpert-I\4Severe\SevereG4 (155).png,SevereG4 (155).png,1,4,4,True
E:\KNEE_fewshot\external\MedicalExpert-I\0Normal\NormalG0 (379).png,NormalG0 (379).png,1,0,1,False
E:\KNEE_fewshot\external\MedicalExpert-I\0Normal\NormalG0 (75).png,NormalG0 (75).png,1,0,0,True
E:\KNEE_fewshot\external\MedicalExpert-I\1Doubtful\DoubtfulG1 (376).png,DoubtfulG1 (376).png,1,1,1,True
E:\KNEE_fewshot\external\MedicalExpert-I\0Normal\NormalG0 (65).png,NormalG0 (65).png,1,0,0,True
E:\KNEE_fewshot\external\MedicalExpert-I\2Mild\MildG2 (22).png,MildG2 (22).png,1,2,2,True
E:\KNEE_fewshot\external\MedicalExpert-I\0Normal\NormalG0 (436).png,NormalG0 (436).png,1,0,0,True
E:\KNEE_fewshot\external\MedicalExpert-I\1Doubtful\DoubtfulG1 (174).png,DoubtfulG1 (174).png,1,1,1,True
E:\KNEE_fewshot\external\MedicalExpert-I\3Moderate\ModerateG3 (171).png,ModerateG3 (171).png,1,3,3,True
E:\KNEE_fewshot\external\MedicalExpert-I\1Doubtful\DoubtfulG1 (71).png,DoubtfulG1 (71).png,1,1,1,True
E:\KNEE_fewshot\external\MedicalExpert-I\1Doubtful\DoubtfulG1 (269).png,DoubtfulG1 (269).png,1,1,1,True
E:\KNEE_fewshot\external\MedicalExpert-I\0Normal\NormalG0 (425).png,NormalG0 (425).png,1,0,0,True
E:\KNEE_fewshot\external\MedicalExpert-I\1Doubtful\DoubtfulG1 (377).png,DoubtfulG1 (377).png,1,1,1,True
E:\KNEE_fewshot\external\MedicalExpert-I\0Normal\NormalG0 (135).png,NormalG0 (135).png,1,0,0,True
E:\KNEE_fewshot\external\MedicalExpert-I\0Normal\NormalG0 (49).png,NormalG0 (49).png,1,0,0,True
E:\KNEE_fewshot\external\MedicalExpert-I\0Normal\NormalG0 (351).png,NormalG0 (351).png,1,0,0,True
E:\KNEE_fewshot\external\MedicalExpert-I\0Normal\NormalG0 (406).png,NormalG0 (406).png,1,0,0,True
E:\KNEE_fewshot\external\MedicalExpert-I\0Normal\NormalG0 (298).png,NormalG0 (298).png,1,0,0,True
E:\KNEE_fewshot\external\MedicalExpert-I\4Severe\SevereG4 (73).png,SevereG4 (73).png,1,4,4,True
E:\KNEE_fewshot\external\MedicalExpert-I\4Severe\SevereG4 (164).png,SevereG4 (164).png,1,4,4,True
E:\KNEE_fewshot\external\MedicalExpert-I\2Mild\MildG2 (167).png,MildG2 (167).png,1,2,2,True
E:\KNEE_fewshot\external\MedicalExpert-I\0Normal\NormalG0 (505).png,NormalG0 (505).png,1,0,0,True
E:\KNEE_fewshot\external\MedicalExpert-I\4Severe\SevereG4 (159).png,SevereG4 (159).png,1,4,4,True
E:\KNEE_fewshot\external\MedicalExpert-I\2Mild\MildG2 (156).png,MildG2 (156).png,1,2,2,True
E:\KNEE_fewshot\external\MedicalExpert-I\2Mild\MildG2 (223).png,MildG2 (223).png,1,2,2,True
E:\KNEE_fewshot\external\MedicalExpert-I\4Severe\SevereG4 (139).png,SevereG4 (139).png,1,4,4,True
E:\KNEE_fewshot\external\MedicalExpert-I\0Normal\NormalG0 (469).png,NormalG0 (469).png,1,0,0,True
E:\KNEE_fewshot\external\MedicalExpert-I\1Doubtful\DoubtfulG1 (383).png,DoubtfulG1 (383).png,2,1,1,True
E:\KNEE_fewshot\external\MedicalExpert-I\1Doubtful\DoubtfulG1 (251).png,DoubtfulG1 (251).png,1,1,1,True
E:\KNEE_fewshot\external\MedicalExpert-I\1Doubtful\DoubtfulG1 (175).png,DoubtfulG1 (175).png,1,1,1,True
E:\KNEE_fewshot\external\MedicalExpert-I\1Doubtful\DoubtfulG1 (130).png,DoubtfulG1 (130).png,1,1,1,True
E:\KNEE_fewshot\external\MedicalExpert-I\3Moderate\ModerateG3 (113).png,ModerateG3 (113).png,1,3,3,True
E:\KNEE_fewshot\external\MedicalExpert-I\3Moderate\ModerateG3 (167).png,ModerateG3 (167).png,1,3,3,True
E:\KNEE_fewshot\external\MedicalExpert-I\4Severe\SevereG4 (57).png,SevereG4 (57).png,1,4,4,True
E:\KNEE_fewshot\external\MedicalExpert-I\0Normal\NormalG0 (110).png,NormalG0 (110).png,1,0,0,True
E:\KNEE_fewshot\external\MedicalExpert-I\1Doubtful\DoubtfulG1 (327).png,DoubtfulG1 (327).png,1,1,1,True
E:\KNEE_fewshot\external\MedicalExpert-I\0Normal\NormalG0 (249).png,NormalG0 (249).png,1,0,0,True
E:\KNEE_fewshot\external\MedicalExpert-I\0Normal\NormalG0 (115).png,NormalG0 (115).png,1,0,0,True
E:\KNEE_fewshot\external\MedicalExpert-I\1Doubtful\DoubtfulG1 (241).png,DoubtfulG1 (241).png,1,1,1,True
E:\KNEE_fewshot\external\MedicalExpert-I\1Doubtful\DoubtfulG1 (45).png,DoubtfulG1 (45).png,1,1,1,True
E:\KNEE_fewshot\external\MedicalExpert-I\3Moderate\ModerateG3 (17).png,ModerateG3 (17).png,1,3,3,True
E:\KNEE_fewshot\external\MedicalExpert-I\3Moderate\ModerateG3 (44).png,ModerateG3 (44).png,1,3,3,True
E:\KNEE_fewshot\external\MedicalExpert-I\0Normal\NormalG0 (410).png,NormalG0 (410).png,1,0,0,True
E:\KNEE_fewshot\external\MedicalExpert-I\4Severe\SevereG4 (204).png,SevereG4 (204).png,1,4,4,True
E:\KNEE_fewshot\external\MedicalExpert-I\1Doubtful\DoubtfulG1 (63).png,DoubtfulG1 (63).png,1,1,1,True
E:\KNEE_fewshot\external\MedicalExpert-I\0Normal\NormalG0 (196).png,NormalG0 (196).png,1,0,0,True
E:\KNEE_fewshot\external\MedicalExpert-I\4Severe\SevereG4 (92).png,SevereG4 (92).png,1,4,4,True
E:\KNEE_fewshot\external\MedicalExpert-I\0Normal\NormalG0 (461).png,NormalG0 (461).png,1,0,0,True
E:\KNEE_fewshot\external\MedicalExpert-I\0Normal\NormalG0 (174).png,NormalG0 (174).png,1,0,0,True
E:\KNEE_fewshot\external\MedicalExpert-I\0Normal\NormalG0 (396).png,NormalG0 (396).png,1,0,0,True
E:\KNEE_fewshot\external\MedicalExpert-I\1Doubtful\DoubtfulG1 (179).png,DoubtfulG1 (179).png,1,1,1,True
E:\KNEE_fewshot\external\MedicalExpert-I\0Normal\NormalG0 (385).png,NormalG0 (385).png,1,0,0,True
E:\KNEE_fewshot\external\MedicalExpert-I\0Normal\NormalG0 (251).png,NormalG0 (251).png,1,0,0,True
E:\KNEE_fewshot\external\MedicalExpert-I\4Severe\SevereG4 (82).png,SevereG4 (82).png,1,4,4,True
E:\KNEE_fewshot\external\MedicalExpert-I\2Mild\MildG2 (104).png,MildG2 (104).png,1,2,2,True
E:\KNEE_fewshot\external\MedicalExpert-I\4Severe\SevereG4 (148).png,SevereG4 (148).png,1,4,4,True
E:\KNEE_fewshot\external\MedicalExpert-I\3Moderate\ModerateG3 (37).png,ModerateG3 (37).png,2,3,3,True
E:\KNEE_fewshot\external\MedicalExpert-I\1Doubtful\DoubtfulG1 (459).png,DoubtfulG1 (459).png,1,1,1,True
E:\KNEE_fewshot\external\MedicalExpert-I\4Severe\SevereG4 (35).png,SevereG4 (35).png,1,4,4,True
E:\KNEE_fewshot\external\MedicalExpert-I\4Severe\SevereG4 (162).png,SevereG4 (162).png,1,4,4,True
E:\KNEE_fewshot\external\MedicalExpert-I\4Severe\SevereG4 (105).png,SevereG4 (105).png,1,4,4,True
E:\KNEE_fewshot\external\MedicalExpert-I\4Severe\SevereG4 (93).png,SevereG4 (93).png,1,4,4,True
E:\KNEE_fewshot\external\MedicalExpert-I\0Normal\NormalG0 (440).png,NormalG0 (440).png,1,0,0,True
E:\KNEE_fewshot\external\MedicalExpert-I\0Normal\NormalG0 (248).png,NormalG0 (248).png,1,0,0,True
E:\KNEE_fewshot\external\MedicalExpert-I\1Doubtful\DoubtfulG1 (197).png,DoubtfulG1 (197).png,1,1,1,True
E:\KNEE_fewshot\external\MedicalExpert-I\1Doubtful\DoubtfulG1 (407).png,DoubtfulG1 (407).png,1,1,1,True
E:\KNEE_fewshot\external\MedicalExpert-I\2Mild\MildG2 (58).png,MildG2 (58).png,1,2,2,True
E:\KNEE_fewshot\external\MedicalExpert-I\0Normal\NormalG0 (366).png,NormalG0 (366).png,1,0,0,True
E:\KNEE_fewshot\external\MedicalExpert-I\3Moderate\ModerateG3 (124).png,ModerateG3 (124).png,1,3,3,True
E:\KNEE_fewshot\external\MedicalExpert-I\0Normal\NormalG0 (4).png,NormalG0 (4).png,1,0,0,True
E:\KNEE_fewshot\external\MedicalExpert-I\0Normal\NormalG0 (471).png,NormalG0 (471).png,1,0,0,True
E:\KNEE_fewshot\external\MedicalExpert-I\1Doubtful\DoubtfulG1 (20).png,DoubtfulG1 (20).png,1,1,1,True
E:\KNEE_fewshot\external\MedicalExpert-I\0Normal\NormalG0 (426).png,NormalG0 (426).png,1,0,0,True
E:\KNEE_fewshot\external\MedicalExpert-I\0Normal\NormalG0 (188).png,NormalG0 (188).png,1,0,0,True
E:\KNEE_fewshot\external\MedicalExpert-I\0Normal\NormalG0 (488).png,NormalG0 (488).png,1,0,0,True
E:\KNEE_fewshot\external\MedicalExpert-I\0Normal\NormalG0 (108).png,NormalG0 (108).png,1,0,0,True
E:\KNEE_fewshot\external\MedicalExpert-I\1Doubtful\DoubtfulG1 (329).png,DoubtfulG1 (329).png,2,1,1,True
E:\KNEE_fewshot\external\MedicalExpert-I\1Doubtful\DoubtfulG1 (160).png,DoubtfulG1 (160).png,1,1,1,True
E:\KNEE_fewshot\external\MedicalExpert-I\1Doubtful\DoubtfulG1 (121).png,DoubtfulG1 (121).png,1,1,1,True
E:\KNEE_fewshot\external\MedicalExpert-I\1Doubtful\DoubtfulG1 (281).png,DoubtfulG1 (281).png,1,1,1,True
E:\KNEE_fewshot\external\MedicalExpert-I\3Moderate\ModerateG3 (71).png,ModerateG3 (71).png,1,3,3,True
E:\KNEE_fewshot\external\MedicalExpert-I\1Doubtful\DoubtfulG1 (444).png,DoubtfulG1 (444).png,1,1,1,True
E:\KNEE_fewshot\external\MedicalExpert-I\4Severe\SevereG4 (42).png,SevereG4 (42).png,1,4,4,True
E:\KNEE_fewshot\external\MedicalExpert-I\0Normal\NormalG0 (330).png,NormalG0 (330).png,1,0,0,True
E:\KNEE_fewshot\external\MedicalExpert-I\4Severe\SevereG4 (125).png,SevereG4 (125).png,1,4,4,True
E:\KNEE_fewshot\external\MedicalExpert-I\0Normal\NormalG0 (186).png,NormalG0 (186).png,1,0,0,True
E:\KNEE_fewshot\external\MedicalExpert-I\3Moderate\ModerateG3 (15).png,ModerateG3 (15).png,1,3,3,True
E:\KNEE_fewshot\external\MedicalExpert-I\3Moderate\ModerateG3 (138).png,ModerateG3 (138).png,1,3,3,True
E:\KNEE_fewshot\external\MedicalExpert-I\0Normal\NormalG0 (181).png,NormalG0 (181).png,1,0,0,True
E:\KNEE_fewshot\external\MedicalExpert-I\4Severe\SevereG4 (88).png,SevereG4 (88).png,1,4,4,True
E:\KNEE_fewshot\external\MedicalExpert-I\1Doubtful\DoubtfulG1 (34).png,DoubtfulG1 (34).png,1,1,1,True
E:\KNEE_fewshot\external\MedicalExpert-I\1Doubtful\DoubtfulG1 (432).png,DoubtfulG1 (432).png,1,1,1,True
E:\KNEE_fewshot\external\MedicalExpert-I\3Moderate\ModerateG3 (103).png,ModerateG3 (103).png,1,3,3,True
E:\KNEE_fewshot\external\MedicalExpert-I\0Normal\NormalG0 (27).png,NormalG0 (27).png,1,0,0,True
E:\KNEE_fewshot\external\MedicalExpert-I\2Mild\MildG2 (44).png,MildG2 (44).png,1,2,2,True
E:\KNEE_fewshot\external\MedicalExpert-I\1Doubtful\DoubtfulG1 (458).png,DoubtfulG1 (458).png,1,1,1,True
E:\KNEE_fewshot\external\MedicalExpert-I\0Normal\NormalG0 (219).png,NormalG0 (219).png,1,0,0,True
E:\KNEE_fewshot\external\MedicalExpert-I\1Doubtful\DoubtfulG1 (33).png,DoubtfulG1 (33).png,1,1,1,True
E:\KNEE_fewshot\external\MedicalExpert-I\1Doubtful\DoubtfulG1 (193).png,DoubtfulG1 (193).png,1,1,1,True
E:\KNEE_fewshot\external\MedicalExpert-I\1Doubtful\DoubtfulG1 (340).png,DoubtfulG1 (340).png,1,1,1,True
E:\KNEE_fewshot\external\MedicalExpert-I\0Normal\NormalG0 (324).png,NormalG0 (324).png,1,0,0,True
E:\KNEE_fewshot\external\MedicalExpert-I\2Mild\MildG2 (69).png,MildG2 (69).png,1,2,2,True
E:\KNEE_fewshot\external\MedicalExpert-I\1Doubtful\DoubtfulG1 (256).png,DoubtfulG1 (256).png,1,1,1,True
E:\KNEE_fewshot\external\MedicalExpert-I\0Normal\NormalG0 (457).png,NormalG0 (457).png,2,0,0,True
E:\KNEE_fewshot\external\MedicalExpert-I\4Severe\SevereG4 (41).png,SevereG4 (41).png,1,4,4,True
E:\KNEE_fewshot\external\MedicalExpert-I\3Moderate\ModerateG3 (38).png,ModerateG3 (38).png,1,3,3,True
E:\KNEE_fewshot\external\MedicalExpert-I\2Mild\MildG2 (59).png,MildG2 (59).png,1,2,2,True
E:\KNEE_fewshot\external\MedicalExpert-I\0Normal\NormalG0 (21).png,NormalG0 (21).png,1,0,0,True
E:\KNEE_fewshot\external\MedicalExpert-I\2Mild\MildG2 (70).png,MildG2 (70).png,1,2,2,True
E:\KNEE_fewshot\external\MedicalExpert-I\3Moderate\ModerateG3 (151).png,ModerateG3 (151).png,1,3,3,True
E:\KNEE_fewshot\external\MedicalExpert-I\0Normal\NormalG0 (514).png,NormalG0 (514).png,1,0,0,True
E:\KNEE_fewshot\external\MedicalExpert-I\2Mild\MildG2 (12).png,MildG2 (12).png,1,2,2,True
E:\KNEE_fewshot\external\MedicalExpert-I\2Mild\MildG2 (225).png,MildG2 (225).png,1,2,2,True
E:\KNEE_fewshot\external\MedicalExpert-I\0Normal\NormalG0 (395).png,NormalG0 (395).png,2,0,0,True
E:\KNEE_fewshot\external\MedicalExpert-I\0Normal\NormalG0 (207).png,NormalG0 (207).png,1,0,0,True
E:\KNEE_fewshot\external\MedicalExpert-I\3Moderate\ModerateG3 (173).png,ModerateG3 (173).png,1,3,3,True
E:\KNEE_fewshot\external\MedicalExpert-I\0Normal\NormalG0 (204).png,NormalG0 (204).png,2,0,0,True
E:\KNEE_fewshot\external\MedicalExpert-I\3Moderate\ModerateG3 (33).png,ModerateG3 (33).png,1,3,3,True
E:\KNEE_fewshot\external\MedicalExpert-I\3Moderate\ModerateG3 (145).png,ModerateG3 (145).png,1,3,3,True
E:\KNEE_fewshot\external\MedicalExpert-I\4Severe\SevereG4 (187).png,SevereG4 (187).png,1,4,4,True
E:\KNEE_fewshot\external\MedicalExpert-I\2Mild\MildG2 (118).png,MildG2 (118).png,1,2,2,True
E:\KNEE_fewshot\external\MedicalExpert-I\1Doubtful\DoubtfulG1 (468).png,DoubtfulG1 (468).png,1,1,1,True
E:\KNEE_fewshot\external\MedicalExpert-I\2Mild\MildG2 (144).png,MildG2 (144).png,1,2,2,True
E:\KNEE_fewshot\external\MedicalExpert-I\2Mild\MildG2 (203).png,MildG2 (203).png,1,2,2,True
E:\KNEE_fewshot\external\MedicalExpert-I\1Doubtful\DoubtfulG1 (276).png,DoubtfulG1 (276).png,1,1,1,True
E:\KNEE_fewshot\external\MedicalExpert-I\2Mild\MildG2 (151).png,MildG2 (151).png,1,2,2,True
E:\KNEE_fewshot\external\MedicalExpert-I\1Doubtful\DoubtfulG1 (306).png,DoubtfulG1 (306).png,1,1,1,True
E:\KNEE_fewshot\external\MedicalExpert-I\4Severe\SevereG4 (172).png,SevereG4 (172).png,1,4,4,True
E:\KNEE_fewshot\external\MedicalExpert-I\0Normal\NormalG0 (227).png,NormalG0 (227).png,1,0,0,True
E:\KNEE_fewshot\external\MedicalExpert-I\2Mild\MildG2 (47).png,MildG2 (47).png,1,2,2,True
E:\KNEE_fewshot\external\MedicalExpert-I\2Mild\MildG2 (61).png,MildG2 (61).png,1,2,2,True
E:\KNEE_fewshot\external\MedicalExpert-I\4Severe\SevereG4 (174).png,SevereG4 (174).png,1,4,4,True
E:\KNEE_fewshot\external\MedicalExpert-I\3Moderate\ModerateG3 (59).png,ModerateG3 (59).png,1,3,3,True
E:\KNEE_fewshot\external\MedicalExpert-I\0Normal\NormalG0 (404).png,NormalG0 (404).png,1,0,0,True
E:\KNEE_fewshot\external\MedicalExpert-I\3Moderate\ModerateG3 (60).png,ModerateG3 (60).png,1,3,3,True
E:\KNEE_fewshot\external\MedicalExpert-I\0Normal\NormalG0 (393).png,NormalG0 (393).png,1,0,0,True
E:\KNEE_fewshot\external\MedicalExpert-I\1Doubtful\DoubtfulG1 (92).png,DoubtfulG1 (92).png,1,1,1,True
E:\KNEE_fewshot\external\MedicalExpert-I\3Moderate\ModerateG3 (65).png,ModerateG3 (65).png,1,3,3,True
E:\KNEE_fewshot\external\MedicalExpert-I\1Doubtful\DoubtfulG1 (220).png,DoubtfulG1 (220).png,1,1,1,True
E:\KNEE_fewshot\external\MedicalExpert-I\1Doubtful\DoubtfulG1 (42).png,DoubtfulG1 (42).png,1,1,1,True
E:\KNEE_fewshot\external\MedicalExpert-I\0Normal\NormalG0 (130).png,NormalG0 (130).png,1,0,0,True
E:\KNEE_fewshot\external\MedicalExpert-I\1Doubtful\DoubtfulG1 (214).png,DoubtfulG1 (214).png,1,1,1,True
E:\KNEE_fewshot\external\MedicalExpert-I\0Normal\NormalG0 (177).png,NormalG0 (177).png,1,0,0,True
E:\KNEE_fewshot\external\MedicalExpert-I\1Doubtful\DoubtfulG1 (28).png,DoubtfulG1 (28).png,1,1,1,True
E:\KNEE_fewshot\external\MedicalExpert-I\1Doubtful\DoubtfulG1 (101).png,DoubtfulG1 (101).png,1,1,1,True
E:\KNEE_fewshot\external\MedicalExpert-I\1Doubtful\DoubtfulG1 (114).png,DoubtfulG1 (114).png,1,1,1,True
E:\KNEE_fewshot\external\MedicalExpert-I\0Normal\NormalG0 (492).png,NormalG0 (492).png,1,0,0,True
E:\KNEE_fewshot\external\MedicalExpert-I\2Mild\MildG2 (228).png,MildG2 (228).png,1,2,2,True
E:\KNEE_fewshot\external\MedicalExpert-I\1Doubtful\DoubtfulG1 (352).png,DoubtfulG1 (352).png,1,1,1,True
E:\KNEE_fewshot\external\MedicalExpert-I\1Doubtful\DoubtfulG1 (16).png,DoubtfulG1 (16).png,1,1,1,True
E:\KNEE_fewshot\external\MedicalExpert-I\4Severe\SevereG4 (144).png,SevereG4 (144).png,1,4,4,True
E:\KNEE_fewshot\external\MedicalExpert-I\0Normal\NormalG0 (261).png,NormalG0 (261).png,1,0,0,True
E:\KNEE_fewshot\external\MedicalExpert-I\1Doubtful\DoubtfulG1 (24).png,DoubtfulG1 (24).png,1,1,1,True
E:\KNEE_fewshot\external\MedicalExpert-I\0Normal\NormalG0 (210).png,NormalG0 (210).png,1,0,0,True
E:\KNEE_fewshot\external\MedicalExpert-I\1Doubtful\DoubtfulG1 (201).png,DoubtfulG1 (201).png,1,1,1,True
E:\KNEE_fewshot\external\MedicalExpert-I\1Doubtful\DoubtfulG1 (315).png,DoubtfulG1 (315).png,1,1,1,True
E:\KNEE_fewshot\external\MedicalExpert-I\1Doubtful\DoubtfulG1 (326).png,DoubtfulG1 (326).png,1,1,1,True
E:\KNEE_fewshot\external\MedicalExpert-I\3Moderate\ModerateG3 (5).png,ModerateG3 (5).png,1,3,3,True
E:\KNEE_fewshot\external\MedicalExpert-I\1Doubtful\DoubtfulG1 (289).png,DoubtfulG1 (289).png,1,1,1,True
E:\KNEE_fewshot\external\MedicalExpert-I\4Severe\SevereG4 (75).png,SevereG4 (75).png,1,4,4,True
E:\KNEE_fewshot\external\MedicalExpert-I\1Doubtful\DoubtfulG1 (204).png,DoubtfulG1 (204).png,1,1,1,True
E:\KNEE_fewshot\external\MedicalExpert-I\1Doubtful\DoubtfulG1 (75).png,DoubtfulG1 (75).png,1,1,1,True
E:\KNEE_fewshot\external\MedicalExpert-I\0Normal\NormalG0 (15).png,NormalG0 (15).png,1,0,0,True
E:\KNEE_fewshot\external\MedicalExpert-I\3Moderate\ModerateG3 (22).png,ModerateG3 (22).png,1,3,3,True
E:\KNEE_fewshot\external\MedicalExpert-I\0Normal\NormalG0 (142).png,NormalG0 (142).png,1,0,0,True
E:\KNEE_fewshot\external\MedicalExpert-I\0Normal\NormalG0 (493).png,NormalG0 (493).png,1,0,0,True
E:\KNEE_fewshot\external\MedicalExpert-I\3Moderate\ModerateG3 (193).png,ModerateG3 (193).png,1,3,3,True
E:\KNEE_fewshot\external\MedicalExpert-I\0Normal\NormalG0 (1).png,NormalG0 (1).png,1,0,0,True
E:\KNEE_fewshot\external\MedicalExpert-I\1Doubtful\DoubtfulG1 (321).png,DoubtfulG1 (321).png,1,1,1,True
E:\KNEE_fewshot\external\MedicalExpert-I\1Doubtful\DoubtfulG1 (102).png,DoubtfulG1 (102).png,1,1,1,True
E:\KNEE_fewshot\external\MedicalExpert-I\0Normal\NormalG0 (376).png,NormalG0 (376).png,1,0,0,True
E:\KNEE_fewshot\external\MedicalExpert-I\1Doubtful\DoubtfulG1 (109).png,DoubtfulG1 (109).png,1,1,1,True
E:\KNEE_fewshot\external\MedicalExpert-I\4Severe\SevereG4 (33).png,SevereG4 (33).png,1,4,4,True
E:\KNEE_fewshot\external\MedicalExpert-I\0Normal\NormalG0 (19).png,NormalG0 (19).png,1,0,0,True
E:\KNEE_fewshot\external\MedicalExpert-I\0Normal\NormalG0 (247).png,NormalG0 (247).png,1,0,0,True
E:\KNEE_fewshot\external\MedicalExpert-I\1Doubtful\DoubtfulG1 (91).png,DoubtfulG1 (91).png,1,1,1,True
E:\KNEE_fewshot\external\MedicalExpert-I\1Doubtful\DoubtfulG1 (244).png,DoubtfulG1 (244).png,1,1,1,True
E:\KNEE_fewshot\external\MedicalExpert-I\1Doubtful\DoubtfulG1 (106).png,DoubtfulG1 (106).png,1,1,1,True
E:\KNEE_fewshot\external\MedicalExpert-I\4Severe\SevereG4 (122).png,SevereG4 (122).png,1,4,4,True
E:\KNEE_fewshot\external\MedicalExpert-I\4Severe\SevereG4 (6).png,SevereG4 (6).png,1,4,4,True
E:\KNEE_fewshot\external\MedicalExpert-I\3Moderate\ModerateG3 (187).png,ModerateG3 (187).png,1,3,3,True
E:\KNEE_fewshot\external\MedicalExpert-I\1Doubtful\DoubtfulG1 (385).png,DoubtfulG1 (385).png,1,1,1,True
E:\KNEE_fewshot\external\MedicalExpert-I\3Moderate\ModerateG3 (45).png,ModerateG3 (45).png,1,3,3,True
E:\KNEE_fewshot\external\MedicalExpert-I\3Moderate\ModerateG3 (102).png,ModerateG3 (102).png,1,3,3,True
E:\KNEE_fewshot\external\MedicalExpert-I\4Severe\SevereG4 (132).png,SevereG4 (132).png,1,4,4,True
E:\KNEE_fewshot\external\MedicalExpert-I\0Normal\NormalG0 (206).png,NormalG0 (206).png,1,0,0,True
E:\KNEE_fewshot\external\MedicalExpert-I\0Normal\NormalG0 (428).png,NormalG0 (428).png,1,0,0,True
E:\KNEE_fewshot\external\MedicalExpert-I\3Moderate\ModerateG3 (93).png,ModerateG3 (93).png,1,3,3,True
E:\KNEE_fewshot\external\MedicalExpert-I\0Normal\NormalG0 (365).png,NormalG0 (365).png,1,0,0,True
E:\KNEE_fewshot\external\MedicalExpert-I\2Mild\MildG2 (150).png,MildG2 (150).png,1,2,2,True
E:\KNEE_fewshot\external\MedicalExpert-I\4Severe\SevereG4 (25).png,SevereG4 (25).png,1,4,4,True
E:\KNEE_fewshot\external\MedicalExpert-I\1Doubtful\DoubtfulG1 (40).png,DoubtfulG1 (40).png,1,1,1,True
E:\KNEE_fewshot\external\MedicalExpert-I\3Moderate\ModerateG3 (201).png,ModerateG3 (201).png,1,3,3,True
E:\KNEE_fewshot\external\MedicalExpert-I\0Normal\NormalG0 (497).png,NormalG0 (497).png,1,0,0,True
E:\KNEE_fewshot\external\MedicalExpert-I\0Normal\NormalG0 (156).png,NormalG0 (156).png,1,0,0,True
E:\KNEE_fewshot\external\MedicalExpert-I\4Severe\SevereG4 (77).png,SevereG4 (77).png,1,4,4,True
E:\KNEE_fewshot\external\MedicalExpert-I\4Severe\SevereG4 (58).png,SevereG4 (58).png,1,4,4,True
E:\KNEE_fewshot\external\MedicalExpert-I\4Severe\SevereG4 (50).png,SevereG4 (50).png,1,4,4,True
E:\KNEE_fewshot\external\MedicalExpert-I\0Normal\NormalG0 (464).png,NormalG0 (464).png,2,0,0,True
E:\KNEE_fewshot\external\MedicalExpert-I\0Normal\NormalG0 (170).png,NormalG0 (170).png,1,0,0,True
E:\KNEE_fewshot\external\MedicalExpert-I\2Mild\MildG2 (88).png,MildG2 (88).png,1,2,2,True
E:\KNEE_fewshot\external\MedicalExpert-I\1Doubtful\DoubtfulG1 (54).png,DoubtfulG1 (54).png,1,1,1,True
E:\KNEE_fewshot\external\MedicalExpert-I\4Severe\SevereG4 (3).png,SevereG4 (3).png,1,4,4,True
E:\KNEE_fewshot\external\MedicalExpert-I\1Doubtful\DoubtfulG1 (400).png,DoubtfulG1 (400).png,1,1,1,True
E:\KNEE_fewshot\external\MedicalExpert-I\4Severe\SevereG4 (127).png,SevereG4 (127).png,1,4,4,True
E:\KNEE_fewshot\external\MedicalExpert-I\0Normal\NormalG0 (509).png,NormalG0 (509).png,1,0,1,False
E:\KNEE_fewshot\external\MedicalExpert-I\2Mild\MildG2 (145).png,MildG2 (145).png,1,2,2,True
E:\KNEE_fewshot\external\MedicalExpert-I\4Severe\SevereG4 (61).png,SevereG4 (61).png,1,4,4,True
E:\KNEE_fewshot\external\MedicalExpert-I\0Normal\NormalG0 (255).png,NormalG0 (255).png,1,0,0,True
E:\KNEE_fewshot\external\MedicalExpert-I\4Severe\SevereG4 (91).png,SevereG4 (91).png,1,4,4,True
E:\KNEE_fewshot\external\MedicalExpert-I\0Normal\NormalG0 (105).png,NormalG0 (105).png,1,0,0,True
E:\KNEE_fewshot\external\MedicalExpert-I\2Mild\MildG2 (153).png,MildG2 (153).png,1,2,2,True
E:\KNEE_fewshot\external\MedicalExpert-I\0Normal\NormalG0 (510).png,NormalG0 (510).png,1,0,0,True
E:\KNEE_fewshot\external\MedicalExpert-I\0Normal\NormalG0 (423).png,NormalG0 (423).png,1,0,0,True
E:\KNEE_fewshot\external\MedicalExpert-I\0Normal\NormalG0 (121).png,NormalG0 (121).png,1,0,0,True
E:\KNEE_fewshot\external\MedicalExpert-I\1Doubtful\DoubtfulG1 (391).png,DoubtfulG1 (391).png,1,1,1,True
E:\KNEE_fewshot\external\MedicalExpert-I\0Normal\NormalG0 (439).png,NormalG0 (439).png,1,0,0,True
E:\KNEE_fewshot\external\MedicalExpert-I\4Severe\SevereG4 (138).png,SevereG4 (138).png,1,4,4,True
E:\KNEE_fewshot\external\MedicalExpert-I\3Moderate\ModerateG3 (55).png,ModerateG3 (55).png,1,3,3,True
E:\KNEE_fewshot\external\MedicalExpert-I\0Normal\NormalG0 (94).png,NormalG0 (94).png,1,0,0,True
E:\KNEE_fewshot\external\MedicalExpert-I\0Normal\NormalG0 (80).png,NormalG0 (80).png,1,0,0,True
E:\KNEE_fewshot\external\MedicalExpert-I\0Normal\NormalG0 (38).png,NormalG0 (38).png,1,0,0,True
E:\KNEE_fewshot\external\MedicalExpert-I\1Doubtful\DoubtfulG1 (127).png,DoubtfulG1 (127).png,1,1,1,True
E:\KNEE_fewshot\external\MedicalExpert-I\1Doubtful\DoubtfulG1 (341).png,DoubtfulG1 (341).png,1,1,1,True
E:\KNEE_fewshot\external\MedicalExpert-I\0Normal\NormalG0 (233).png,NormalG0 (233).png,1,0,0,True
E:\KNEE_fewshot\external\MedicalExpert-I\0Normal\NormalG0 (211).png,NormalG0 (211).png,1,0,0,True
E:\KNEE_fewshot\external\MedicalExpert-I\1Doubtful\DoubtfulG1 (353).png,DoubtfulG1 (353).png,1,1,1,True
E:\KNEE_fewshot\external\MedicalExpert-I\0Normal\NormalG0 (107).png,NormalG0 (107).png,1,0,0,True
E:\KNEE_fewshot\external\MedicalExpert-I\3Moderate\ModerateG3 (122).png,ModerateG3 (122).png,2,3,3,True
E:\KNEE_fewshot\external\MedicalExpert-I\4Severe\SevereG4 (160).png,SevereG4 (160).png,1,4,4,True
E:\KNEE_fewshot\external\MedicalExpert-I\0Normal\NormalG0 (202).png,NormalG0 (202).png,2,0,0,True
E:\KNEE_fewshot\external\MedicalExpert-I\4Severe\SevereG4 (97).png,SevereG4 (97).png,1,4,4,True
E:\KNEE_fewshot\external\MedicalExpert-I\0Normal\NormalG0 (309).png,NormalG0 (309).png,1,0,0,True
E:\KNEE_fewshot\external\MedicalExpert-I\3Moderate\ModerateG3 (204).png,ModerateG3 (204).png,1,3,3,True
E:\KNEE_fewshot\external\MedicalExpert-I\1Doubtful\DoubtfulG1 (285).png,DoubtfulG1 (285).png,1,1,1,True
E:\KNEE_fewshot\external\MedicalExpert-I\1Doubtful\DoubtfulG1 (268).png,DoubtfulG1 (268).png,1,1,1,True
E:\KNEE_fewshot\external\MedicalExpert-I\4Severe\SevereG4 (150).png,SevereG4 (150).png,1,4,4,True
E:\KNEE_fewshot\external\MedicalExpert-I\0Normal\NormalG0 (37).png,NormalG0 (37).png,1,0,0,True
E:\KNEE_fewshot\external\MedicalExpert-I\1Doubtful\DoubtfulG1 (22).png,DoubtfulG1 (22).png,1,1,1,True
E:\KNEE_fewshot\external\MedicalExpert-I\4Severe\SevereG4 (47).png,SevereG4 (47).png,1,4,4,True
E:\KNEE_fewshot\external\MedicalExpert-I\2Mild\MildG2 (176).png,MildG2 (176).png,1,2,2,True
E:\KNEE_fewshot\external\MedicalExpert-I\3Moderate\ModerateG3 (32).png,ModerateG3 (32).png,1,3,3,True
E:\KNEE_fewshot\external\MedicalExpert-I\1Doubtful\DoubtfulG1 (318).png,DoubtfulG1 (318).png,1,1,1,True
E:\KNEE_fewshot\external\MedicalExpert-I\1Doubtful\DoubtfulG1 (152).png,DoubtfulG1 (152).png,1,1,1,True
E:\KNEE_fewshot\external\MedicalExpert-I\0Normal\NormalG0 (92).png,NormalG0 (92).png,1,0,0,True
E:\KNEE_fewshot\external\MedicalExpert-I\0Normal\NormalG0 (48).png,NormalG0 (48).png,1,0,0,True
E:\KNEE_fewshot\external\MedicalExpert-I\3Moderate\ModerateG3 (6).png,ModerateG3 (6).png,1,3,3,True
E:\KNEE_fewshot\external\MedicalExpert-I\2Mild\MildG2 (216).png,MildG2 (216).png,1,2,2,True
E:\KNEE_fewshot\external\MedicalExpert-I\1Doubtful\DoubtfulG1 (81).png,DoubtfulG1 (81).png,1,1,1,True
E:\KNEE_fewshot\external\MedicalExpert-I\1Doubtful\DoubtfulG1 (267).png,DoubtfulG1 (267).png,1,1,1,True
E:\KNEE_fewshot\external\MedicalExpert-I\0Normal\NormalG0 (163).png,NormalG0 (163).png,1,0,0,True
E:\KNEE_fewshot\external\MedicalExpert-I\1Doubtful\DoubtfulG1 (275).png,DoubtfulG1 (275).png,1,1,1,True
E:\KNEE_fewshot\external\MedicalExpert-I\2Mild\MildG2 (189).png,MildG2 (189).png,1,2,2,True
E:\KNEE_fewshot\external\MedicalExpert-I\0Normal\NormalG0 (262).png,NormalG0 (262).png,1,0,0,True
E:\KNEE_fewshot\external\MedicalExpert-I\3Moderate\ModerateG3 (50).png,ModerateG3 (50).png,1,3,3,True
E:\KNEE_fewshot\external\MedicalExpert-I\1Doubtful\DoubtfulG1 (372).png,DoubtfulG1 (372).png,1,1,1,True
E:\KNEE_fewshot\external\MedicalExpert-I\4Severe\SevereG4 (11).png,SevereG4 (11).png,1,4,4,True
E:\KNEE_fewshot\external\MedicalExpert-I\1Doubtful\DoubtfulG1 (157).png,DoubtfulG1 (157).png,1,1,1,True
E:\KNEE_fewshot\external\MedicalExpert-I\3Moderate\ModerateG3 (104).png,ModerateG3 (104).png,1,3,3,True
E:\KNEE_fewshot\external\MedicalExpert-I\1Doubtful\DoubtfulG1 (433).png,DoubtfulG1 (433).png,1,1,1,True
E:\KNEE_fewshot\external\MedicalExpert-I\4Severe\SevereG4 (81).png,SevereG4 (81).png,1,4,4,True
E:\KNEE_fewshot\external\MedicalExpert-I\0Normal\NormalG0 (264).png,NormalG0 (264).png,1,0,0,True
E:\KNEE_fewshot\external\MedicalExpert-I\1Doubtful\DoubtfulG1 (389).png,DoubtfulG1 (389).png,1,1,1,True
E:\KNEE_fewshot\external\MedicalExpert-I\1Doubtful\DoubtfulG1 (190).png,DoubtfulG1 (190).png,1,1,1,True
E:\KNEE_fewshot\external\MedicalExpert-I\1Doubtful\DoubtfulG1 (7).png,DoubtfulG1 (7).png,1,1,1,True
E:\KNEE_fewshot\external\MedicalExpert-I\4Severe\SevereG4 (40).png,SevereG4 (40).png,1,4,4,True
E:\KNEE_fewshot\external\MedicalExpert-I\1Doubtful\DoubtfulG1 (139).png,DoubtfulG1 (139).png,1,1,1,True
E:\KNEE_fewshot\external\MedicalExpert-I\1Doubtful\DoubtfulG1 (310).png,DoubtfulG1 (310).png,1,1,1,True
E:\KNEE_fewshot\external\MedicalExpert-I\1Doubtful\DoubtfulG1 (299).png,DoubtfulG1 (299).png,1,1,1,True
E:\KNEE_fewshot\external\MedicalExpert-I\3Moderate\ModerateG3 (11).png,ModerateG3 (11).png,1,3,3,True
E:\KNEE_fewshot\external\MedicalExpert-I\0Normal\NormalG0 (363).png,NormalG0 (363).png,2,0,0,True
E:\KNEE_fewshot\external\MedicalExpert-I\0Normal\NormalG0 (98).png,NormalG0 (98).png,1,0,0,True
E:\KNEE_fewshot\external\MedicalExpert-I\0Normal\NormalG0 (147).png,NormalG0 (147).png,1,0,0,True
E:\KNEE_fewshot\external\MedicalExpert-I\2Mild\MildG2 (168).png,MildG2 (168).png,1,2,2,True
E:\KNEE_fewshot\external\MedicalExpert-I\2Mild\MildG2 (25).png,MildG2 (25).png,1,2,2,True
E:\KNEE_fewshot\external\MedicalExpert-I\0Normal\NormalG0 (81).png,NormalG0 (81).png,1,0,0,True
E:\KNEE_fewshot\external\MedicalExpert-I\4Severe\SevereG4 (26).png,SevereG4 (26).png,1,4,4,True
E:\KNEE_fewshot\external\MedicalExpert-I\0Normal\NormalG0 (504).png,NormalG0 (504).png,1,0,1,False
E:\KNEE_fewshot\external\MedicalExpert-I\1Doubtful\DoubtfulG1 (66).png,DoubtfulG1 (66).png,1,1,1,True
E:\KNEE_fewshot\external\MedicalExpert-I\3Moderate\ModerateG3 (161).png,ModerateG3 (161).png,1,3,3,True
E:\KNEE_fewshot\external\MedicalExpert-I\0Normal\NormalG0 (84).png,NormalG0 (84).png,1,0,0,True
E:\KNEE_fewshot\external\MedicalExpert-I\2Mild\MildG2 (207).png,MildG2 (207).png,1,2,2,True
E:\KNEE_fewshot\external\MedicalExpert-I\0Normal\NormalG0 (191).png,NormalG0 (191).png,1,0,0,True
E:\KNEE_fewshot\external\MedicalExpert-I\1Doubtful\DoubtfulG1 (146).png,DoubtfulG1 (146).png,1,1,1,True
E:\KNEE_fewshot\external\MedicalExpert-I\0Normal\NormalG0 (225).png,NormalG0 (225).png,1,0,0,True
E:\KNEE_fewshot\external\MedicalExpert-I\0Normal\NormalG0 (322).png,NormalG0 (322).png,1,0,0,True
E:\KNEE_fewshot\external\MedicalExpert-I\4Severe\SevereG4 (170).png,SevereG4 (170).png,1,4,4,True
E:\KNEE_fewshot\external\MedicalExpert-I\0Normal\NormalG0 (229).png,NormalG0 (229).png,1,0,0,True
E:\KNEE_fewshot\external\MedicalExpert-I\1Doubtful\DoubtfulG1 (21).png,DoubtfulG1 (21).png,1,1,1,True
E:\KNEE_fewshot\external\MedicalExpert-I\0Normal\NormalG0 (61).png,NormalG0 (61).png,1,0,0,True
E:\KNEE_fewshot\external\MedicalExpert-I\1Doubtful\DoubtfulG1 (221).png,DoubtfulG1 (221).png,1,1,1,True
E:\KNEE_fewshot\external\MedicalExpert-I\1Doubtful\DoubtfulG1 (207).png,DoubtfulG1 (207).png,1,1,1,True
E:\KNEE_fewshot\external\MedicalExpert-I\2Mild\MildG2 (93).png,MildG2 (93).png,1,2,2,True
E:\KNEE_fewshot\external\MedicalExpert-I\0Normal\NormalG0 (265).png,NormalG0 (265).png,1,0,0,True
E:\KNEE_fewshot\external\MedicalExpert-I\4Severe\SevereG4 (59).png,SevereG4 (59).png,1,4,4,True
E:\KNEE_fewshot\external\MedicalExpert-I\0Normal\NormalG0 (228).png,NormalG0 (228).png,1,0,0,True
E:\KNEE_fewshot\external\MedicalExpert-I\0Normal\NormalG0 (507).png,NormalG0 (507).png,1,0,0,True
E:\KNEE_fewshot\external\MedicalExpert-I\4Severe\SevereG4 (102).png,SevereG4 (102).png,1,4,4,True
E:\KNEE_fewshot\external\MedicalExpert-I\4Severe\SevereG4 (192).png,SevereG4 (192).png,1,4,4,True
E:\KNEE_fewshot\external\MedicalExpert-I\1Doubtful\DoubtfulG1 (360).png,DoubtfulG1 (360).png,1,1,1,True
E:\KNEE_fewshot\external\MedicalExpert-I\0Normal\NormalG0 (111).png,NormalG0 (111).png,1,0,0,True
E:\KNEE_fewshot\external\MedicalExpert-I\0Normal\NormalG0 (479).png,NormalG0 (479).png,1,0,0,True
E:\KNEE_fewshot\external\MedicalExpert-I\0Normal\NormalG0 (64).png,NormalG0 (64).png,1,0,0,True
E:\KNEE_fewshot\external\MedicalExpert-I\2Mild\MildG2 (205).png,MildG2 (205).png,1,2,2,True
E:\KNEE_fewshot\external\MedicalExpert-I\0Normal\NormalG0 (417).png,NormalG0 (417).png,1,0,0,True
E:\KNEE_fewshot\external\MedicalExpert-I\0Normal\NormalG0 (484).png,NormalG0 (484).png,1,0,0,True
E:\KNEE_fewshot\external\MedicalExpert-I\0Normal\NormalG0 (13).png,NormalG0 (13).png,1,0,0,True
E:\KNEE_fewshot\external\MedicalExpert-I\0Normal\NormalG0 (134).png,NormalG0 (134).png,1,0,0,True
E:\KNEE_fewshot\external\MedicalExpert-I\0Normal\NormalG0 (123).png,NormalG0 (123).png,1,0,0,True
E:\KNEE_fewshot\external\MedicalExpert-I\1Doubtful\DoubtfulG1 (311).png,DoubtfulG1 (311).png,1,1,1,True
E:\KNEE_fewshot\external\MedicalExpert-I\0Normal\NormalG0 (237).png,NormalG0 (237).png,1,0,0,True
E:\KNEE_fewshot\external\MedicalExpert-I\0Normal\NormalG0 (449).png,NormalG0 (449).png,1,0,0,True
E:\KNEE_fewshot\external\MedicalExpert-I\1Doubtful\DoubtfulG1 (25).png,DoubtfulG1 (25).png,1,1,1,True
E:\KNEE_fewshot\external\MedicalExpert-I\1Doubtful\DoubtfulG1 (384).png,DoubtfulG1 (384).png,1,1,1,True
E:\KNEE_fewshot\external\MedicalExpert-I\2Mild\MildG2 (193).png,MildG2 (193).png,2,2,2,True
E:\KNEE_fewshot\external\MedicalExpert-I\1Doubtful\DoubtfulG1 (206).png,DoubtfulG1 (206).png,1,1,1,True
E:\KNEE_fewshot\external\MedicalExpert-I\3Moderate\ModerateG3 (10).png,ModerateG3 (10).png,1,3,3,True
E:\KNEE_fewshot\external\MedicalExpert-I\1Doubtful\DoubtfulG1 (186).png,DoubtfulG1 (186).png,1,1,1,True
E:\KNEE_fewshot\external\MedicalExpert-I\0Normal\NormalG0 (185).png,NormalG0 (185).png,1,0,0,True
E:\KNEE_fewshot\external\MedicalExpert-I\0Normal\NormalG0 (131).png,NormalG0 (131).png,1,0,0,True
E:\KNEE_fewshot\external\MedicalExpert-I\0Normal\NormalG0 (236).png,NormalG0 (236).png,1,0,0,True
E:\KNEE_fewshot\external\MedicalExpert-I\1Doubtful\DoubtfulG1 (312).png,DoubtfulG1 (312).png,1,1,1,True
E:\KNEE_fewshot\external\MedicalExpert-I\1Doubtful\DoubtfulG1 (290).png,DoubtfulG1 (290).png,1,1,1,True
E:\KNEE_fewshot\external\MedicalExpert-I\0Normal\NormalG0 (391).png,NormalG0 (391).png,1,0,0,True
E:\KNEE_fewshot\external\MedicalExpert-I\0Normal\NormalG0 (103).png,NormalG0 (103).png,1,0,0,True
E:\KNEE_fewshot\external\MedicalExpert-I\1Doubtful\DoubtfulG1 (217).png,DoubtfulG1 (217).png,1,1,1,True
E:\KNEE_fewshot\external\MedicalExpert-I\2Mild\MildG2 (116).png,MildG2 (116).png,1,2,2,True
E:\KNEE_fewshot\external\MedicalExpert-I\1Doubtful\DoubtfulG1 (286).png,DoubtfulG1 (286).png,1,1,1,True
E:\KNEE_fewshot\external\MedicalExpert-I\2Mild\MildG2 (85).png,MildG2 (85).png,1,2,2,True
E:\KNEE_fewshot\external\MedicalExpert-I\3Moderate\ModerateG3 (3).png,ModerateG3 (3).png,1,3,3,True
E:\KNEE_fewshot\external\MedicalExpert-I\0Normal\NormalG0 (258).png,NormalG0 (258).png,1,0,0,True
E:\KNEE_fewshot\external\MedicalExpert-I\4Severe\SevereG4 (76).png,SevereG4 (76).png,1,4,4,True
E:\KNEE_fewshot\external\MedicalExpert-I\1Doubtful\DoubtfulG1 (53).png,DoubtfulG1 (53).png,1,1,1,True
E:\KNEE_fewshot\external\MedicalExpert-I\2Mild\MildG2 (140).png,MildG2 (140).png,1,2,2,True
E:\KNEE_fewshot\external\MedicalExpert-I\2Mild\MildG2 (200).png,MildG2 (200).png,1,2,2,True
E:\KNEE_fewshot\external\MedicalExpert-I\1Doubtful\DoubtfulG1 (344).png,DoubtfulG1 (344).png,1,1,1,True
E:\KNEE_fewshot\external\MedicalExpert-I\1Doubtful\DoubtfulG1 (294).png,DoubtfulG1 (294).png,1,1,1,True
E:\KNEE_fewshot\external\MedicalExpert-I\3Moderate\ModerateG3 (63).png,ModerateG3 (63).png,1,3,3,True
E:\KNEE_fewshot\external\MedicalExpert-I\0Normal\NormalG0 (173).png,NormalG0 (173).png,1,0,0,True
E:\KNEE_fewshot\external\MedicalExpert-I\4Severe\SevereG4 (60).png,SevereG4 (60).png,1,4,4,True
E:\KNEE_fewshot\external\MedicalExpert-I\0Normal\NormalG0 (263).png,NormalG0 (263).png,1,0,0,True
E:\KNEE_fewshot\external\MedicalExpert-I\3Moderate\ModerateG3 (218).png,ModerateG3 (218).png,1,3,3,True
E:\KNEE_fewshot\external\MedicalExpert-I\3Moderate\ModerateG3 (90).png,ModerateG3 (90).png,1,3,3,True
E:\KNEE_fewshot\external\MedicalExpert-I\1Doubtful\DoubtfulG1 (420).png,DoubtfulG1 (420).png,1,1,1,True
E:\KNEE_fewshot\external\MedicalExpert-I\0Normal\NormalG0 (420).png,NormalG0 (420).png,1,0,0,True
E:\KNEE_fewshot\external\MedicalExpert-I\0Normal\NormalG0 (480).png,NormalG0 (480).png,1,0,0,True
E:\KNEE_fewshot\external\MedicalExpert-I\0Normal\NormalG0 (318).png,NormalG0 (318).png,1,0,0,True
E:\KNEE_fewshot\external\MedicalExpert-I\4Severe\SevereG4 (157).png,SevereG4 (157).png,1,4,4,True
E:\KNEE_fewshot\external\MedicalExpert-I\1Doubtful\DoubtfulG1 (349).png,DoubtfulG1 (349).png,1,1,1,True
E:\KNEE_fewshot\external\MedicalExpert-I\0Normal\NormalG0 (11).png,NormalG0 (11).png,1,0,0,True
E:\KNEE_fewshot\external\MedicalExpert-I\0Normal\NormalG0 (56).png,NormalG0 (56).png,1,0,0,True
E:\KNEE_fewshot\external\MedicalExpert-I\1Doubtful\DoubtfulG1 (84).png,DoubtfulG1 (84).png,1,1,1,True
E:\KNEE_fewshot\external\MedicalExpert-I\0Normal\NormalG0 (96).png,NormalG0 (96).png,1,0,0,True
E:\KNEE_fewshot\external\MedicalExpert-I\2Mild\MildG2 (17).png,MildG2 (17).png,1,2,2,True
E:\KNEE_fewshot\external\MedicalExpert-I\4Severe\SevereG4 (202).png,SevereG4 (202).png,1,4,4,True
E:\KNEE_fewshot\external\MedicalExpert-I\0Normal\NormalG0 (387).png,NormalG0 (387).png,1,0,0,True
E:\KNEE_fewshot\external\MedicalExpert-I\2Mild\MildG2 (32).png,MildG2 (32).png,1,2,2,True
E:\KNEE_fewshot\external\MedicalExpert-I\4Severe\SevereG4 (27).png,SevereG4 (27).png,1,4,4,True
E:\KNEE_fewshot\external\MedicalExpert-I\1Doubtful\DoubtfulG1 (342).png,DoubtfulG1 (342).png,1,1,1,True
E:\KNEE_fewshot\external\MedicalExpert-I\1Doubtful\DoubtfulG1 (133).png,DoubtfulG1 (133).png,1,1,1,True
E:\KNEE_fewshot\external\MedicalExpert-I\3Moderate\ModerateG3 (7).png,ModerateG3 (7).png,1,3,3,True
E:\KNEE_fewshot\external\MedicalExpert-I\3Moderate\ModerateG3 (61).png,ModerateG3 (61).png,1,3,3,True
E:\KNEE_fewshot\external\MedicalExpert-I\4Severe\SevereG4 (137).png,SevereG4 (137).png,1,4,4,True
E:\KNEE_fewshot\external\MedicalExpert-I\3Moderate\ModerateG3 (170).png,ModerateG3 (170).png,1,3,3,True
E:\KNEE_fewshot\external\MedicalExpert-I\2Mild\MildG2 (65).png,MildG2 (65).png,1,2,2,True
E:\KNEE_fewshot\external\MedicalExpert-I\0Normal\NormalG0 (413).png,NormalG0 (413).png,1,0,0,True
E:\KNEE_fewshot\external\MedicalExpert-I\1Doubtful\DoubtfulG1 (237).png,DoubtfulG1 (237).png,1,1,1,True
E:\KNEE_fewshot\external\MedicalExpert-I\0Normal\NormalG0 (434).png,NormalG0 (434).png,1,0,0,True
E:\KNEE_fewshot\external\MedicalExpert-I\1Doubtful\DoubtfulG1 (472).png,DoubtfulG1 (472).png,1,1,1,True
E:\KNEE_fewshot\external\MedicalExpert-I\0Normal\NormalG0 (59).png,NormalG0 (59).png,1,0,0,True
E:\KNEE_fewshot\external\MedicalExpert-I\0Normal\NormalG0 (222).png,NormalG0 (222).png,1,0,0,True
E:\KNEE_fewshot\external\MedicalExpert-I\4Severe\SevereG4 (110).png,SevereG4 (110).png,1,4,4,True
E:\KNEE_fewshot\external\MedicalExpert-I\4Severe\SevereG4 (121).png,SevereG4 (121).png,1,4,4,True
E:\KNEE_fewshot\external\MedicalExpert-I\2Mild\MildG2 (185).png,MildG2 (185).png,1,2,2,True
E:\KNEE_fewshot\external\MedicalExpert-I\1Doubtful\DoubtfulG1 (280).png,DoubtfulG1 (280).png,1,1,1,True
E:\KNEE_fewshot\external\MedicalExpert-I\0Normal\NormalG0 (403).png,NormalG0 (403).png,1,0,0,True
E:\KNEE_fewshot\external\MedicalExpert-I\1Doubtful\DoubtfulG1 (59).png,DoubtfulG1 (59).png,1,1,1,True
E:\KNEE_fewshot\external\MedicalExpert-I\2Mild\MildG2 (38).png,MildG2 (38).png,1,2,2,True
E:\KNEE_fewshot\external\MedicalExpert-I\1Doubtful\DoubtfulG1 (412).png,DoubtfulG1 (412).png,1,1,1,True
E:\KNEE_fewshot\external\MedicalExpert-I\2Mild\MildG2 (148).png,MildG2 (148).png,1,2,2,True
E:\KNEE_fewshot\external\MedicalExpert-I\1Doubtful\DoubtfulG1 (425).png,DoubtfulG1 (425).png,1,1,1,True
E:\KNEE_fewshot\external\MedicalExpert-I\1Doubtful\DoubtfulG1 (356).png,DoubtfulG1 (356).png,1,1,1,True
E:\KNEE_fewshot\external\MedicalExpert-I\4Severe\SevereG4 (65).png,SevereG4 (65).png,1,4,4,True
E:\KNEE_fewshot\external\MedicalExpert-I\3Moderate\ModerateG3 (52).png,ModerateG3 (52).png,1,3,3,True
E:\KNEE_fewshot\external\MedicalExpert-I\1Doubtful\DoubtfulG1 (98).png,DoubtfulG1 (98).png,1,1,1,True
E:\KNEE_fewshot\external\MedicalExpert-I\2Mild\MildG2 (109).png,MildG2 (109).png,1,2,2,True
E:\KNEE_fewshot\external\MedicalExpert-I\0Normal\NormalG0 (217).png,NormalG0 (217).png,1,0,0,True
E:\KNEE_fewshot\external\MedicalExpert-I\4Severe\SevereG4 (140).png,SevereG4 (140).png,1,4,4,True
E:\KNEE_fewshot\external\MedicalExpert-I\4Severe\SevereG4 (104).png,SevereG4 (104).png,1,4,4,True
E:\KNEE_fewshot\external\MedicalExpert-I\1Doubtful\DoubtfulG1 (18).png,DoubtfulG1 (18).png,1,1,1,True
E:\KNEE_fewshot\external\MedicalExpert-I\4Severe\SevereG4 (189).png,SevereG4 (189).png,1,4,4,True
E:\KNEE_fewshot\external\MedicalExpert-I\1Doubtful\DoubtfulG1 (15).png,DoubtfulG1 (15).png,1,1,1,True
E:\KNEE_fewshot\external\MedicalExpert-I\4Severe\SevereG4 (146).png,SevereG4 (146).png,1,4,4,True
E:\KNEE_fewshot\external\MedicalExpert-I\2Mild\MildG2 (102).png,MildG2 (102).png,1,2,2,True
E:\KNEE_fewshot\external\MedicalExpert-I\1Doubtful\DoubtfulG1 (141).png,DoubtfulG1 (141).png,1,1,1,True
E:\KNEE_fewshot\external\MedicalExpert-I\3Moderate\ModerateG3 (203).png,ModerateG3 (203).png,3,3,3,True
E:\KNEE_fewshot\external\MedicalExpert-I\1Doubtful\DoubtfulG1 (355).png,DoubtfulG1 (355).png,1,1,1,True
E:\KNEE_fewshot\external\MedicalExpert-I\1Doubtful\DoubtfulG1 (171).png,DoubtfulG1 (171).png,1,1,1,True
E:\KNEE_fewshot\external\MedicalExpert-I\1Doubtful\DoubtfulG1 (447).png,DoubtfulG1 (447).png,2,1,1,True
E:\KNEE_fewshot\external\MedicalExpert-I\1Doubtful\DoubtfulG1 (411).png,DoubtfulG1 (411).png,1,1,1,True
E:\KNEE_fewshot\external\MedicalExpert-I\2Mild\MildG2 (50).png,MildG2 (50).png,1,2,2,True
E:\KNEE_fewshot\external\MedicalExpert-I\0Normal\NormalG0 (120).png,NormalG0 (120).png,1,0,0,True
E:\KNEE_fewshot\external\MedicalExpert-I\1Doubtful\DoubtfulG1 (47).png,DoubtfulG1 (47).png,1,1,1,True
E:\KNEE_fewshot\external\MedicalExpert-I\2Mild\MildG2 (117).png,MildG2 (117).png,1,2,2,True
E:\KNEE_fewshot\external\MedicalExpert-I\0Normal\NormalG0 (23).png,NormalG0 (23).png,1,0,0,True
E:\KNEE_fewshot\external\MedicalExpert-I\4Severe\SevereG4 (180).png,SevereG4 (180).png,1,4,4,True
E:\KNEE_fewshot\external\MedicalExpert-I\1Doubtful\DoubtfulG1 (464).png,DoubtfulG1 (464).png,1,1,1,True
E:\KNEE_fewshot\external\MedicalExpert-I\0Normal\NormalG0 (168).png,NormalG0 (168).png,1,0,0,True
E:\KNEE_fewshot\external\MedicalExpert-I\2Mild\MildG2 (64).png,MildG2 (64).png,1,2,2,True
E:\KNEE_fewshot\external\MedicalExpert-I\0Normal\NormalG0 (388).png,NormalG0 (388).png,1,0,0,True
E:\KNEE_fewshot\external\MedicalExpert-I\2Mild\MildG2 (160).png,MildG2 (160).png,1,2,2,True
E:\KNEE_fewshot\external\MedicalExpert-I\0Normal\NormalG0 (352).png,NormalG0 (352).png,1,0,0,True
E:\KNEE_fewshot\external\MedicalExpert-I\4Severe\SevereG4 (201).png,SevereG4 (201).png,1,4,4,True
E:\KNEE_fewshot\external\MedicalExpert-I\0Normal\NormalG0 (232).png,NormalG0 (232).png,1,0,0,True
E:\KNEE_fewshot\external\MedicalExpert-I\1Doubtful\DoubtfulG1 (248).png,DoubtfulG1 (248).png,1,1,1,True
E:\KNEE_fewshot\external\MedicalExpert-I\0Normal\NormalG0 (272).png,NormalG0 (272).png,1,0,0,True
E:\KNEE_fewshot\external\MedicalExpert-I\1Doubtful\DoubtfulG1 (266).png,DoubtfulG1 (266).png,1,1,1,True
E:\KNEE_fewshot\external\MedicalExpert-I\0Normal\NormalG0 (167).png,NormalG0 (167).png,1,0,0,True
E:\KNEE_fewshot\external\MedicalExpert-I\4Severe\SevereG4 (79).png,SevereG4 (79).png,1,4,4,True
E:\KNEE_fewshot\external\MedicalExpert-I\4Severe\SevereG4 (141).png,SevereG4 (141).png,1,4,4,True
E:\KNEE_fewshot\external\MedicalExpert-I\1Doubtful\DoubtfulG1 (398).png,DoubtfulG1 (398).png,1,1,1,True
E:\KNEE_fewshot\external\MedicalExpert-I\3Moderate\ModerateG3 (142).png,ModerateG3 (142).png,1,3,3,True
E:\KNEE_fewshot\external\MedicalExpert-I\0Normal\NormalG0 (390).png,NormalG0 (390).png,1,0,1,False
E:\KNEE_fewshot\external\MedicalExpert-I\4Severe\SevereG4 (83).png,SevereG4 (83).png,1,4,4,True
E:\KNEE_fewshot\external\MedicalExpert-I\0Normal\NormalG0 (76).png,NormalG0 (76).png,1,0,0,True
E:\KNEE_fewshot\external\MedicalExpert-I\0Normal\NormalG0 (302).png,NormalG0 (302).png,2,0,0,True
E:\KNEE_fewshot\external\MedicalExpert-I\2Mild\MildG2 (224).png,MildG2 (224).png,1,2,2,True
E:\KNEE_fewshot\external\MedicalExpert-I\0Normal\NormalG0 (74).png,NormalG0 (74).png,1,0,0,True
E:\KNEE_fewshot\external\MedicalExpert-I\0Normal\NormalG0 (220).png,NormalG0 (220).png,1,0,0,True
E:\KNEE_fewshot\external\MedicalExpert-I\3Moderate\ModerateG3 (197).png,ModerateG3 (197).png,1,3,3,True
E:\KNEE_fewshot\external\MedicalExpert-I\3Moderate\ModerateG3 (69).png,ModerateG3 (69).png,1,3,3,True
E:\KNEE_fewshot\external\MedicalExpert-I\1Doubtful\DoubtfulG1 (151).png,DoubtfulG1 (151).png,1,1,1,True
E:\KNEE_fewshot\external\MedicalExpert-I\3Moderate\ModerateG3 (42).png,ModerateG3 (42).png,1,3,3,True
E:\KNEE_fewshot\external\MedicalExpert-I\3Moderate\ModerateG3 (179).png,ModerateG3 (179).png,1,3,3,True
E:\KNEE_fewshot\external\MedicalExpert-I\2Mild\MildG2 (188).png,MildG2 (188).png,1,2,2,True
E:\KNEE_fewshot\external\MedicalExpert-I\0Normal\NormalG0 (389).png,NormalG0 (389).png,1,0,0,True
E:\KNEE_fewshot\external\MedicalExpert-I\0Normal\NormalG0 (239).png,NormalG0 (239).png,1,0,0,True
E:\KNEE_fewshot\external\MedicalExpert-I\0Normal\NormalG0 (359).png,NormalG0 (359).png,1,0,0,True
E:\KNEE_fewshot\external\MedicalExpert-I\1Doubtful\DoubtfulG1 (56).png,DoubtfulG1 (56).png,1,1,1,True
E:\KNEE_fewshot\external\MedicalExpert-I\2Mild\MildG2 (94).png,MildG2 (94).png,1,2,2,True
E:\KNEE_fewshot\external\MedicalExpert-I\4Severe\SevereG4 (32).png,SevereG4 (32).png,1,4,4,True
E:\KNEE_fewshot\external\MedicalExpert-I\1Doubtful\DoubtfulG1 (68).png,DoubtfulG1 (68).png,1,1,1,True
E:\KNEE_fewshot\external\MedicalExpert-I\1Doubtful\DoubtfulG1 (401).png,DoubtfulG1 (401).png,1,1,1,True
E:\KNEE_fewshot\external\MedicalExpert-I\0Normal\NormalG0 (424).png,NormalG0 (424).png,1,0,0,True
E:\KNEE_fewshot\external\MedicalExpert-I\0Normal\NormalG0 (381).png,NormalG0 (381).png,1,0,0,True
E:\KNEE_fewshot\external\MedicalExpert-I\1Doubtful\DoubtfulG1 (366).png,DoubtfulG1 (366).png,1,1,1,True
E:\KNEE_fewshot\external\MedicalExpert-I\4Severe\SevereG4 (200).png,SevereG4 (200).png,1,4,4,True
E:\KNEE_fewshot\external\MedicalExpert-I\0Normal\NormalG0 (114).png,NormalG0 (114).png,1,0,0,True
E:\KNEE_fewshot\external\MedicalExpert-I\3Moderate\ModerateG3 (99).png,ModerateG3 (99).png,1,3,3,True
E:\KNEE_fewshot\external\MedicalExpert-I\3Moderate\ModerateG3 (56).png,ModerateG3 (56).png,1,3,3,True
E:\KNEE_fewshot\external\MedicalExpert-I\3Moderate\ModerateG3 (159).png,ModerateG3 (159).png,1,3,3,True
E:\KNEE_fewshot\external\MedicalExpert-I\0Normal\NormalG0 (240).png,NormalG0 (240).png,2,0,0,True
E:\KNEE_fewshot\external\MedicalExpert-I\3Moderate\ModerateG3 (157).png,ModerateG3 (157).png,1,3,3,True
E:\KNEE_fewshot\external\MedicalExpert-I\0Normal\NormalG0 (60).png,NormalG0 (60).png,1,0,0,True
E:\KNEE_fewshot\external\MedicalExpert-I\2Mild\MildG2 (170).png,MildG2 (170).png,1,2,2,True
E:\KNEE_fewshot\external\MedicalExpert-I\2Mild\MildG2 (121).png,MildG2 (121).png,1,2,2,True
E:\KNEE_fewshot\external\MedicalExpert-I\3Moderate\ModerateG3 (111).png,ModerateG3 (111).png,1,3,3,True
E:\KNEE_fewshot\external\MedicalExpert-I\0Normal\NormalG0 (442).png,NormalG0 (442).png,1,0,1,False
E:\KNEE_fewshot\external\MedicalExpert-I\3Moderate\ModerateG3 (135).png,ModerateG3 (135).png,1,3,3,True
E:\KNEE_fewshot\external\MedicalExpert-I\0Normal\NormalG0 (128).png,NormalG0 (128).png,1,0,0,True
E:\KNEE_fewshot\external\MedicalExpert-I\1Doubtful\DoubtfulG1 (278).png,DoubtfulG1 (278).png,1,1,1,True
E:\KNEE_fewshot\external\MedicalExpert-I\2Mild\MildG2 (84).png,MildG2 (84).png,1,2,2,True
E:\KNEE_fewshot\external\MedicalExpert-I\2Mild\MildG2 (149).png,MildG2 (149).png,1,2,2,True
E:\KNEE_fewshot\external\MedicalExpert-I\3Moderate\ModerateG3 (66).png,ModerateG3 (66).png,1,3,3,True
E:\KNEE_fewshot\external\MedicalExpert-I\1Doubtful\DoubtfulG1 (454).png,DoubtfulG1 (454).png,1,1,1,True
E:\KNEE_fewshot\external\MedicalExpert-I\0Normal\NormalG0 (158).png,NormalG0 (158).png,1,0,0,True
E:\KNEE_fewshot\external\MedicalExpert-I\3Moderate\ModerateG3 (54).png,ModerateG3 (54).png,1,3,3,True
E:\KNEE_fewshot\external\MedicalExpert-I\0Normal\NormalG0 (494).png,NormalG0 (494).png,1,0,0,True
E:\KNEE_fewshot\external\MedicalExpert-I\1Doubtful\DoubtfulG1 (88).png,DoubtfulG1 (88).png,1,1,1,True
E:\KNEE_fewshot\external\MedicalExpert-I\0Normal\NormalG0 (151).png,NormalG0 (151).png,1,0,0,True
E:\KNEE_fewshot\external\MedicalExpert-I\1Doubtful\DoubtfulG1 (29).png,DoubtfulG1 (29).png,1,1,1,True
E:\KNEE_fewshot\external\MedicalExpert-I\2Mild\MildG2 (146).png,MildG2 (146).png,1,2,2,True
E:\KNEE_fewshot\external\MedicalExpert-I\0Normal\NormalG0 (166).png,NormalG0 (166).png,1,0,0,True
E:\KNEE_fewshot\external\MedicalExpert-I\3Moderate\ModerateG3 (39).png,ModerateG3 (39).png,1,3,3,True
E:\KNEE_fewshot\external\MedicalExpert-I\2Mild\MildG2 (177).png,MildG2 (177).png,1,2,2,True
E:\KNEE_fewshot\external\MedicalExpert-I\0Normal\NormalG0 (450).png,NormalG0 (450).png,1,0,0,True
E:\KNEE_fewshot\external\MedicalExpert-I\0Normal\NormalG0 (104).png,NormalG0 (104).png,1,0,0,True
E:\KNEE_fewshot\external\MedicalExpert-I\2Mild\MildG2 (134).png,MildG2 (134).png,1,2,2,True
E:\KNEE_fewshot\external\MedicalExpert-I\3Moderate\ModerateG3 (62).png,ModerateG3 (62).png,1,3,3,True
E:\KNEE_fewshot\external\MedicalExpert-I\1Doubtful\DoubtfulG1 (65).png,DoubtfulG1 (65).png,1,1,1,True
E:\KNEE_fewshot\external\MedicalExpert-I\2Mild\MildG2 (221).png,MildG2 (221).png,1,2,2,True
E:\KNEE_fewshot\external\MedicalExpert-I\0Normal\NormalG0 (95).png,NormalG0 (95).png,1,0,0,True
E:\KNEE_fewshot\external\MedicalExpert-I\4Severe\SevereG4 (98).png,SevereG4 (98).png,1,4,4,True
E:\KNEE_fewshot\external\MedicalExpert-I\1Doubtful\DoubtfulG1 (348).png,DoubtfulG1 (348).png,1,1,1,True
E:\KNEE_fewshot\external\MedicalExpert-I\1Doubtful\DoubtfulG1 (388).png,DoubtfulG1 (388).png,1,1,1,True
E:\KNEE_fewshot\external\MedicalExpert-I\1Doubtful\DoubtfulG1 (333).png,DoubtfulG1 (333).png,1,1,1,True
E:\KNEE_fewshot\external\MedicalExpert-I\1Doubtful\DoubtfulG1 (124).png,DoubtfulG1 (124).png,1,1,1,True
E:\KNEE_fewshot\external\MedicalExpert-I\1Doubtful\DoubtfulG1 (83).png,DoubtfulG1 (83).png,1,1,1,True
E:\KNEE_fewshot\external\MedicalExpert-I\0Normal\NormalG0 (374).png,NormalG0 (374).png,1,0,0,True
E:\KNEE_fewshot\external\MedicalExpert-I\1Doubtful\DoubtfulG1 (455).png,DoubtfulG1 (455).png,1,1,1,True
E:\KNEE_fewshot\external\MedicalExpert-I\3Moderate\ModerateG3 (84).png,ModerateG3 (84).png,1,3,3,True
E:\KNEE_fewshot\external\MedicalExpert-I\2Mild\MildG2 (16).png,MildG2 (16).png,1,2,2,True
E:\KNEE_fewshot\external\MedicalExpert-I\2Mild\MildG2 (23).png,MildG2 (23).png,1,2,2,True
E:\KNEE_fewshot\external\MedicalExpert-I\1Doubtful\DoubtfulG1 (185).png,DoubtfulG1 (185).png,1,1,1,True
E:\KNEE_fewshot\external\MedicalExpert-I\0Normal\NormalG0 (3).png,NormalG0 (3).png,1,0,1,False
E:\KNEE_fewshot\external\MedicalExpert-I\2Mild\MildG2 (129).png,MildG2 (129).png,2,2,2,True
E:\KNEE_fewshot\external\MedicalExpert-I\4Severe\SevereG4 (69).png,SevereG4 (69).png,1,4,4,True
E:\KNEE_fewshot\external\MedicalExpert-I\0Normal\NormalG0 (338).png,NormalG0 (338).png,1,0,0,True
E:\KNEE_fewshot\external\MedicalExpert-I\0Normal\NormalG0 (260).png,NormalG0 (260).png,1,0,0,True
E:\KNEE_fewshot\external\MedicalExpert-I\3Moderate\ModerateG3 (148).png,ModerateG3 (148).png,1,3,3,True
E:\KNEE_fewshot\external\MedicalExpert-I\0Normal\NormalG0 (34).png,NormalG0 (34).png,1,0,0,True
E:\KNEE_fewshot\external\MedicalExpert-I\1Doubtful\DoubtfulG1 (55).png,DoubtfulG1 (55).png,1,1,1,True
E:\KNEE_fewshot\external\MedicalExpert-I\0Normal\NormalG0 (290).png,NormalG0 (290).png,1,0,0,True
E:\KNEE_fewshot\external\MedicalExpert-I\0Normal\NormalG0 (234).png,NormalG0 (234).png,1,0,0,True
E:\KNEE_fewshot\external\MedicalExpert-I\3Moderate\ModerateG3 (127).png,ModerateG3 (127).png,1,3,3,True
E:\KNEE_fewshot\external\MedicalExpert-I\4Severe\SevereG4 (14).png,SevereG4 (14).png,1,4,4,True
E:\KNEE_fewshot\external\MedicalExpert-I\4Severe\SevereG4 (115).png,SevereG4 (115).png,1,4,4,True
E:\KNEE_fewshot\external\MedicalExpert-I\3Moderate\ModerateG3 (9).png,ModerateG3 (9).png,1,3,3,True
E:\KNEE_fewshot\external\MedicalExpert-I\1Doubtful\DoubtfulG1 (439).png,DoubtfulG1 (439).png,1,1,1,True
E:\KNEE_fewshot\external\MedicalExpert-I\0Normal\NormalG0 (496).png,NormalG0 (496).png,1,0,1,False
E:\KNEE_fewshot\external\MedicalExpert-I\4Severe\SevereG4 (87).png,SevereG4 (87).png,1,4,4,True
E:\KNEE_fewshot\external\MedicalExpert-I\0Normal\NormalG0 (39).png,NormalG0 (39).png,1,0,0,True
E:\KNEE_fewshot\external\MedicalExpert-I\4Severe\SevereG4 (5).png,SevereG4 (5).png,1,4,4,True
E:\KNEE_fewshot\external\MedicalExpert-I\1Doubtful\DoubtfulG1 (113).png,DoubtfulG1 (113).png,1,1,1,True
E:\KNEE_fewshot\external\MedicalExpert-I\0Normal\NormalG0 (372).png,NormalG0 (372).png,1,0,0,True
E:\KNEE_fewshot\external\MedicalExpert-I\1Doubtful\DoubtfulG1 (177).png,DoubtfulG1 (177).png,1,1,1,True
E:\KNEE_fewshot\external\MedicalExpert-I\2Mild\MildG2 (174).png,MildG2 (174).png,1,2,2,True
E:\KNEE_fewshot\external\MedicalExpert-I\3Moderate\ModerateG3 (137).png,ModerateG3 (137).png,1,3,3,True
E:\KNEE_fewshot\external\MedicalExpert-I\1Doubtful\DoubtfulG1 (469).png,DoubtfulG1 (469).png,1,1,1,True
E:\KNEE_fewshot\external\MedicalExpert-I\0Normal\NormalG0 (328).png,NormalG0 (328).png,1,0,0,True
E:\KNEE_fewshot\external\MedicalExpert-I\1Doubtful\DoubtfulG1 (462).png,DoubtfulG1 (462).png,1,1,1,True
E:\KNEE_fewshot\external\MedicalExpert-I\4Severe\SevereG4 (178).png,SevereG4 (178).png,1,4,4,True
E:\KNEE_fewshot\external\MedicalExpert-I\1Doubtful\DoubtfulG1 (2).png,DoubtfulG1 (2).png,1,1,1,True
E:\KNEE_fewshot\external\MedicalExpert-I\1Doubtful\DoubtfulG1 (362).png,DoubtfulG1 (362).png,1,1,1,True
E:\KNEE_fewshot\external\MedicalExpert-I\1Doubtful\DoubtfulG1 (367).png,DoubtfulG1 (367).png,1,1,1,True
E:\KNEE_fewshot\external\MedicalExpert-I\4Severe\SevereG4 (54).png,SevereG4 (54).png,1,4,4,True
E:\KNEE_fewshot\external\MedicalExpert-I\0Normal\NormalG0 (141).png,NormalG0 (141).png,1,0,0,True
E:\KNEE_fewshot\external\MedicalExpert-I\2Mild\MildG2 (87).png,MildG2 (87).png,1,2,2,True
E:\KNEE_fewshot\external\MedicalExpert-I\1Doubtful\DoubtfulG1 (23).png,DoubtfulG1 (23).png,1,1,1,True
E:\KNEE_fewshot\external\MedicalExpert-I\1Doubtful\DoubtfulG1 (370).png,DoubtfulG1 (370).png,1,1,1,True
E:\KNEE_fewshot\external\MedicalExpert-I\0Normal\NormalG0 (200).png,NormalG0 (200).png,2,0,0,True
E:\KNEE_fewshot\external\MedicalExpert-I\3Moderate\ModerateG3 (131).png,ModerateG3 (131).png,1,3,3,True
E:\KNEE_fewshot\external\MedicalExpert-I\0Normal\NormalG0 (300).png,NormalG0 (300).png,2,0,0,True
E:\KNEE_fewshot\external\MedicalExpert-I\2Mild\MildG2 (11).png,MildG2 (11).png,1,2,2,True
E:\KNEE_fewshot\external\MedicalExpert-I\3Moderate\ModerateG3 (23).png,ModerateG3 (23).png,1,3,3,True
E:\KNEE_fewshot\external\MedicalExpert-I\4Severe\SevereG4 (151).png,SevereG4 (151).png,1,4,4,True
E:\KNEE_fewshot\external\MedicalExpert-I\0Normal\NormalG0 (67).png,NormalG0 (67).png,1,0,0,True
E:\KNEE_fewshot\external\MedicalExpert-I\3Moderate\ModerateG3 (221).png,ModerateG3 (221).png,1,3,3,True
E:\KNEE_fewshot\external\MedicalExpert-I\0Normal\NormalG0 (113).png,NormalG0 (113).png,1,0,0,True
E:\KNEE_fewshot\external\MedicalExpert-I\4Severe\SevereG4 (56).png,SevereG4 (56).png,1,4,4,True
E:\KNEE_fewshot\external\MedicalExpert-I\0Normal\NormalG0 (292).png,NormalG0 (292).png,2,0,0,True
E:\KNEE_fewshot\external\MedicalExpert-I\0Normal\NormalG0 (203).png,NormalG0 (203).png,2,0,0,True
E:\KNEE_fewshot\external\MedicalExpert-I\4Severe\SevereG4 (89).png,SevereG4 (89).png,1,4,4,True
E:\KNEE_fewshot\external\MedicalExpert-I\2Mild\MildG2 (51).png,MildG2 (51).png,1,2,2,True
E:\KNEE_fewshot\external\MedicalExpert-I\1Doubtful\DoubtfulG1 (161).png,DoubtfulG1 (161).png,1,1,1,True
E:\KNEE_fewshot\external\MedicalExpert-I\1Doubtful\DoubtfulG1 (149).png,DoubtfulG1 (149).png,1,1,1,True
E:\KNEE_fewshot\external\MedicalExpert-I\4Severe\SevereG4 (182).png,SevereG4 (182).png,1,4,4,True
E:\KNEE_fewshot\external\MedicalExpert-I\1Doubtful\DoubtfulG1 (397).png,DoubtfulG1 (397).png,1,1,1,True
E:\KNEE_fewshot\external\MedicalExpert-I\4Severe\SevereG4 (193).png,SevereG4 (193).png,1,4,4,True
E:\KNEE_fewshot\external\MedicalExpert-I\1Doubtful\DoubtfulG1 (218).png,DoubtfulG1 (218).png,1,1,1,True
E:\KNEE_fewshot\external\MedicalExpert-I\0Normal\NormalG0 (382).png,NormalG0 (382).png,1,0,0,True
E:\KNEE_fewshot\external\MedicalExpert-I\4Severe\SevereG4 (45).png,SevereG4 (45).png,1,4,4,True
E:\KNEE_fewshot\external\MedicalExpert-I\0Normal\NormalG0 (26).png,NormalG0 (26).png,1,0,0,True
E:\KNEE_fewshot\external\MedicalExpert-I\3Moderate\ModerateG3 (98).png,ModerateG3 (98).png,1,3,3,True
E:\KNEE_fewshot\external\MedicalExpert-I\1Doubtful\DoubtfulG1 (460).png,DoubtfulG1 (460).png,1,1,1,True
E:\KNEE_fewshot\external\MedicalExpert-I\3Moderate\ModerateG3 (177).png,ModerateG3 (177).png,1,3,3,True
E:\KNEE_fewshot\external\MedicalExpert-I\1Doubtful\DoubtfulG1 (192).png,DoubtfulG1 (192).png,1,1,1,True
E:\KNEE_fewshot\external\MedicalExpert-I\0Normal\NormalG0 (51).png,NormalG0 (51).png,1,0,0,True
E:\KNEE_fewshot\external\MedicalExpert-I\2Mild\MildG2 (54).png,MildG2 (54).png,1,2,2,True
E:\KNEE_fewshot\external\MedicalExpert-I\2Mild\MildG2 (46).png,MildG2 (46).png,1,2,2,True
E:\KNEE_fewshot\external\MedicalExpert-I\0Normal\NormalG0 (362).png,NormalG0 (362).png,1,0,0,True
E:\KNEE_fewshot\external\MedicalExpert-I\1Doubtful\DoubtfulG1 (351).png,DoubtfulG1 (351).png,1,1,1,True
E:\KNEE_fewshot\external\MedicalExpert-I\0Normal\NormalG0 (336).png,NormalG0 (336).png,1,0,0,True
E:\KNEE_fewshot\external\MedicalExpert-I\0Normal\NormalG0 (466).png,NormalG0 (466).png,2,0,0,True
E:\KNEE_fewshot\external\MedicalExpert-I\1Doubtful\DoubtfulG1 (205).png,DoubtfulG1 (205).png,1,1,1,True
E:\KNEE_fewshot\external\MedicalExpert-I\2Mild\MildG2 (10).png,MildG2 (10).png,1,2,2,True
E:\KNEE_fewshot\external\MedicalExpert-I\3Moderate\ModerateG3 (169).png,ModerateG3 (169).png,1,3,3,True
E:\KNEE_fewshot\external\MedicalExpert-I\4Severe\SevereG4 (126).png,SevereG4 (126).png,1,4,4,True
E:\KNEE_fewshot\external\MedicalExpert-I\2Mild\MildG2 (6).png,MildG2 (6).png,1,2,2,True
E:\KNEE_fewshot\external\MedicalExpert-I\4Severe\SevereG4 (120).png,SevereG4 (120).png,1,4,4,True
E:\KNEE_fewshot\external\MedicalExpert-I\1Doubtful\DoubtfulG1 (452).png,DoubtfulG1 (452).png,1,1,1,True
E:\KNEE_fewshot\external\MedicalExpert-I\3Moderate\ModerateG3 (120).png,ModerateG3 (120).png,2,3,3,True
E:\KNEE_fewshot\external\MedicalExpert-I\3Moderate\ModerateG3 (92).png,ModerateG3 (92).png,1,3,3,True
E:\KNEE_fewshot\external\MedicalExpert-I\2Mild\MildG2 (119).png,MildG2 (119).png,2,2,2,True
E:\KNEE_fewshot\external\MedicalExpert-I\1Doubtful\DoubtfulG1 (108).png,DoubtfulG1 (108).png,1,1,1,True
E:\KNEE_fewshot\external\MedicalExpert-I\1Doubtful\DoubtfulG1 (74).png,DoubtfulG1 (74).png,1,1,1,True
E:\KNEE_fewshot\external\MedicalExpert-I\0Normal\NormalG0 (429).png,NormalG0 (429).png,1,0,0,True
E:\KNEE_fewshot\external\MedicalExpert-I\0Normal\NormalG0 (503).png,NormalG0 (503).png,1,0,0,True
E:\KNEE_fewshot\external\MedicalExpert-I\2Mild\MildG2 (30).png,MildG2 (30).png,1,2,2,True
E:\KNEE_fewshot\external\MedicalExpert-I\0Normal\NormalG0 (502).png,NormalG0 (502).png,1,0,0,True
E:\KNEE_fewshot\external\MedicalExpert-I\1Doubtful\DoubtfulG1 (147).png,DoubtfulG1 (147).png,1,1,1,True
E:\KNEE_fewshot\external\MedicalExpert-I\1Doubtful\DoubtfulG1 (338).png,DoubtfulG1 (338).png,1,1,1,True
E:\KNEE_fewshot\external\MedicalExpert-I\1Doubtful\DoubtfulG1 (222).png,DoubtfulG1 (222).png,1,1,1,True
E:\KNEE_fewshot\external\MedicalExpert-I\0Normal\NormalG0 (465).png,NormalG0 (465).png,2,0,0,True
E:\KNEE_fewshot\external\MedicalExpert-I\3Moderate\ModerateG3 (184).png,ModerateG3 (184).png,2,3,3,True
E:\KNEE_fewshot\external\MedicalExpert-I\4Severe\SevereG4 (196).png,SevereG4 (196).png,1,4,4,True
E:\KNEE_fewshot\external\MedicalExpert-I\0Normal\NormalG0 (472).png,NormalG0 (472).png,1,0,0,True
E:\KNEE_fewshot\external\MedicalExpert-I\1Doubtful\DoubtfulG1 (438).png,DoubtfulG1 (438).png,1,1,1,True
E:\KNEE_fewshot\external\MedicalExpert-I\1Doubtful\DoubtfulG1 (110).png,DoubtfulG1 (110).png,1,1,1,True
E:\KNEE_fewshot\external\MedicalExpert-I\4Severe\SevereG4 (135).png,SevereG4 (135).png,1,4,4,True
E:\KNEE_fewshot\external\MedicalExpert-I\0Normal\NormalG0 (235).png,NormalG0 (235).png,1,0,0,True
E:\KNEE_fewshot\external\MedicalExpert-I\1Doubtful\DoubtfulG1 (115).png,DoubtfulG1 (115).png,1,1,1,True
E:\KNEE_fewshot\external\MedicalExpert-I\1Doubtful\DoubtfulG1 (27).png,DoubtfulG1 (27).png,1,1,1,True
E:\KNEE_fewshot\external\MedicalExpert-I\4Severe\SevereG4 (63).png,SevereG4 (63).png,1,4,4,True
E:\KNEE_fewshot\external\MedicalExpert-I\2Mild\MildG2 (218).png,MildG2 (218).png,1,2,2,True
E:\KNEE_fewshot\external\MedicalExpert-I\3Moderate\ModerateG3 (85).png,ModerateG3 (85).png,1,3,3,True
E:\KNEE_fewshot\external\MedicalExpert-I\2Mild\MildG2 (227).png,MildG2 (227).png,1,2,2,True
E:\KNEE_fewshot\external\MedicalExpert-I\0Normal\NormalG0 (508).png,NormalG0 (508).png,1,0,0,True
E:\KNEE_fewshot\external\MedicalExpert-I\0Normal\NormalG0 (143).png,NormalG0 (143).png,1,0,0,True
E:\KNEE_fewshot\external\MedicalExpert-I\2Mild\MildG2 (165).png,MildG2 (165).png,1,2,2,True
E:\KNEE_fewshot\external\MedicalExpert-I\0Normal\NormalG0 (146).png,NormalG0 (146).png,1,0,0,True
E:\KNEE_fewshot\external\MedicalExpert-I\2Mild\MildG2 (40).png,MildG2 (40).png,1,2,2,True
E:\KNEE_fewshot\external\MedicalExpert-I\2Mild\MildG2 (2).png,MildG2 (2).png,1,2,2,True
E:\KNEE_fewshot\external\MedicalExpert-I\0Normal\NormalG0 (437).png,NormalG0 (437).png,1,0,0,True
E:\KNEE_fewshot\external\MedicalExpert-I\3Moderate\ModerateG3 (112).png,ModerateG3 (112).png,1,3,3,True
